cookie_id,score
ck_315fb710a0e371e7,0.0056037819055459286
ck_a76ee3b3e3e522fd,0.0749671385807601
ck_94c9a4d382689e82,0.015464683156316026
ck_8eaf9509ad9462a0,0.018801885937862913
ck_9a88a5a989cb5bc6,0.008399403795790067
ck_15239ef0689c1a35,0.010479536663259927
ck_8de69cd219d3b87f,0.17941261639568368
ck_f92cd37022b0ce21,0.02190654124766518
ck_1a3ff7620580a514,0.007599937428940178
ck_397c03aa33a57310,0.11943109005006126
ck_a7cf6c3b322f6b7a,0.025753811669413516
ck_c39a9e75760e3201,0.05275138169640245
ck_88ab6d245228c38e,0.006380726269297549
ck_17733f75ebdea93e,0.025306483921608797
ck_58eb871e8d7bed52,0.01973321970061059
ck_e55b7fa67db1ec27,0.019892143064374014
ck_62f5cfe22c952694,0.04254183805637572
ck_7fbb709a0fe95759,0.006270479383747283
ck_87abe9cd066a20fb,0.02756540817028684
ck_d58e058b5c553dd5,0.007088696195351714
ck_d27b872648b71202,0.011929210500008069
ck_4b4a3c5b95c55b43,0.0049191338855064095
ck_66dd4f4b4127256d,0.006437755865929562
ck_93cc12703b500613,0.07103107334796975
ck_d28806a2179092eb,0.9889553320924926
ck_0595c2a0c7881e05,0.03587613149218033
ck_50087d8666191144,0.15280614207976848
ck_b08b3f089138c901,0.009535272894836752
ck_fe3b67041dad2dd1,0.014126725581261636
ck_8449a28f7d475d93,0.03550118733094254
ck_8642e3b6d84f49d3,0.01582888979978206
ck_e49b5e4f2f2e79db,0.7846032463531442
ck_437afe412ea4259c,0.12246344745946108
ck_569b83668d74042d,0.027015738078520757
ck_233a487d31c3e631,0.9800320344533908
ck_1fca72e03143a645,0.6533808342618663
ck_79205e31223df2ad,0.015268271423134198
ck_9625a64406ea16e3,0.03405970642760235
ck_079bd18dacb704a8,0.15313518370158613
ck_4db6d4fd2b49aa81,0.011516804203747172
ck_0dbefdac0a1868fb,0.034146698526804665
ck_24ff97ad90bdd69a,0.05871198516207115
ck_77f8c5042065d506,0.0076116543300259985
ck_f11be8ce05382cec,0.08512990985896468
ck_c9d72140b0389216,0.021067309994531137
ck_69eda24e931fb36a,0.008506930587411567
ck_ed471e496916ee15,0.042543556114143996
ck_ff090498c4b17ac3,0.0035262453104527884
ck_c3c19d6a0720915c,0.005754655849034424
ck_af02e1817cfa40b5,0.36873423638803837
ck_2df5a9fc87553eb1,0.014682778305629376
ck_4ac918e884cff336,0.03976098923154499
ck_ca149244b54ef3ad,0.006794916355369355
ck_6babe5b8674ff51f,0.005079669569105851
ck_1573878386886290,0.009980354076823548
ck_3925f8565abb7fe4,0.024147723444430492
ck_c4de808ae69c771f,0.012261714423365825
ck_a777c813551281fe,0.03305890133559112
ck_df4424f6dd85080d,0.06124879067191359
ck_85e5494ec20383ae,0.024325177087218593
ck_f71a4094e889c3af,0.011235302460396068
ck_f2f3cf9cd23b2809,0.07454105909277774
ck_18e2076397bcc211,0.09606513069188716
ck_c9f9fddef39bc664,0.05832843114238085
ck_7e826e233d6ea028,0.014963437391464324
ck_62fd7eb46bee9210,0.007965645522774435
ck_206f8e3cd72768f3,0.031924106605235744
ck_aa295a11b0a6ab36,0.007636363890717529
ck_9a56739d81f84a53,0.025768237278819703
ck_aa075c418ed9fe5a,0.036947430126673036
ck_62b9fb3db284941b,0.05422387023717419
ck_f4f83b1403ebea46,0.010578695112416374
ck_16b66bd803288bc3,0.3796992916003902
ck_c4ca1434f3778f1d,0.9737081309687112
ck_1b823610371a29c0,0.009372964833674351
ck_c2bd5a722aa637d9,0.021591618055858592
ck_7890208951df34f0,0.027542921230471334
ck_020eb0e454524ecd,0.002672262702730039
ck_3b66196ccf436c35,0.03166852299747183
ck_109fc467ec0a4af5,0.1041125291289152
ck_f3dcd818db92de7b,0.017147903395061496
ck_31e7742f160980ef,0.017734525683474976
ck_77fce5f86f00b8f4,0.14936000432571817
ck_46bc797b4d07d607,0.00937213424282175
ck_37899b1b571b1c6b,0.006044975327217313
ck_ef8a6af43fedd464,0.01678956413735879
ck_bcc8519fe8521038,0.170251974651785
ck_90696b7182dd9129,0.006893673183155459
ck_4a24ad61d017e1ba,0.03280420547217585
ck_0acc3d8c67218b9d,0.09108299893064294
ck_05c97fc9de11aba6,0.040017296977204256
ck_f8ac3a0500c0ec62,0.012898193189149858
ck_617b65141f546a1c,0.03615137724640349
ck_9d00823bf60388d7,0.039673669551967876
ck_123c15d93f1840f2,0.27721452500059707
ck_573feefba6bf78bb,0.027500539926771053
ck_b25657bd16739036,0.007043978550585789
ck_bd26d2bef14a8597,0.011820347210841662
ck_a553418f2fba1440,0.007035113129116588
ck_89f3e380b0686963,0.024304786750028916
ck_b359192aa659bdce,0.006655481781530765
ck_02241f3dc301bebf,0.009208522109188558
ck_5ccc1a1c78cb33ee,0.06025444266772387
ck_349cc5edda1b8853,0.06269026004924234
ck_e9f228845bf6e28b,0.037519502600968
ck_0a45d033d4e280ea,0.02122768300774467
ck_7e63168dda612235,0.00824601541858802
ck_676fa5f6aae5475b,0.1056808306497396
ck_74b502b20690ccfe,0.016063647753819722
ck_073509af21dd7f5f,0.47534719210415866
ck_498a0acd450944d8,0.00894195429362547
ck_7f15b50b29dead01,0.08965369897056114
ck_8089fe7403c5f537,0.011062401722315754
ck_05b2b04e11d9ae9c,0.011595979920821418
ck_31e70f2f04b48b88,0.00744150155564815
ck_994316fa5a02b319,0.007716687336334842
ck_b76510998b9a2260,0.026819191805753505
ck_4db95c310e105d30,0.012876101166755116
ck_6f730b77dc6cdb84,0.24173819391594287
ck_2493ee8e7b91d304,0.05475292417783225
ck_92d679d6ac7dcdcb,0.13226508389075667
ck_3a0e0200cbb185cb,0.43765381980054396
ck_0b2eeb4e00ff7955,0.02411612430618191
ck_9843d0e61c37ebe8,0.9809890156902139
ck_e61c8721e3ef1921,0.006246939732267323
ck_2e0eedaaf2980c2c,0.1371968745726666
ck_9036b2e5e9298a34,0.10335081873644367
ck_3265442528d51728,0.06454844049198605
ck_f2ddae2eb1cb29b4,0.029357440929288083
ck_6cfa71d27fc27f92,0.012979476855834709
ck_f3199fbe84a28b9a,0.025465840991185883
ck_b78d785ca3ef773a,0.011999665408600315
ck_374865697f1480eb,0.01751004412375009
ck_06d0e4a9189302a9,0.04975921682327867
ck_9c9884b9bcaa552e,0.1316991033266275
ck_fd4cf578e87703ff,0.0381028029593832
ck_1917ef3e6e345549,0.09076774893587274
ck_e70418b00cbbbac9,0.04673172946556539
ck_a60388296a47062c,0.0171589367825417
ck_d598fe8d2c779ab9,0.021351124543148768
ck_646dc03de4c31803,0.6974511185935
ck_e4fd8cbd842b6993,0.011645103673633396
ck_2225b555aa2a42ed,0.06471518846200829
ck_6be8ae9d78148882,0.01165901538961732
ck_4199342d3aca74e8,0.034432542641821835
ck_779581adb573261f,0.020986043414059116
ck_bb303568b6915205,0.02416983359964226
ck_17c4296276448afe,0.01878687109461423
ck_a60a61ac829252a0,0.01040793587763391
ck_6ea70950c1cae00b,0.8968362537466292
ck_1abb93f6924645e1,0.02767930480354836
ck_faab769cce19879a,0.10219663431280375
ck_d5b8e74e7ca6355a,0.018451114010838113
ck_f11f7691af16ad07,0.010663463481106675
ck_188fdf2be7c92e9d,0.9893579296069488
ck_4a103f8254b366f7,0.0408004496382947
ck_bfa17a0b1760e616,0.0056143565073189594
ck_a4d7f6a5869d440a,0.9034565931370587
ck_58e20f5a3e7f11b8,0.7962249725280803
ck_4becdd3d2696c7ba,0.005692689687266728
ck_dad5cf32ab9f243f,0.059068269450353615
ck_7d9f73dc7c4f90c3,0.23788655411083523
ck_c19371047a2d011d,0.02482404501888727
ck_247589ff532f7aa8,0.0073189441324547615
ck_7a9f241d5f082567,0.016869358206679945
ck_0a2b7078736b4dda,0.011367417950157839
ck_687b412e2aac7eb6,0.022147579414425824
ck_fce0b6855886a0b8,0.013466431569634072
ck_e291cc60920456d0,0.010098901046659309
ck_04219a7ea798db51,0.02486425708185795
ck_286bfd719836e9f3,0.03907152818989256
ck_55efc92394fee232,0.012545809625875582
ck_e36c8da1bd359960,0.023439429474546775
ck_34b0988a97d96902,0.010434204622171563
ck_e0fb11fc9dcb34e6,0.006815749849579023
ck_bcc9cbc9ed8b7c31,0.011633319364725826
ck_3df8da6f60a89a5b,0.020692641191973338
ck_b1495ee5c59a6b28,0.016915385481693634
ck_58f4c3ac61fda129,0.03325270876758819
ck_735f244b99e3aa8d,0.004719739132694412
ck_6b93bd8abf87b1d6,0.6779365379874536
ck_12107dacc6d05bd1,0.015431444370067264
ck_f96db2a1f3448d1f,0.023982575335542322
ck_8fd91a3c99e19097,0.004751512996322298
ck_910205d25388a0ae,0.008437935003036984
ck_d229dfa0e4442628,0.02122985146980265
ck_7cdec61e1c488798,0.008008172444908111
ck_f66f06e24ff32671,0.019872637692121504
ck_350bf14e90b503f5,0.010415222734074848
ck_61fff5fdaadd394b,0.008452722930882745
ck_e934f984bad2ff91,0.49754048953006136
ck_ff6a6d3547dd2d37,0.024559377674118324
ck_65ad9b15979e3247,0.019430550596195768
ck_bbe1a2ea5a403ad8,0.32886694666190636
ck_6f3a28eecd2c4031,0.014128361784951322
ck_a89b66665714058f,0.0060064582786660565
ck_918c92182b6817cd,0.013290441901114221
ck_64f5eb4be9e7b8fa,0.03261585030866487
ck_d021fd497ea35fb2,0.01765782754458186
ck_004de16f7d8a42ae,0.010342113123662101
ck_a33d2325f86ab12d,0.06779521253849036
ck_89790ff26c844bc6,0.05485449991074013
ck_e6e7257377c37b28,0.02969161780895565
ck_a2cc3910a641a808,0.522664243886473
ck_646e270e0195bf05,0.02238384381752953
ck_baba5d66def0d770,0.053661900497820006
ck_67cdcdda3033842d,0.011042974506130813
ck_b5c3075c811a2216,0.02363269647470457
ck_515379973a8044b8,0.06251274736125843
ck_c0ce85fb4109567d,0.015533688393432964
ck_fef850553862aaca,0.01273042932267431
ck_55d7217b0aff9fa2,0.014387741894108623
ck_8e139f8925ef7968,0.009035212824969416
ck_9e35b908fca1e4d7,0.009679594946952353
ck_59735f4ab2ad3da5,0.027612194578660695
ck_dc569c1167ccec0d,0.46859218404277897
ck_1dade5592f90a15c,0.020315244379416966
ck_793048d11fb8b328,0.1069175479553561
ck_545b71eb4fa594b5,0.02440108009433295
ck_bd30853e9a57b544,0.013025337848299488
ck_59f46321ecf6d306,0.012402206278987936
ck_260cfe9141d249f1,0.11549307361461225
ck_3365a0ad1a8aa83c,0.007756812787532519
ck_b0ef193195a2138b,0.007478032524284702
ck_0f909705e2e60f2f,0.013158322589074857
ck_5a540b75c866166a,0.05505166644228086
ck_87c26b2f41025109,0.9617121341477852
ck_27acc9f320cda104,0.33788480676988575
ck_a27bc31eecd9cb9a,0.0479498162326301
ck_115d86fabde77b65,0.0166543648346539
ck_eeca179341d56f8a,0.7486949413919044
ck_8e5999c436cf037e,0.011813415061621813
ck_510e7c5df1f95d90,0.9819057124912902
ck_f1acf73363925958,0.009688139501555556
ck_3c177f5970b68bd3,0.01588583163355904
ck_9cdfaa1c30cc9d32,0.01322585153536357
ck_c8efa1538b37c359,0.040502564567113375
ck_a8a2e296f9804bd7,0.01907908598404046
ck_91a0ca45f429568d,0.023449386120228916
ck_5fdf8a0bdbd3ed62,0.01369553293534447
ck_0f4e2ec66d50da5f,0.015288131868009664
ck_28c53b214b2ee882,0.13808315257134096
ck_003148504557f720,0.06583974127515925
ck_01d840cffb870615,0.05780465887014474
ck_555848d51f4b5f35,0.008476718022080682
ck_df20cc23b8fb8e22,0.019543128932397555
ck_f9604adde929beff,0.06896662264675667
ck_d66952b03591bdec,0.057344371435884355
ck_ddcac1ab765ff61a,0.06696592298246902
ck_347386629d96c664,0.022282963046155495
ck_ab01db9117acfe3d,0.009135506934056965
ck_58e5359efc52e0ad,0.04287152369380884
ck_1a524b5cc8da71b3,0.03469966969050531
ck_e9287b6d909d731f,0.009555982578789344
ck_bb41a66e3d90263b,0.2068091771365055
ck_e95c8cc1864bd584,0.022206637068021354
ck_7a3f2961e9a8b6dc,0.053826763217299727
ck_378a9df82b1e0bee,0.23836045911814152
ck_42633573639a3f02,0.943016720763003
ck_2a5a4c18c2c7274b,0.025440050747940604
ck_77549c1a41f837c3,0.008861923875450473
ck_a26704b5b26258b7,0.016668998128578503
ck_9874ad160efddf50,0.006470176862374867
ck_9111e3a04b14dfba,0.013084244037759754
ck_651e076ee43aea85,0.041918644828181806
ck_391639c0f13932f3,0.01763706537335407
ck_02dbabda93c8c13d,0.02517800771233461
ck_0adcb1fffcb0a34b,0.026028018036308633
ck_7a43ef9c7b1c67b5,0.016499666418446506
ck_4b9dd69946438d0b,0.011207090931316492
ck_90bf017cdd37b66e,0.031508225315640945
ck_61c74163eb36556e,0.00705760661227809
ck_13376c59b5bd6943,0.006287139719573455
ck_62337eccb1672737,0.018239348018340873
ck_16077934338472bf,0.008795436640604296
ck_0d4dfd93086e7330,0.4251875907821264
ck_3865b7525b910893,0.027261321334927438
ck_7e2ae8b69ebd5675,0.005106309360503809
ck_b4384b6c11766ce7,0.03363916219999826
ck_3d7fa32dfb9fc692,0.054732401352408866
ck_f4a6a7cadd6e0603,0.06372497261174682
ck_212525e2828a6c45,0.12077103976067549
ck_33ad8d53394ba77a,0.20195225950736911
ck_a5051eafe8b51224,0.05246180530545242
ck_f65e5ff7da565f91,0.019835600269452906
ck_5c37f7563fa7591d,0.013943474248512791
ck_f1e0a006068aff29,0.009819247294651001
ck_c646cdead6fb79d0,0.007005373902271853
ck_f8b3cdffef535330,0.19489239233434708
ck_e5cdbe3aa12c97f6,0.017744016893370844
ck_986e4e61440506d0,0.01900530317935804
ck_6da9c5912e15d9a8,0.030925811476849398
ck_51d842e6dae74c71,0.010949218728762342
ck_5fc65c24e0736d5d,0.8184448597051983
ck_babb95a76c69509d,0.0169724876745285
ck_86a2d852a9715432,0.01807082089446216
ck_db4083a0d043def8,0.08632806039950773
ck_96953b8945b7d403,0.009802341226407189
ck_7831ca5c31fb3859,0.07883348948773908
ck_60ac5e5f375daa38,0.017923896138838293
ck_05d44eb1f5f085ce,0.006648743563263915
ck_432cc19c7eeaa46e,0.021579265373169287
ck_7fc513033af061af,0.011477418820332274
ck_ada6ede84c111719,0.018292967155341126
ck_6343e0d3b1c2962b,0.016413303043666127
ck_010264ae04f2e902,0.025806657200296255
ck_e9dcf535f8c289eb,0.052424432340078805
ck_37143d9cc296e6fa,0.021614891437333507
ck_61fa051192f3e810,0.010358033122315279
ck_f9f93d1d41be1468,0.24849828381694936
ck_c4f4f28457be8a74,0.009381011379675229
ck_323a71f9452d21cb,0.6515916798559568
ck_170f4688e0acd875,0.03587925205479513
ck_869b1878d09d230d,0.06784736671511392
ck_2f6b33bf46976229,0.014884539419073733
ck_b11e22e75d9b99de,0.013192439061143132
ck_123d75ffb75b606d,0.09684755022838047
ck_94295287a04c85d2,0.06532631345225431
ck_1b0434f096795328,0.032918785642722714
ck_0a4e191cd0a57ce1,0.034596382606796525
ck_d2fbd0df99634676,0.036065918526674345
ck_d51df5e9fbbbcc94,0.3251843932430739
ck_2d3d7d64a6f443f8,0.0077364003671068216
ck_731943c682c9394e,0.08961986912271273
ck_5ccc0c94e5e1f849,0.01880150693259911
ck_c3476080516db25d,0.012698812665732194
ck_5010ffb1c94187b5,0.008536134130968733
ck_7ef666d67bc70223,0.013074059120584632
ck_c1b493527224a27a,0.01822720217634775
ck_5d1e25d7acc5af9a,0.007155095172263388
ck_ec30b61cbf517db8,0.02840606736879167
ck_79323eb5d2e5efae,0.008202942936716097
ck_4085cd3bf2661518,0.007477072799278731
ck_2ca91214c357c072,0.07523237180422442
ck_7f3132d6be389657,0.03769675054595278
ck_e7a6b925c8f39a85,0.08134935716344247
ck_c886adec7bac250a,0.0202945679799603
ck_c3f360c2d0ea0a37,0.01418520930253337
ck_a7acd5b015823793,0.01486021487972294
ck_9d64187c0800f84e,0.0357761775560623
ck_5d4ed73b9efd7d11,0.01102557044565798
ck_874eca6776b34dec,0.027294670995941288
ck_96a9221a87be93c3,0.01683704593479266
ck_68dd79a51eabf5e6,0.04416945937639084
ck_8311cb6755b2016c,0.01350121431444954
ck_16fc77b2bcf5ec03,0.839809990002576
ck_ad9e2088a33c8c72,0.007944271957737743
ck_7176bbc97b1e42a1,0.015917207520682743
ck_80dfa54b30f65fff,0.7514767819597903
ck_31c54d540b128843,0.13075988411000164
ck_43ea894480567274,0.022874996052562383
ck_9c9e8a38bd5a6c88,0.042036986201285605
ck_1c2dcae19539e148,0.050170398392987134
ck_b0fa8b84e94d8ae0,0.008739754232174986
ck_4ceb43ccd0a81c2f,0.007034942706861179
ck_ba845332b730b596,0.012728799520921902
ck_73d3e8c6077f61e6,0.11020686199120769
ck_b5d0d223ef56473f,0.01621936051422042
ck_949f08f8e80e93ea,0.008535293152670157
ck_73de0b49709e5f8c,0.010817188459847742
ck_b5935e9722a39819,0.0133528416936293
ck_96247fee0eb44420,0.01124782372615586
ck_a6def1e4b2d57e0d,0.017795196966361355
ck_aecdc5a96321a2d8,0.0205066681938801
ck_bc61c59970f8de49,0.017985445246292694
ck_c43b4175fc9ac5bd,0.7351586137825772
ck_8ff7a9b23a55fd62,0.008163801461285689
ck_20c99b645f462449,0.010991508041202734
ck_a5ce2ae36fb410d9,0.012018895406002789
ck_96fb9bf556842bbc,0.007634195177964268
ck_b5e4c6dbbed1b773,0.017737091800650164
ck_2085433978e72ea9,0.08565144715346819
ck_2c6b174b063ec637,0.014678471812500923
ck_b20b81b88dabe28d,0.03874837154521401
ck_243c18dbf150831c,0.013466909015834444
ck_2bb6a17e8eee35cc,0.027174635715518574
ck_66147fb994495396,0.09808743628361616
ck_73f124f075ede0fc,0.043233418670314716
ck_2e315f1b1e533dab,0.03944448186455223
ck_16c7bf94ed3e7a6f,0.008623367308202609
ck_4a0eae220a762ac5,0.027521161575021012
ck_dc16f939c2f44ad8,0.046519681047189315
ck_817926b449754917,0.019505233500511775
ck_0c0dde42ab64ef87,0.007252599344387083
ck_cb3a40594da6a2ee,0.02635097919088593
ck_d0dc156441fcfdcb,0.031143014272335973
ck_66f0945add423e9e,0.06607471839251737
ck_a74f6a3030f5d495,0.019159979432859714
ck_1ae460f331e49ae2,0.018184508132085567
ck_2d177b2f4f0b40c9,0.11685473781354838
ck_92e474e4368c4791,0.017392906297014135
ck_3dee83fa2d109484,0.022907911225263075
ck_80e5ea27848069fe,0.007714533818396396
ck_ed0c4a83701ca230,0.020435111092141325
ck_0b8b7c5c581fd161,0.006781063015067565
ck_60bf8a2870956fb1,0.010130773645589175
ck_73a54b56a2bf35fe,0.4227138491390355
ck_2296d7a563424883,0.017568880381486802
ck_bc19c383560c7477,0.036320199073393
ck_861d8e3d88f1079e,0.015212792079822792
ck_3f090fc96c24eb28,0.02213741581331111
ck_9a6a1f8102febfca,0.03977602090955028
ck_541b6ad5d2fa5a39,0.024234801317409217
ck_a760d38d1bc4de97,0.034931407949532485
ck_7dca4d7ee10b4eeb,0.008484383385407135
ck_15220e78d1545e40,0.014496252668635813
ck_ca24bb0de508efb0,0.026253370681348098
ck_56b389627d8f02c5,0.7300587087676808
ck_48a6754977a44db0,0.08683733570265358
ck_333a43ec339a04cb,0.10184073559596664
ck_f22aacaf86a65d7e,0.040483809145077806
ck_04bd8a1ffaf3ffd8,0.012312507982511777
ck_2737a72de6b700f3,0.019920577131649526
ck_c35e03b0dd0c3454,0.014762989590618355
ck_e0571312f395cd94,0.017012822378797417
ck_09fab6b9825001b2,0.02025876374590487
ck_18c3a095606209e8,0.014278920694010811
ck_2a97db9377d01e36,0.012059299663437904
ck_f29dbbfdd2786bd1,0.015535292386474022
ck_35d6c510ad29362e,0.30336575502498964
ck_5468fa99c945d785,0.018006466870601166
ck_6f8102f62c876cc9,0.039796925270545354
ck_91955aab3424ad16,0.018111412810620127
ck_9a43c0c73a39d759,0.053599822562337834
ck_60b023af6d1e30bf,0.23096643526314659
ck_9704c5cf8659cedc,0.004948520833018475
ck_7e5f02b51b9f78bf,0.03826225393830131
ck_7d3a88d1aa649708,0.853149013551673
ck_8250eddc1ecb07a0,0.03149150694569344
ck_d979ef95ee44023d,0.013438268496026699
ck_5e5461dac83531ac,0.02251730825683134
ck_d1bb8890081e0a31,0.019352888539189785
ck_32246c62640648d9,0.010206456075753705
ck_77a40c7d2f862a32,0.0195398892608274
ck_1c8b94efe9238f5b,0.025267655498094975
ck_eaf3b6d11bc3cb11,0.021772929312119608
ck_a4a7ef3ad799c380,0.25696655757856335
ck_d5bd8f68da073cd8,0.11290547893697468
ck_6e6258227fc8db7f,0.00841766351881723
ck_c35d444e05799db6,0.027747062298269905
ck_74665e1209140ae8,0.17428341735106884
ck_353a272478f7e903,0.017039042138646536
ck_a2c9796ea229a4e2,0.030368948855907244
ck_e0171f91cb3411fe,0.02046252405797027
ck_703499f5410280f7,0.010211007619292263
ck_ae3a763997f8f385,0.02699421755231833
ck_f7ff94c3df5ac874,0.016918591968822064
ck_f3c16d8f747db046,0.010540329716553977
ck_7ef019ed77276496,0.03189610711985978
ck_d6a4faadab58a3de,0.0056234501882451325
ck_ba7b78d31d74c794,0.03918471248227334
ck_36287d063350ce9d,0.023313063995701457
ck_5177fc7137ff26ce,0.012197458269886052
ck_dfd4e79aaa967b63,0.007004779929282212
ck_fb44d15fb93a7157,0.012928587050039521
ck_fca478361870a4ca,0.09795033497895395
ck_e57b94fe57341058,0.021862839774679264
ck_5448c946cc4758fe,0.008872955426864951
ck_c5ece5ffb8800ad4,0.015555534803685416
ck_11cb98211b2ed134,0.43491344849766717
ck_f655399ac75c4450,0.021121651931136
ck_c817259019588d30,0.03187896941086006
ck_8740a14d8096c6e1,0.014890431659741177
ck_0c5ba86f4e05b38d,0.009276097048067514
ck_ccc917533d4b73d4,0.0054908967309555854
ck_9eb80edfa43203de,0.013492129524276131
ck_d1a1cf4cf61d6801,0.022191046643737118
ck_b17c239f160e6017,0.015294226958580476
ck_410c3e13b48e0415,0.04100985369904727
ck_ab553954435e8854,0.4751036793527169
ck_bdbb4230c91e1604,0.01592710530411119
ck_8fd4937eadd64fb6,0.0755354503812094
ck_e0e90b196bef3c11,0.029265715664783268
ck_3dc4d464386f0eb2,0.1733442782521301
ck_51bbbf8f8e8ad005,0.9897783533257969
ck_c05737ab74cf03c6,0.0862330078398292
ck_dceabbe04d99afc2,0.020657227603615706
ck_5b86fd14e85bc9c7,0.5158139890188352
ck_d4febf0083800424,0.19452602622898726
ck_77d9f86dcf251739,0.010721338805565105
ck_b4dcebc543deaafb,0.024444950360559648
ck_cb856e75c949b0cc,0.008502286249226892
ck_61b067de8ffc1ca1,0.028473779335485346
ck_c0e8560ccfd9dd9d,0.006554948106719704
ck_173e1198c341087b,0.005504960285547498
ck_b4d55bc809000276,0.014418070382454861
ck_839bf139296b5cea,0.01133738268098485
ck_78cd402a2a4f2e35,0.01056380923851785
ck_c2925c50ebacbdba,0.009297501288848445
ck_5e3bc76eddbdb0a6,0.018130208759115096
ck_b7793edca26fc512,0.01848617183519221
ck_d79bdf04d6f31cd5,0.028010411675185275
ck_4b97d19ed946f503,0.01180354498920658
ck_37139b41c5370523,0.2719494850778329
ck_8c346eeefa9ce692,0.010867534568092207
ck_2ab7eddee2d8c49e,0.011086582517948565
ck_29da59ea3bffb9d8,0.04405666672467314
ck_c1d05ef0ec6e4be7,0.008948462151052303
ck_3882423b449f6291,0.4008841291593905
ck_5647030283171ed5,0.27097792957976397
ck_efbdcd9c181e72ca,0.009832406770976423
ck_192fdad892782daf,0.22306128009884613
ck_0bf2e13b9f2601ac,0.036939252462390014
ck_3d6046a533057795,0.016343079465910567
ck_279a1d3a3836e5cc,0.07992779566648835
ck_c375e929becde422,0.016100162327883985
ck_a59e90219939a1f0,0.008893537656777493
ck_4e9fba1ec54c3ff8,0.020699067910508948
ck_bcbd8588a13f5eef,0.019924912083918604
ck_5f9a7ff990341bdd,0.015867554149717716
ck_e0403d507519b7d2,0.016326978398967188
ck_c9490cb61aff5112,0.014827056988855319
ck_41dd44308e6a665a,0.07202353570997734
ck_76c23726cd7ca947,0.012785018342884947
ck_9be551300209fa83,0.007728071120720608
ck_a98848eec6c9581e,0.025044673968404534
ck_61176dafb33b2d8a,0.8222296392527582
ck_92de019e05971ce3,0.015369136208091017
ck_5d644224135d7c65,0.007355397515099145
ck_c767fc454fa215d0,0.01694465211545316
ck_5df85a8924e11f27,0.039322788193076635
ck_da2729307af06ed5,0.009571378533959417
ck_7c6b577174af7a78,0.014922570694208999
ck_893b8afbe11301e1,0.00829185630976885
ck_e06f6fed020ae014,0.019070163128080662
ck_386680372fb54857,0.06270115626046338
ck_7a7f3c4fe0c9d2ca,0.04515744323716023
ck_f908b527c4db422d,0.04958302284133747
ck_ec2eee6a133e9a6f,0.05414867405644843
ck_d98934f9fe0b02b3,0.020399641471837586
ck_398a1ed77b0130e5,0.007014197132891146
ck_d960af7a55b892b1,0.021080395826412107
ck_4637e54a9f79e2e7,0.03443289740616045
ck_02b9f418524f6650,0.015722679183102304
ck_d4b23804cebb045d,0.00777997620162695
ck_35b1939c48182a9a,0.012727016929258633
ck_2dcbb71e39d64305,0.012349131210185698
ck_47a884dec960ff2d,0.1331323290807963
ck_71fd8c346fde5cca,0.04111844649597489
ck_98e1992ac8e7d2de,0.04531567926569047
ck_ae7780327e210522,0.012312937248126935
ck_e6c584b4b1ad6d9d,0.009225057341028277
ck_344b2e326a6c3dcc,0.05953216018320132
ck_9aa899a5230b0963,0.028893651827330395
ck_e48d14d5b70ef5aa,0.013721285058035819
ck_59d380a0973b3951,0.01842219121636831
ck_11318f7c041a5ba9,0.007298337955113379
ck_7061786fe2f22f5a,0.01659212120492816
ck_e77529651c416cf7,0.009262186828133746
ck_7f79878197340435,0.006577986332186061
ck_b0a0fb0ee9ebf106,0.027272506119080657
ck_70c7679199776a90,0.012484066104316405
ck_b9facd2210daca5c,0.03397623519476638
ck_9949f53c155b8dde,0.021004402544086042
ck_1c607e24f2c4397a,0.012208418866991859
ck_aefd1ce3ce093cbd,0.009109803472233724
ck_5a29b7018e43280c,0.010778337402025426
ck_69eb0b2ccfbe5f95,0.007925551089727426
ck_fe037765aa465c58,0.00968390192367332
ck_5e512ef5362a3dd6,0.01329538160036103
ck_544a9e80b7fdc279,0.02463524436884714
ck_7825494e654d5695,0.007915987562327755
ck_f1f2c3c623553f0d,0.006811329811786682
ck_52730906e5b461eb,0.7934462437370337
ck_01e0689157fe9617,0.04526443930222601
ck_9da82e567074da9d,0.01489238937189519
ck_6a17384072f904c0,0.009915976820616438
ck_8d84d771a21942a7,0.0075761415297650615
ck_39638880292782a7,0.031358142792995806
ck_7d51c86e0eec72ac,0.011911074956569023
ck_45f4c821c70d134f,0.6825461885368477
ck_0af3c13ba56ce57c,0.013727142293593165
ck_0789a05e061b2784,0.6752451388303039
ck_6ba091eb42ffa9fb,0.1850419797986413
ck_265accb3c5c32620,0.048922067783881265
ck_179039559ff7566c,0.023179516227797854
ck_17c0a6a92b5765cf,0.009681258794690579
ck_59371c9140239fd7,0.008144077029109215
ck_f9c4f8b4ce2691f0,0.021514796733475436
ck_a2637e4872cf4811,0.2557713144840056
ck_1de43fd6c6c22a5f,0.038247817561518224
ck_6e4f31bd108571f0,0.009954157832201018
ck_da06d97db0b18851,0.009242721224793558
ck_e0346d5081e640e8,0.05274430349059752
ck_c1c7d4e62c9fcded,0.061399846298311855
ck_2595669e421299f6,0.013199671261689454
ck_3b6057d51fd4c7d6,0.012717465079897232
ck_c5f8ab515840a0fe,0.010713472828789067
ck_435cb24538c6f77c,0.021875149097487903
ck_d84b5403da4cea7b,0.016445505471257445
ck_c2b61a98d1c8f6dd,0.19584769248972037
ck_c9dcd92b2f836b61,0.09169626392859881
ck_9eb5b3f5f672c2b1,0.010085047020175146
ck_e4cf189a8d31649a,0.010726145459974789
ck_6b114f2a48152b96,0.01787132207278965
ck_3fb95862b70f505c,0.022937079712945292
ck_7f780f465c29398e,0.013382594728652115
ck_ee387f9da79e67ea,0.013056704917272836
ck_fa3b1e85d27af2ee,0.026700961931053493
ck_e739eaaa7a1822f2,0.015801552162819102
ck_dfa0ac11fcb1dabd,0.022216515432476228
ck_6e8751b571ea54d1,0.01641713194267707
ck_2d695f8358383092,0.020289529354857904
ck_e7dce27edb700f27,0.014827686954635905
ck_e322da8b213eab52,0.007022435980954046
ck_d0b32e039abb8200,0.013883617658992181
ck_b354003302b272ca,0.010086653794112867
ck_f7485cba392bc294,0.24722695311782295
ck_d6a290ff8362c7b9,0.029278355669244173
ck_c56a44fe315c0389,0.009245971041604033
ck_f77dfe6512eae322,0.009041665641492882
ck_35fe969c58b9e70b,0.015755111915720613
ck_4c518637db2322d5,0.04114242844550216
ck_cb61902798ecc4fd,0.054903751041227876
ck_56e6cfa32156a916,0.010276351626750974
ck_343e6ed2b9d35c01,0.01640595440633144
ck_51440f64f7250ad7,0.01734979153694316
ck_295bca29c34cfe2e,0.017395418276580414
ck_dd30558576b45e7b,0.015787698222667193
ck_3a30132a57181fe3,0.021677039336761586
ck_4a733aeb833406f4,0.01141954162070157
ck_1b0b7c3d35ab1259,0.044137264811148685
ck_962c3bbf27cd4b80,0.02569030034618302
ck_9528e1d6b1707870,0.008126362283516953
ck_b3263e7f31aab45f,0.018197592490016117
ck_e69195a3c885053d,0.012192480218012242
ck_a907fa8795cd4baf,0.006312659855704145
ck_205c3405045bd835,0.013253156280285248
ck_e81fc223bed3c46a,0.04619724800759297
ck_363751deae40edfb,0.07094896094667297
ck_6176baea8cbebbb6,0.028913211969280414
ck_633e6579f5c74a5c,0.49591586692326817
ck_ddc11fc481eef58d,0.01229264165835652
ck_e975002c979e12c7,0.03175064223832109
ck_8e039b23acaaac00,0.040260555598017465
ck_1d6990d94a4d2ad6,0.013653183803423688
ck_e7b583acaa3171a2,0.07716244562513683
ck_c0133f60d39b2fb5,0.011015174216329797
ck_7d6bff85e7a694bc,0.01628584740267245
ck_d305b4d82f63f647,0.02946828552624111
ck_22bd0fc71f95e048,0.018767362779926064
ck_9a65fcfc7916f93f,0.009450727206155158
ck_d61c837b0106085a,0.018036414888148864
ck_be86a1db08dea456,0.02583452305360428
ck_90489c405e6886d8,0.02375907159854223
ck_0add2c321d579d75,0.03599670373554522
ck_482dea6eed92cbbc,0.007314295920034636
ck_c24b47184534cc2c,0.9561892598871125
ck_fa04ac31e596e7d6,0.014429531762968314
ck_084322dc5a3a86f0,0.011311793787361971
ck_ccb72a33cc1877b7,0.02202827537780198
ck_afaf374009d3b248,0.009206690989318037
ck_b53084ffede19a8e,0.004220356560563285
ck_4760216154c8cac2,0.08120143853075756
ck_37ad3a65db673e70,0.04008825265406063
ck_0c2932cc0d553694,0.015170589499064824
ck_86b853c52f20fef5,0.01147334920032527
ck_38703b7546d35a80,0.008833950954206955
ck_218b7e6e6dbd2da0,0.01147575571344085
ck_402db4184982fdf5,0.02242709449144395
ck_f917c82af80e4a79,0.04515042350011923
ck_3c6417a233c68c73,0.028084370732447402
ck_98068c397d70dd3a,0.043671752986801204
ck_b1cbd6679c0f8d95,0.010680508791172737
ck_9e962f9bb0e7bac2,0.015314595326452764
ck_b08247c3ad567d92,0.20688803749132878
ck_3ef7a03ebb81cfe3,0.012220990535289555
ck_5d7ae0e3562e99bf,0.04541781276594205
ck_c91a628236baf91b,0.16645068998417548
ck_7f8e816ca51755e3,0.10773045843358972
ck_5aadd286d188f5c3,0.007013617393175131
ck_a037aff5f8128c73,0.004911113639318953
ck_5df6529ce8290906,0.006733896187753963
ck_5f3609511443e5a8,0.05511951025480421
ck_a6f61864fac3c8fb,0.007355419792856555
ck_2733fc6ba23ae46e,0.021419576464227437
ck_22bfb9246646eb41,0.18377109471870642
ck_bfc2a57d8fd1610c,0.2010817600915581
ck_49839e761d0e74e9,0.009866352976462768
ck_aa4ba931dd37481d,0.06673461371133618
ck_2f9fa0d61829f815,0.011034273845258853
ck_5b82c774df10d49b,0.01157780399610437
ck_411219470d0a195c,0.014345107264397031
ck_d07485ba10514a2d,0.33309623869151367
ck_219bef979ee21bdf,0.015049524252396446
ck_eb1006e7285184a6,0.011219494376953496
ck_fd242b18575e3063,0.05337075487187182
ck_95188150ff059c70,0.07687327558481949
ck_a9ca2f447b984a6a,0.011610714889624722
ck_2dd39723c4088b64,0.0058811303579484765
ck_aa2b4c662ff213b6,0.023898472712157302
ck_1867b1199c864db5,0.05075306994729144
ck_850ec97a5a0dab9a,0.2296113337517723
ck_562320295fa35875,0.02641961058615564
ck_bab5759b07fe2bea,0.007122130727193709
ck_b9f1465d803e57b2,0.0899671814138813
ck_8f21f2690c32c691,0.02403052027381729
ck_df87d6f61a63eb21,0.03349735616330059
ck_770475876d0e7e6a,0.0651336840746064
ck_b4c014d5c0cc9eb2,0.04808610707518771
ck_3add4d23124c9290,0.017442617524350827
ck_bce5b7fecfb6264d,0.022850893992226888
ck_604c17cb97dc89be,0.02416502315189656
ck_e52cbcd9aafd26b2,0.007672274298656664
ck_0ac9114076f5bf3d,0.008913355605705102
ck_dcc125b178b79566,0.0047409872124347455
ck_4e333c09f0c37dee,0.13161683768972895
ck_ff7e31ff8ba731e5,0.006921441446521107
ck_8d0532d24f1070d1,0.008628371723055233
ck_3689fa41748a6f6b,0.09576346200557287
ck_7509eb97c1948b16,0.02013065430698873
ck_a9161cf1ca22a6bf,0.01315644938631287
ck_bed3e3db135b782e,0.12415239300923128
ck_9040edd974ef8e3f,0.6039608709491973
ck_fac32d76ed40f683,0.009440967930184552
ck_3d7b1078e2d57c69,0.005557162200332466
ck_dae09c4e074af5dd,0.2773062284571476
ck_fd84507228467b40,0.05817174327856896
ck_e2a2ce9b8cf44c63,0.013945221296448021
ck_cbe716f351d660d4,0.011967040597451656
ck_cba4162ef29a6d27,0.009974448611223052
ck_4f1e962ff8a29732,0.01418463576902514
ck_39a81899dded61e4,0.014977504148237682
ck_25382331551d22a5,0.03010843219871636
ck_6d64e1c07b19856e,0.015770419302632566
ck_165a868bdef28ad3,0.00975898616674486
ck_88774ae52e30e877,0.010028339548863304
ck_fc7a9d0643570053,0.010747980702286997
ck_c2017120b3b88a46,0.0810732358277315
ck_d115ac6b9fd62a7e,0.01049190838363116
ck_439cf7d51ec7de0f,0.01623573143412225
ck_2468a7e9e68a0927,0.013724712875675225
ck_7c418947124dee8f,0.0654041991809854
ck_fb0cf32c4a56f740,0.03423609283160439
ck_694eb6c43193afd4,0.03766594715254795
ck_993beb188dd4abb6,0.06908704501049279
ck_77fa39d3b733c226,0.03153004174292642
ck_49969a9abc47cb69,0.01735247439071553
ck_d3f44bbe2f7e9b2d,0.018024514065834135
ck_fcf5b8216d0c18ef,0.00876983346318692
ck_daefe1e2d2bc362d,0.011407102665049367
ck_9c9287cb28950eb6,0.04845827206108358
ck_c1d1a625b885a975,0.01765140269160506
ck_71b37fe47490b4ba,0.00881884838755066
ck_5d16e257c0635f7e,0.41071540602212
ck_15918075563eb074,0.008524824001193082
ck_9a15fdefc47e8d11,0.026979369061535266
ck_6f04d047d1dde75e,0.005961850135597853
ck_1af2c0b3b8d202c1,0.008771820971265963
ck_174be2231c5fd2b6,0.018735593782072596
ck_bb0713a2a1d65982,0.018417296340363494
ck_0daec63bd5b0729d,0.022850152931606367
ck_c0b5cc3e8ad2ff44,0.05607480322955158
ck_35bee1fc12664644,0.05437769698182693
ck_a1c7cf63467df4c2,0.011111964622532833
ck_ecb1e15f0b185ceb,0.06190376070616512
ck_f280d31f54a4710a,0.010668894063445119
ck_30f4b2ee8abe1342,0.17405973653911624
ck_66bed631354de5b7,0.005611912631829515
ck_c2d3ecd7278eba2c,0.008515205924679178
ck_e901dec0e09eccbb,0.011500949821881093
ck_5d038ecb3c8748a3,0.01223747679693467
ck_283c5bea94b21e80,0.007376659586895935
ck_7956c251b85f009e,0.2187193785834261
ck_9f5f81d771146aa1,0.004534827806218104
ck_9323e6fc1e168eda,0.2085222683734987
ck_10495d3a635b8d69,0.018695597866417904
ck_1982d571cd36eb0c,0.01576197492323384
ck_4f5d7985bcc2eda4,0.02239159281872095
ck_7df526b2b4410bb4,0.00827481789461318
ck_dbb498b1a346a402,0.013645000080608718
ck_ef059997563e3330,0.007135536959599608
ck_02ec4e06709e6b82,0.04644564924401625
ck_9782c86ba6485f88,0.012953553678373707
ck_d69de468b44143ca,0.01096546720968296
ck_6430a8792f400e0a,0.013247307159512911
ck_8285bd3c90af94f6,0.025850442571197774
ck_985c9ca112000e9a,0.03678293637975219
ck_e679fbf4f4f4aa07,0.025229063951712295
ck_016e8c8eaf9d511b,0.030742349713625924
ck_bc996c523944644b,0.01245832270250663
ck_5b8315726f6204e0,0.017541356724692467
ck_78181f8e998e442f,0.020548447779496756
ck_71c68dfd011dbbbe,0.9076722681641103
ck_db32c95ce2b6f502,0.7893219158592941
ck_755010362a9b1bc4,0.004304674804022473
ck_114141d85256c9ff,0.006098312156898411
ck_9d1a5cf5a3b87e48,0.01104669741777903
ck_ab640420858ab5c4,0.12848460582113513
ck_97a8dac48dd62488,0.3877657709915742
ck_879cc3166fe1bada,0.0312778125755863
ck_b0ed11080076e381,0.019993894608065235
ck_7334a9ec656263b2,0.053228462706595606
ck_6494f0ef13ce44d9,0.01837591704614539
ck_724e459b9ece38f4,0.05970492271351529
ck_7fd8b1470401695f,0.6585252684764378
ck_292f81186358b0fa,0.01572618664471566
ck_fa7de64d37287615,0.028724177896284918
ck_d00e09e66ed6458b,0.08689166504788852
ck_b8d210e741be186e,0.004856442432807758
ck_3db59982cbae4410,0.07940147883756062
ck_69887d0a9aaca6df,0.005110611983619384
ck_4feb21e2fb0b3977,0.00699522919760253
ck_08c6cc1e143475e3,0.009569262279536328
ck_fe6e168cdbb46b9a,0.019023838272809405
ck_07f1734be7fac56a,0.013957494843800645
ck_d66d59981307db93,0.033057483504004184
ck_f928dba0d587d7c1,0.007658703435499285
ck_786448fe3004cbd0,0.005333323242643114
ck_29ea329fa40ace62,0.014713026708050386
ck_7ea52b6f27edcb73,0.07657493278640375
ck_18bc51bbf3ef198e,0.019156067963499272
ck_44950df09ff14ded,0.012349871947377328
ck_c1466b52c0a10b93,0.035258071659876225
ck_6cdac067cc4db5c5,0.06384093583840214
ck_53f55c6e8cf2d432,0.01028382133829704
ck_95945f48453ca532,0.0156819917730353
ck_87cce4126e215153,0.01098788483681798
ck_1ecd5516c92caa4f,0.006071809509632218
ck_819b482bca14c068,0.08584075426178742
ck_a61a879dd46fc9f2,0.007983559169490654
ck_af70aa32c009c3c9,0.008896836948084833
ck_f4fe78e249092ab1,0.013690876740955798
ck_12c46bc52bf45b36,0.014260083495682717
ck_f05f5e4b40afa52f,0.06761641128482643
ck_0f8cb09d3f4fc980,0.05849131308043602
ck_80a64a7f0275a71d,0.011833452242687737
ck_683af7b1540a0b22,0.029132840037465104
ck_51fe0b613c076cbe,0.02601181150552601
ck_da1a2450219dcf19,0.04856455457632389
ck_2a7eba01ceba6c2c,0.03248100533030503
ck_4e329e29dfa743ea,0.27145706085285176
ck_0274d881d6db82c8,0.015138400003486329
ck_0af5b7d128035b35,0.012813904734254061
ck_ae0a7be6b0a0ea68,0.04252417529785981
ck_de5bb7a4d091386d,0.4839454272634115
ck_2bb7c17168a9d17d,0.12336854573458278
ck_0ffdff7b2f5fdfe4,0.026598384161065407
ck_718a8390b3d42d7d,0.007540440290481027
ck_7c4f12d70f184533,0.011761233586667537
ck_d3e2c26b8adff099,0.010792642690246688
ck_ac9d3d9754104cf0,0.021135275124980694
ck_3b1766a1d51f8f0e,0.10250392041019778
ck_a9bf75bea912027b,0.021901669641812414
ck_687eab3ffe1f8cfa,0.04683038467601295
ck_25dd0b02af5b2f37,0.015295294757171264
ck_1747fcc466f0ae38,0.0113727043673891
ck_f6e9d14dfb6f3c28,0.014345742116389368
ck_c6a7bbd0adc4d5f3,0.04126745755703495
ck_46656a23f4456d22,0.43438975319329753
ck_7519260415c2998e,0.019580775973219097
ck_754f30ea19df857c,0.016038119334718548
ck_ba88a244d5f7380f,0.012656381923794823
ck_f268416945316815,0.010105577368975287
ck_21860dd2159dff28,0.04243816488182024
ck_7a86ef4e2beaec38,0.01682784507306479
ck_0414507baeea936a,0.0203371660764452
ck_60796eb60fc3043e,0.024093848062275866
ck_1e0841ed17fe0562,0.011607053858386222
ck_0d641d32658d6e0f,0.04411904962611513
ck_b36086ae6d87eec1,0.008478731388021743
ck_962e65ab33b5c311,0.695199778357185
ck_b046a42684468e63,0.02222711616520106
ck_ab3426435b0017d6,0.027466029026689064
ck_fcfe06e44d09a344,0.030846855376184385
ck_0f6d916c92189516,0.014153382657488648
ck_d4c8f0d957c3965d,0.017300163338235093
ck_2ca83dbd728af019,0.0060205136821330305
ck_2857a4ce9f72fbfa,0.03126932942800884
ck_a60e6edc48e3d0ac,0.422130679094612
ck_0cbd3b27063d4415,0.22031380811298734
ck_612089ec90c37219,0.022833389000718025
ck_ec4e597f17f473c6,0.0063081555750709485
ck_1c93cc58f314bf71,0.014697146159427231
ck_2b359a979520276e,0.04208374534830375
ck_1496568ddc3b2d56,0.014540906410704225
ck_41d91dc9f5063566,0.028489124919457764
ck_4c5ff58afe3d7a67,0.012402160597637865
ck_81709736281fa3eb,0.012043302449988646
ck_d89abbab3d4957aa,0.009535176582066698
ck_52453401f88935da,0.013323556478854675
ck_a477654d34783e06,0.015988865014886673
ck_72dd0dbdf808cb00,0.026589411322139392
ck_c183dff3781746cb,0.01616351430079979
ck_c8b7f241810b45e5,0.015921879475372904
ck_f88028c3f306bc70,0.019796351352262508
ck_91d48d69e4f5d9c2,0.0045866029673166005
ck_b74b9ba6d7c9aab7,0.09807637018502711
ck_03e904682dc73bba,0.02486113165771372
ck_fc6fed6ea96a004a,0.005013095661879793
ck_51efdd240e34c642,0.028363055306740166
ck_e78ab4ff52b5fd2d,0.006721061209482597
ck_4af7b97c24d89a45,0.024558623481449052
ck_295c0072eca7f7a2,0.007617936029318243
ck_8abd1a50a9227463,0.04431771032904108
ck_ecaa6f13304e3dc5,0.018279188704638
ck_de436e7b319be1fa,0.9886466020040414
ck_c802cf8f61466027,0.011841232577428048
ck_3d83e0a3c1cfbf8b,0.022914232317311913
ck_28d2003c2d16e4b6,0.007114120871859802
ck_8ddaf745bbb9cd62,0.004694188342959786
ck_493b6256091014cd,0.024436233107798893
ck_a2245822cfea997d,0.015009870216446595
ck_f7305b3c64cf8a03,0.02177596204294848
ck_9937dad93a0ed3c1,0.040373243484407254
ck_d654449f9231ad76,0.004832622195680406
ck_850e2b59bc535490,0.013428423287993674
ck_e55e5bdfc0242aef,0.06461172373731414
ck_d35c51e981b98c5c,0.02368413240621465
ck_27cdf9c5e6f0915b,0.010932487284383029
ck_d328db1e1052d820,0.014527591113024946
ck_0ea30eff5f361cba,0.03892629600731639
ck_9994323f97109f4b,0.9755984563466416
ck_09054e97bdf9624e,0.010396385215471607
ck_723b4afc388113c8,0.034299092664833934
ck_588f6e6a6a6d93e8,0.020513490832122318
ck_e1d563fab4d6116a,0.028684947454113846
ck_53aca610e20598bc,0.01449622329052654
ck_c8131ddc7ed33448,0.011497894711452118
ck_899f88464305824a,0.022006550453444032
ck_1c17c65804f8889e,0.010280065361793825
ck_45a16ce12893cf9b,0.019599651732556622
ck_f9d481aa4f9b2808,0.8056968606147122
ck_1d5d74169cf892ef,0.028129482542953624
ck_aba32acb61c1aaca,0.0693803141034336
ck_ec4dd3675a8d28cc,0.012729479993514998
ck_5dcd443fe0bbdeac,0.012875577804067055
ck_3a47e3f54475e854,0.007840555001410487
ck_a9aa5c344c315532,0.010362424817054516
ck_9652283c9f61fcec,0.007347579015113705
ck_752dd3d2487f78ea,0.012004227551155561
ck_a821980ac4db9943,0.49045409185979727
ck_93e0d6befb67f7a1,0.02081200743043883
ck_e7a3881c3e36bd51,0.08370404893595676
ck_12631b78f8a03df2,0.010088942450419127
ck_57b8226610b48854,0.05990747879113287
ck_352657008983fd4b,0.014303791795880103
ck_0841a5c24fd3dd28,0.008579062477734996
ck_db9b9d5d30f74070,0.2550306237798456
ck_a9dded7f6294e44f,0.08758243831765963
ck_91a16336ce3217dc,0.023961869163094302
ck_371bd9388b287677,0.005593240623283869
ck_f285e5e1912a7c62,0.01777169383355623
ck_368b65fca69fc415,0.027067558608743998
ck_d27a73596b6500c2,0.015516451237311974
ck_2d963f9b2c4d11e1,0.01845273455928024
ck_7c500e219af39486,0.07526204739960214
ck_7d025dea5951cba7,0.013627904096494654
ck_32f632706608859e,0.010902113620579315
ck_53816231f3ffb48d,0.0408821655256755
ck_9dbe184e81c1ca8d,0.02216347185187891
ck_d74123617f22a21e,0.058765073952470576
ck_275386782b1606f8,0.0023814580391470063
ck_0b0e79d33e50cba5,0.018641832252386754
ck_ba93cb604f792915,0.01661698302744912
ck_a86cd653472eccbc,0.0069388999984881725
ck_87771861e0447210,0.20394540537903055
ck_212380e0371d8a6d,0.02038973902441576
ck_ef0d702d7b0ed745,0.009880860777429615
ck_2b8f33e22f939372,0.20900462385478596
ck_480347ad92037105,0.008491728250420744
ck_20124c3a16c53ce4,0.02362407207628072
ck_c9e1e3229baae708,0.013395685404814457
ck_b1befe967f7a5ebf,0.0381903923099015
ck_4672167d7c989bbf,0.03139582401340574
ck_f0c44ee5e3a42e3d,0.039208526357317905
ck_c416357d20238a4e,0.027436611015141263
ck_d0f470f8078c91df,0.016854843285623766
ck_3a70b4ee59084715,0.04388188191087408
ck_179ed66cdfc1ce27,0.03207048913190107
ck_387e5a7f163c7837,0.040091037019867284
ck_08fb463e69f647c8,0.9703973975497022
ck_732f725747393ec8,0.028830842911201464
ck_7cc5e0fa3ca5a713,0.019717210201635492
ck_ad4a4daa826ac68b,0.007513835803450825
ck_472e0be7a3b533bb,0.010891941873814323
ck_7190177963eafdd9,0.01952051385443305
ck_647ac26c5900f082,0.015252399748189704
ck_272ae2179bbd8e58,0.01011322411612664
ck_09b0d8af304646bd,0.006726713410101103
ck_ca0cc8ea9f344408,0.03501455335104743
ck_332ad134fb909869,0.010065802540849596
ck_fca2798914627dc8,0.0953385048123155
ck_4450b55f462ae134,0.0029614321044918266
ck_d67d9dfb60b286b9,0.014363621000383
ck_a9d2bb4f2bde7052,0.008829517876253669
ck_929bcae878a3ecb3,0.06583215551871946
ck_59a9e000fa275e1f,0.03274405951384115
ck_57f17254e2688637,0.03145485423138139
ck_0508908697f60ce3,0.02905156125824035
ck_946afc2943298d26,0.0031806409984594247
ck_7176d12b18f2cc0e,0.00958298155223787
ck_5c47b49c26cce286,0.01258476294649392
ck_b6a2bdb2d335e1d0,0.9862848829970073
ck_1d58f6caaa4d012c,0.01350435582226802
ck_71c917295020ccc7,0.016307569476832175
ck_bc89644ae3688995,0.00875138977817641
ck_e7c212f16d6df272,0.016504596003698645
ck_c6d2e11a368184e6,0.010090043312339004
ck_eed7f1f7548df15b,0.0866999956896026
ck_75b69034000ca7bb,0.023269690658501915
ck_38da3bf629458682,0.014863920585190548
ck_90114c891239d821,0.015290365671230276
ck_8ee08f6777cc155b,0.015190376984812423
ck_bd86132499defcd0,0.004728242231895184
ck_b95fbf2b5640aa82,0.010912179635745001
ck_c530235393360e3b,0.017108854210857338
ck_be52a7ec43241ba4,0.027152538993172326
ck_d96eb3cc55f2772f,0.016672193493632588
ck_dd34f0a844fb115d,0.14951242399390455
ck_17cc7b411f448e66,0.022718838533151216
ck_856ea65fa27d06dd,0.0368380927469504
ck_056d5f0301c30902,0.1341681281798547
ck_e662b14b2bab23a2,0.04889730948742438
ck_209f574c8d92274e,0.016059710534550638
ck_62720b81617896cc,0.04826306326309075
ck_041614694b77e599,0.009748734199016515
ck_461e3f7b97db8d16,0.0468695094442569
ck_1b74b798eebeabdc,0.01438732920124099
ck_0ed2739384f1d644,0.005664932559165533
ck_5a4d19f1b83feeb8,0.009466984716527885
ck_463937167965a1f8,0.016416800207908505
ck_9d7151dbdf100e0e,0.01682822065723413
ck_20a7d1ce6cc27312,0.006691250171279206
ck_6031211ff118cf0f,0.006428410591847997
ck_a6fc92aa91e99b77,0.7254676289537683
ck_0aaaa9d2f75a0518,0.1507973973330165
ck_ec26e327cc1848b2,0.007628543105263785
ck_0e6bebf8ae9b9b03,0.014044282496122232
ck_e107537a4cb738f4,0.020871884317842034
ck_e8ea56e122a5a487,0.03797757063568304
ck_98149ed45d38c4d3,0.06368397029529049
ck_0e719b3a6906b8f1,0.007959110034568156
ck_0c6e7bd357e4a348,0.019629363239132114
ck_d3b2b250da61db19,0.8730088501594654
ck_8bb6b0a292754576,0.16760108226651485
ck_87d70f5fe48a6128,0.05934681989200198
ck_ea9edf9c107d429f,0.02567904098277099
ck_059806c52cebe4f1,0.2093444143738386
ck_a72d6df666e1c21c,0.027500484033714332
ck_1d2b80ab6c4944b9,0.012227887629916105
ck_60557f077abc42ca,0.22012199946592184
ck_e5f5cb7dd6ce4a37,0.02107477853847326
ck_4c4a939154446053,0.015180891982591243
ck_50ede3eb561a202c,0.014303372022037856
ck_6d03a542922b2ae8,0.015862988031904047
ck_d6fe761ed0db3270,0.022138264069690106
ck_7f0cd6ea3096f985,0.044369022061853794
ck_23edb6d938a3b87b,0.03813993411967096
ck_799aaf9f2b9ef621,0.013987683261659452
ck_f8f6a03613b6dda8,0.011535722155158648
ck_7cffb189f4f514ec,0.964577749174854
ck_c081e1967dcd811f,0.04816742116407708
ck_583d6ca78c97d91e,0.2001695574743771
ck_9332bbc7125219a7,0.009370587483385585
ck_956b5af6d7d86c65,0.7003916352223627
ck_2d634e3f24681c0f,0.029117987786080088
ck_7b35d218ed0c5a60,0.013520051313820688
ck_ca5b1057f8248f73,0.011050784130648882
ck_ec5ea81cf813597c,0.012209159734472364
ck_eaebaf4d28400fb8,0.012549854698547525
ck_ae2ab6be219219aa,0.0056164886672982915
ck_d99a8b4c820eb46b,0.034047734778842785
ck_bcfb7ffb7cd428bd,0.019485679158287354
ck_3dd542c2d31be2c0,0.0117679985580778
ck_c7dd84401e29a7fc,0.028772701595487338
ck_c4bcc7cefd40f8e2,0.008891506454571284
ck_c251898b5d51e3b0,0.01538264772712901
ck_36d37be780c1291c,0.00690653642254074
ck_99b4f266b61ae7ee,0.017306518968957185
ck_c37f03995f0f0169,0.015473540051049069
ck_65a23ac8e44eb901,0.03690771856586701
ck_644b1c1149eea9e0,0.017421634752484334
ck_9cf44eb0237c2429,0.028735620510365326
ck_20541686a94fb71c,0.02125010389612949
ck_c18245be844680f3,0.08867116881333018
ck_56de216eda6b7fa6,0.006067055398682013
ck_406c4442dee45cd1,0.009114132331764757
ck_df1585c7d72a96e0,0.02146284954786023
ck_b8e8dba20676d87b,0.017017254009430424
ck_0ee6965e68efc177,0.029659553252894745
ck_c2a5c54ad8d0d297,0.018865769165538504
ck_bf6fb7e6470e95cb,0.011136235102735542
ck_27fa694569140345,0.0077633617155359776
ck_e04166b0ce66393a,0.009502344057514172
ck_8742114f4f0cb22c,0.12855325219966834
ck_6eceeafd56b42576,0.46168995422119513
ck_34f9951b0eca1965,0.018240174395370658
ck_384ccecd342a24ad,0.040305910019684935
ck_49c98bebd1338879,0.018183278167172502
ck_6c26c12071c91ff6,0.05800765419827655
ck_01e5986ebb9a78f1,0.028963877976560137
ck_121db7ba3be29ee8,0.018085893470590475
ck_039e6d5a330cea1a,0.13391651044833577
ck_ae8c9163cf957d7e,0.01098250741757055
ck_3f5e8f3f1df0c8c7,0.03247336506567328
ck_b1c51fdafcd80122,0.029236039846473494
ck_12e2b5ebfe8986b2,0.005564361632087959
ck_d55eb81a4d543c59,0.018893937526401745
ck_f85155ca5c312c7b,0.02174251061574325
ck_133d8a1ac7c0e301,0.9309942989815956
ck_04212a9bb9b28696,0.9893269352911477
ck_4cc11c7d3ca61f73,0.03367311428538179
ck_2df4854186ec515b,0.010528598898520394
ck_aa9b28e7fc43af79,0.06045573001111851
ck_47cad6c3def4c9e4,0.012708730488599544
ck_fbff7b5da8111567,0.004818767342498191
ck_bd25ea782e375b22,0.030907181081679246
ck_7989376f8cf64a9d,0.012546851649098162
ck_675c0ca1ebb1051c,0.007907357922907856
ck_1436f6e11d4008f9,0.02970234532179665
ck_812cb3a4482cc618,0.026661968341363328
ck_6e606f73a1094afd,0.00977236174555397
ck_1b708e2a4a0584dd,0.036877832562072846
ck_a60d6b324bae0330,0.019483756559641394
ck_706a4f673a9fda3b,0.16780641199767346
ck_a75ece9a9044eed0,0.013454895789708104
ck_9aa45c4e03c8c57a,0.019243151425640093
ck_9fe9bdce982b312c,0.04315593076343247
ck_c6fbdc5ba68a8466,0.011895992149697587
ck_ed0cc1b1c28f9511,0.03352376599570872
ck_a4e2607b4c8021e8,0.00937161605969413
ck_e02f93f51cc8caf3,0.060021220164489714
ck_7084ed3cf20781b7,0.015201880353354857
ck_cd4c63155570d6ea,0.00640267454735214
ck_d1b9e5d32d2d789f,0.017954453477622014
ck_68f56f6560a7a933,0.010958747081082996
ck_8bedacc6233c6269,0.02101024067427178
ck_ab7cb50407d6b13e,0.010959982445904123
ck_f17ed7e0fd687742,0.052268588718333994
ck_b0fe4b92fc70f72c,0.01695141135155495
ck_84d62b8196da2452,0.026366344453519347
ck_9e298cae167f4693,0.011412808395386755
ck_405b20ef9ad0ba5f,0.15001518797006366
ck_813e02e1ababd177,0.014786977021708787
ck_f234ab47061ba7c0,0.01226918524001727
ck_22b587c18363899a,0.02442003130792078
ck_4e862c2f48c38aeb,0.01858492619073568
ck_b89cb90a420c9075,0.006311131923100608
ck_be2251640f27a3c9,0.12269207439929888
ck_46bec0bff167ed3f,0.03809016487740732
ck_c0032232c2868328,0.004753945610588197
ck_030cf09525dba4ba,0.02101520408748001
ck_6ecf56236789fc09,0.9247244886156198
ck_38d4ed52cbe6d123,0.05732594682970331
ck_2d923d957ffd4d53,0.00844672398747094
ck_3af1eb88728ed8c7,0.015498490654960187
ck_2f8120ca80a1592c,0.10852785047027323
ck_6cabb1a133f0b151,0.007058747090940204
ck_bb6cf7e7b707731d,0.22963281538010116
ck_c8307fecafa90140,0.03282190485222883
ck_75f968be67f46d24,0.04761968569522141
ck_df6fe4ec5a233213,0.06964737442872526
ck_b53e88c0e927d896,0.007345606446653591
ck_f0093064aa28f4d0,0.024402571098425866
ck_ec9976cabc63ff92,0.014110595307636592
ck_30dac0a58c5590cb,0.14694443399992793
ck_348a525791ae6475,0.03491045285036494
ck_b898d912d1181ef9,0.005365930845484418
ck_f5b1200dc6f95760,0.02892526806214288
ck_54978a073e7a0b1a,0.011019545229891499
ck_55933936536a4071,0.015019206258668281
ck_d6ba7ffd2ae08863,0.02795762187798677
ck_404e2217fd87fdd2,0.02728669391208487
ck_dfaafdaefa5716b6,0.024396518250451537
ck_556c62e92d4e7e5b,0.16325825361879714
ck_7ce44f4e06d58111,0.037608242100229415
ck_465cb8ce232c7670,0.09978768327704535
ck_237508ca4fb37268,0.044723565905344015
ck_ba4a6b9aa63964ef,0.031672116949103685
ck_4802a0a7a1882c88,0.03222980633400939
ck_9478dfe4114c30f6,0.0072352542987587625
ck_5138f6c575dec64c,0.025910630649119082
ck_aebb42afe430e2e9,0.005651404089531097
ck_004efa95555437e9,0.008641874044361512
ck_11af112667c98394,0.012951441823573164
ck_44e9a18a8645c9d3,0.027960406769960776
ck_2605fd571219e28d,0.013055156194143904
ck_dfc933493561d84f,0.015403428911905655
ck_67674348e68d1f25,0.2558669559418743
ck_dd97429277a2fa00,0.020657212324860563
ck_d3eab7a06eb48348,0.022477225501681374
ck_0b9fcff9667ec05a,0.021776638924468943
ck_fc4bfd6e739bddea,0.02678259968008355
ck_43292f70a03ddf2b,0.15255393002922574
ck_5ff6108056a3fef5,0.0909802825527059
ck_767e0be086b5f601,0.03514419339783504
ck_b8465b1a5666155b,0.02262650292653546
ck_ab2e3fc56f5b3aae,0.014838341058864186
ck_1833c81d693c1e07,0.9291055994736189
ck_0308e0602b856445,0.013529277085725745
ck_ccbdfe744acff8bb,0.009148067266004447
ck_b294aa27a0b586d7,0.027180561498910606
ck_a3747201f377626d,0.9703037916888148
ck_edde1d7d1db24725,0.013188588231176244
ck_ae3b47d6e1063704,0.012774767400213109
ck_3aabf5e0f4defb41,0.018793340411134073
ck_f034adb57391f3d7,0.010136011348250325
ck_533672fb40531607,0.1866562682016732
ck_2a244f1ae08ef83c,0.028740432957111726
ck_a35d81bcc54ece2f,0.022135322865850238
ck_78a61215675b38f0,0.0342475234012086
ck_e013d88ea7939616,0.011092573772342008
ck_e5018f9418e0102e,0.040906872710387676
ck_d4e024fcda401a31,0.03165997297098845
ck_f736cffbdb82db34,0.009513264769872687
ck_1507f5aa50cdf3a0,0.023595576342688003
ck_18270fee7c8fcee8,0.0069420342186524
ck_95ffa1a805a1c9d1,0.010626411447238554
ck_11132d245b94d045,0.02076903611630473
ck_7b93a622e40d8b14,0.07769816443834406
ck_3854c08d17704347,0.036333507253229216
ck_7717fcb100dc4b5f,0.018558106477356492
ck_ba54e0a1c328119b,0.27869267156829924
ck_a7afdac4ecbf2de4,0.10929229281966285
ck_ecfb771ed2352085,0.0046666098919399225
ck_68be4fefc85a6b64,0.4750282872286936
ck_dac7c50bd6d0148f,0.008761007477778375
ck_87cf36a03bd63c24,0.03301450548505359
ck_8adb40b168b59d7c,0.016831171722991946
ck_8d2f62930777416b,0.039241320329595944
ck_9958b58da9e3c21c,0.020707462701385387
ck_9440335375701f44,0.023580933332366702
ck_e2f88e202b6f700a,0.024771948190232495
ck_4c7c50684827a2cf,0.08747608483948055
ck_8a6ea4a79b1c7a8e,0.010154091395276843
ck_186dbff4b24a3bbf,0.34501303189012283
ck_220fda3c11c59b6c,0.032136705539406105
ck_3acccc69f8b1fd14,0.1638616277148189
ck_9de191bf79afd676,0.014064398858968447
ck_6de6b1663f9457f4,0.012471137786283571
ck_062754f8b79b86e5,0.009746313739020768
ck_aa153a89a52f7eb5,0.08037115796196123
ck_34a6bd3be642f15c,0.024536893970421393
ck_9371c700d9830326,0.02843479353030127
ck_a99e0c258ad7576b,0.006279009225233997
ck_0a7ba51d626e932a,0.010849980713900692
ck_852c50bbba1ead13,0.35800802450927594
ck_43dc13b6b6d31297,0.021013300092299625
ck_7d81b59d615a6649,0.01727711428193192
ck_39a3f1da060e88bf,0.022964916559981462
ck_6fb2d142c09ed3ed,0.04589440635597458
ck_6e5752b87324b58c,0.18128437685678345
ck_9441d48a12e8a4bf,0.07262827419240725
ck_09e9c51eb538b255,0.0743711775883779
ck_8d0cd981ed3a183a,0.02402640356491807
ck_57c07c45269ca8c0,0.012867479200695559
ck_ccfc9ab888ba933d,0.08920148435800067
ck_9658a6ef471053f0,0.03511771098478615
ck_dac3852758f4ea89,0.042824544391031116
ck_b1ed2278f5f14d82,0.03567401811295678
ck_333544d173524f70,0.06493288735017515
ck_fd4582e3853ef23f,0.012509178258906701
ck_614d936cef98db04,0.02286605604696608
ck_6bc351a3d57aac54,0.008007313186893591
ck_af5842fa7202ff25,0.010112992923547389
ck_81307759252571be,0.005822828588741848
ck_b4d2f02d2cd45720,0.14563267273201091
ck_1bd753a4681946c8,0.8720159266941869
ck_46d8c029d46867b2,0.005365538833369732
ck_b7da6640fa2f49cf,0.1567727235572573
ck_9ea3d5a5a91fef9f,0.11132788948218941
ck_7b922518f667f76a,0.006053284517799258
ck_2a5b31594206eb30,0.6075912273652276
ck_d9506476ad3f9e08,0.006957600101165192
ck_c8791f7ebd4d93c7,0.02190634117183648
ck_b5a3e20fd210017d,0.00930277326662626
ck_8e54386f4fe22cad,0.013984887798623882
ck_75296704f5806f56,0.02596878555801367
ck_0fbbc7a6af300368,0.05894240887401016
ck_d19bf4dc0627113d,0.010726562192385413
ck_7951bd4eb99a0175,0.017835032264525225
ck_059e4fac6b7f704e,0.009589647004196851
ck_2ce8931af02a2ce3,0.023425125188754142
ck_9e665618a4860306,0.07820235537273679
ck_6fce5a893613fd2c,0.008710660371340401
ck_9e3fbd04e3532f32,0.23171959595286507
ck_55f2ef0de3420e3e,0.010646406259085115
ck_8d87658a6f5d204c,0.4325853292361751
ck_6d6ac1f5dd882aa5,0.01678080860875071
ck_55d0c7012d7ef236,0.028856370068435902
ck_7738eb085e5753d6,0.022870543857883653
ck_0e6e05c3cc8c8242,0.009831188173260418
ck_8d27ff8383d48132,0.018389918141925532
ck_9afc3bb849f3a64d,0.026968757902773
ck_27eb86a9898cdfe3,0.01310040875826755
ck_1d40e4fc541abe93,0.0716004429385451
ck_4fd9dc00e1913587,0.9639217226386274
ck_b26cdb2b7b165d2e,0.023613782993001136
ck_a79a27767a02e31f,0.02349106434397548
ck_f0c18cb9f951a71e,0.035963513744422776
ck_50460e0189de6274,0.8771512806934257
ck_5e5280539257c986,0.010290931830793626
ck_eeb854318b3a6f0a,0.01185936549454153
ck_943f66f28dd24750,0.007447412950626858
ck_984dd7452aee372d,0.017525575011615006
ck_ecaa6de0aca5e9a0,0.017150760773251623
ck_8f1cbc432e2774f8,0.03105229951456765
ck_d91d9f8445b9769a,0.13177072037873627
ck_73c18e03e3c7612e,0.013513019010968394
ck_aded05ada490da20,0.013072086778832589
ck_f744e208183971f8,0.014388279877727558
ck_02d4cef6358ad3b7,0.015727833519155247
ck_08ff5bd467226a5f,0.011545926967233638
ck_f824b326d5089885,0.18038691347430114
ck_3420f2fd520890f3,0.008513856071581062
ck_1838cf8d00f5b1e1,0.022076153852960058
ck_a85182ad90b6f1e1,0.018359325198192715
ck_fecb39c82c43e76d,0.09854076200037201
ck_162513e73782929f,0.01511415217179991
ck_2c27b77c59d8f23b,0.04911065858450895
ck_4221e07b17388fd3,0.02931600323743427
ck_adfb8472d5c3d669,0.012570593065816142
ck_0742fe64055d686f,0.014717539794625126
ck_5060aefcc8b6f958,0.017620224244319492
ck_643f549b4ac78a26,0.48124968885581465
ck_dba767885bd6ad69,0.00540923263925194
ck_0dda35c0c64c7073,0.9581667606427877
ck_38ea56d43afa5660,0.016663615685281144
ck_d813e15ac91f487c,0.06597642332848114
ck_4c840e5585a7b167,0.18236860838434996
ck_cb8551453a7bb929,0.02198220630443385
ck_05a00b1dd5a03359,0.013756607712011436
ck_837cc7fd48453a01,0.006839449599553856
ck_49dd816b31fba6b6,0.1686828673271738
ck_86a61d9a39768e87,0.041515761035896805
ck_cd0e76f0e7bb38cc,0.02871061791685183
ck_dbe58392635133ca,0.0190330991271056
ck_3caec7dd6f8d02c9,0.036949957393737326
ck_bfd9bfc5b6ab4a54,0.2684689028614323
ck_2103399bdb2898a6,0.00987268201148436
ck_329f7de7279e74c5,0.010203235995763001
ck_9bf0d28119fc42c8,0.02346678952910852
ck_f781539b1042dc83,0.01993258667042725
ck_9986c7d781ac6b4e,0.011612676926681623
ck_a627734880aca848,0.006448375535789601
ck_2106e509d77fdb4a,0.2735216629159973
ck_420d1a9c604293ce,0.00815023872640418
ck_fce0610c527e2b56,0.0236916491976129
ck_073da541ec3f9d3d,0.019682744478159642
ck_aa5f3ab48c17fed8,0.1349002766885305
ck_0fc1086e1c9e04b6,0.01472271836578724
ck_5c33bb46c1a5945b,0.01974759876997037
ck_500948a8d4bd8e13,0.012702704381964927
ck_19becd44f2c3d2b5,0.012615236623123277
ck_7d0fe77dd5ddb656,0.05547602959796624
ck_f158d9e5f101bb35,0.015117354340063009
ck_cdd7c77823c2257f,0.04313466907104971
ck_6c7b41374f9b2e55,0.0058414513101988745
ck_417090dbffb1a63c,0.022137644991469488
ck_dd0e17605f970319,0.02154777257870022
ck_3646515079e6be55,0.017955580823380574
ck_89c8b06aa8c84b2d,0.09413821242399267
ck_e4d6dedd97233c07,0.0180925120417625
ck_bc82fb1895fddde5,0.015038840384028635
ck_88a8b1d442ca3686,0.03987266988059731
ck_5791f8f76a629a4f,0.049704281919204445
ck_9cf5e88e97c8c7ea,0.020635500959352397
ck_58fd684aa5a6f289,0.007425861711198269
ck_9800c21dfbd8e811,0.01945358880591805
ck_8ae64df60ab6ccda,0.008694510709791953
ck_e535fb0f0c00418d,0.06402623803310617
ck_48011996d54855ac,0.05494372506732487
ck_ac79c72a8fe3fdef,0.10936908252575583
ck_b8cc2df5192bc49b,0.02385583925757475
ck_e96a5e1f08f8a867,0.0066421977522571046
ck_84df6770549e43fa,0.006869259984998268
ck_e5f7b99ba6ec5767,0.03479565503248479
ck_8347455ab53ff620,0.0076310341159374654
ck_a84f2cdf695a71d6,0.0057268663753697
ck_90456160115f9ef4,0.04650505707509639
ck_ebd178b3f3a9c50c,0.02553434000645706
ck_e1140be6157bacbe,0.010377871297919181
ck_744ffc11d32b96bc,0.024840891012685294
ck_e12a9f7d027e3387,0.007906337938252014
ck_cbe525da0b69f18a,0.017916279926742308
ck_aa59702537557ff1,0.29128465735434417
ck_0348cc6908f7f3af,0.004024829216947059
ck_120e995d50956bee,0.012385261779963781
ck_9fcde1ff46cbbea5,0.005477912502540736
ck_54b0b070689c50d6,0.012211126673966274
ck_966a167758fddfd4,0.08844757485290143
ck_d5194f2e92fd6427,0.009898881125174685
ck_2ee84f3fa27f2cb8,0.011380983665657238
ck_57d0a7eb7eae2eaf,0.04970911891987513
ck_6a2c4edd82e10969,0.005386121834799277
ck_96e4d38ef670eaff,0.0073452749911124444
ck_52cc2fd5095b169d,0.012450507153899611
ck_4b088920f3a844c1,0.11322093323717769
ck_8f3ccbd20d59f1f4,0.026161821467116805
ck_e5e5dc431bed6f9d,0.006534984870470773
ck_e8b5bfa6838e28d1,0.007179939371467417
ck_4bfeb78b47b7c6a1,0.016470328128096207
ck_a705c61bd679496f,0.03959327971713278
ck_731869a0c39cb2fe,0.026491715622987043
ck_259eb102342057ea,0.01848850378190594
ck_47a6005fabc33551,0.03452779579948136
ck_682262b455a9edd4,0.025048736980197925
ck_e839d104854945f0,0.0055694640599664785
ck_761989aa4c47d746,0.0178525585776887
ck_44211dc210139ed3,0.0828207830963216
ck_9915ceedf63a5289,0.041196087377797605
ck_da59ab47cb6284ad,0.0233831152211196
ck_e5cdbfcca2456652,0.06371303764478303
ck_13f2560c6a1ec62f,0.0072278155501661785
ck_a0543e9b3abe1001,0.09397718383090327
ck_11c7a58e09e6547b,0.033476266066060675
ck_69587a134d43a4ad,0.038811585373876856
ck_28dc0de0ae291f37,0.02088705039439085
ck_298922703c5bbe05,0.02069614100373343
ck_fa5ba9ed9ed6a343,0.060828668848471754
ck_c08e64d424e56c05,0.05217945638337683
ck_598e036a28262aeb,0.020211470265194487
ck_3f7c870510083a51,0.008710669308823103
ck_364f8203a3e98d36,0.33336667517779633
ck_7333cedb61506ead,0.0068520816929739155
ck_1d96d7fd65f208b2,0.017392204230546885
ck_63133a79f23e2627,0.20559196946016073
ck_901d820e0b72abae,0.0068846673606667835
ck_5dd80b3c01457bd8,0.011993780737987552
ck_c0b8067c144ed6c1,0.009105973633708037
ck_cebb8aa8c8f62c60,0.028288908717536636
ck_79749eca42ff1f5f,0.01293761383738631
ck_2cc1d9b587f6da31,0.18591325694559555
ck_ccc7916b56d42195,0.004789719942109219
ck_e43e53cc7b8b8e41,0.030654361796523363
ck_4ab74a6e7450416c,0.03352866171662055
ck_6e44024e9de301c6,0.005051205438135693
ck_dd78cb6ae2866cc6,0.015210425282679003
ck_c363d3b050baf3b8,0.10000252503954332
ck_2d46291975f0dd08,0.04572231529743806
ck_76ebeb5aee42f041,0.02474789977489345
ck_8395f004cf4d4c08,0.0032656696500695612
ck_de7259c3741db179,0.010076785859331638
ck_3938e92585df2b34,0.05361223852430935
ck_af69bfcf4f07d932,0.0055323951784378616
ck_1723900ab9afe374,0.14311053487956746
ck_3d58628d1c853c8a,0.025340598893820704
ck_12a074db100481cf,0.04671098215387571
ck_8716cbf892c50e29,0.0043265721763507
ck_fbf7351958ad9615,0.012726073986843552
ck_a50370907e6b397c,0.10252539269818975
ck_937402a60df0821c,0.009575382697542264
ck_8ce9c5807acbef48,0.007193920678552509
ck_acf7d65eaaa4c31c,0.005716477557418942
ck_ec3eb6dd0967cac5,0.03746232313447054
ck_fc832b0c90c9bdb9,0.6775628998267925
ck_8129e81cde280131,0.0066413187794254714
ck_52c0ef68aa2fb8cf,0.00887122737660901
ck_06f042e9b1b662fd,0.04558487959862731
ck_0bf35dcf7b38f650,0.015032107866875291
ck_615763afc2e17a7f,0.022316402807667453
ck_e72db9d4b2fc9997,0.9574804098330578
ck_13757bf0eeb353e2,0.006254794203126008
ck_abaf371ec8249c4a,0.0815188400245217
ck_9b7167da0920c37b,0.07357767830326482
ck_2e824b0b27494a17,0.020148447638203372
ck_9a0b605e9c3220c4,0.022277651430638826
ck_a5276af466b681de,0.004806502084719467
ck_9e0383e1fb6e214d,0.04031955635978594
ck_6a27c44b691dbfac,0.016287044233569813
ck_af39767cf583905b,0.013544612337503495
ck_243b1b9fdd3f9a74,0.03250616350024378
ck_c0422e638a9c6046,0.0254427708571269
ck_e0f3ea3373dfc4aa,0.014969766238175152
ck_d56ee1654378ffc7,0.02477574949624156
ck_20cd2f5666719baa,0.004855716395068601
ck_4dfa1c1e9b69fcc8,0.0050045233372947836
ck_5d22e9ca1d15180b,0.020328808481130924
ck_f4a7ac178fd55f0e,0.0847227427658204
ck_fd5609bd23a1eaf8,0.003989935250924007
ck_49c3bf13dc9471ce,0.0159719452990403
ck_724085c3452d4693,0.1723512100729481
ck_e5d1462846154a75,0.01648467480027565
ck_c69ef0f3e7d6acf9,0.10317518142153516
ck_a2d0417791d4132d,0.012609998025449244
ck_00a07fc2a9183c3a,0.008896113337152076
ck_781b8288e54ba8f8,0.08167588131106368
ck_d74a62ab3804a81b,0.006609909338366046
ck_abcbde211b6267f8,0.049097786047435615
ck_16dbafc035574654,0.025302137139051925
ck_018f780215ecaf38,0.014761867933103755
ck_0b259620eac51618,0.006892986518602299
ck_4f875342394c110f,0.040116719458009285
ck_399e45e5fe9beaee,0.15412423834409586
ck_36224a2d394ebfe4,0.03458843521113282
ck_c189b551bd111332,0.023566614275735236
ck_125c5a720ecb177a,0.06060956155807695
ck_76d010aa02eb477a,0.009458762002371172
ck_1071d14c46c92379,0.5723764941721591
ck_61d244b2cde483af,0.014203300233681503
ck_2ff1860da2004c84,0.0058301742142002864
ck_c5b583490198672d,0.009170555241474577
ck_1294f7af22fade11,0.05610060927348917
ck_e3a22799716df39d,0.009327168638035233
ck_c77e22834ef97005,0.5533466010564722
ck_73d3689728270a2b,0.005024030939757512
ck_295565fbf77ef885,0.013776543103981884
ck_80c0a7f54ff4895d,0.004095965537165559
ck_f1ef5cf7f10b16c8,0.03370845271638051
ck_a958b2461ffc21a2,0.04537708744608089
ck_0e7899a57cd617d6,0.007767382455463603
ck_9d4fed252718f58a,0.017396197826785052
ck_83c2c34add971d76,0.03245202148571396
ck_9ccc030ba2de9fb2,0.017266924763934155
ck_cd691e3466fb3742,0.06450929488804208
ck_49df70f908dfd069,0.039140398971977
ck_362ce13eec1e33a0,0.010841316437528108
ck_2452a30397dfc54c,0.025114834284923643
ck_a443d49c2b4863b0,0.013030133216899928
ck_c8b2e2cb349dd0ff,0.037267160289407714
ck_354909fecf5da8cf,0.008076759414368894
ck_841f598bbd54c83f,0.01849286535545895
ck_cd6fbd4e8724f994,0.03939971513251074
ck_e0b3158111370118,0.015961952306453284
ck_4c2f2eb657c2c60e,0.025564305494098126
ck_ef346071f0b7654b,0.016102911589525416
ck_f3bc10e3decefce4,0.029361806410074305
ck_189b6fbe9b9192e7,0.014173994211846171
ck_5245cbc5ff4d4fa6,0.020284115021355423
ck_cb42e3be6fe87f60,0.053057296033327296
ck_966d4d713cbc7792,0.01870504040415805
ck_1c8c969667cbaab2,0.8009515729919993
ck_d35e3aa9ef5d405e,0.08771824417065092
ck_a1c39df50a5873b3,0.020096429348879234
ck_a152165caf295b51,0.047945290565243825
ck_891eaedae139828e,0.009150893717938669
ck_1a46b56f4734d52e,0.016203716609019175
ck_5e36042cfad96c99,0.1989720540503108
ck_02a8582c2603e675,0.013000415160454661
ck_6def9d0429e4ed4b,0.015235777873290505
ck_e137400825a1e3e6,0.008295995101882706
ck_d91ab840848a54fc,0.018656701384696266
ck_becb6e1c608e0078,0.01364863878145013
ck_6fd8c86ac719d7eb,0.15109084324934957
ck_3ed4d13f12fd9d0e,0.044896932911778424
ck_007337aa99a4891e,0.007364541684030867
ck_60c3d8306527a08d,0.022416706217394698
ck_95458880a54df0b1,0.568375356064571
ck_b48cd8593533fc1d,0.2280131270947946
ck_021c6a4a7e3f1f0e,0.0090684724883313
ck_764d40f865e710af,0.015126050417972261
ck_4b84357ae8ec7777,0.005372255950633845
ck_3397c7856b4669a5,0.00972847873532132
ck_920bb003b42e6310,0.003608719784793534
ck_8f59f11b512d5b7c,0.0956126015593252
ck_a3acf4b986afa98b,0.14797421055692322
ck_e89d25ed7bdeeaea,0.017475673197530364
ck_70e6bca473bf6902,0.010257133173126588
ck_186161ce152836f5,0.020206176641024816
ck_9191579254663f5d,0.01078355186922148
ck_1e6628879e9d653c,0.005619111277703731
ck_b498fa91a0776ff6,0.03151754116144747
ck_cfc2384f22954830,0.04620945612436907
ck_17673a1c2867888a,0.006989803135838315
ck_523dce06515b072d,0.014509268111006753
ck_c20638a325ead2e4,0.014452376183340259
ck_d3877e1f907cc148,0.012393063976410457
ck_e9a2495dea8675e2,0.02678706058756551
ck_7e561caa5fa1f3f1,0.052951621050980724
ck_455672e652fe1abc,0.9439339690130761
ck_7f8f864fcc90ca82,0.019752495671595177
ck_1ad36046aaeb816c,0.010578031141453208
ck_de056e37c82e8e00,0.020822478700718974
ck_7484c214c889fe7f,0.05192468133688142
ck_32430e678c4f9f53,0.002955470810500082
ck_6276ece8f80ea799,0.016530676814940325
ck_ae8e5dc4b725bc25,0.07486564437463533
ck_f01be92dc78a2dc7,0.009042122992596359
ck_233397a8bd40d38d,0.006558519863001361
ck_f8124911450fdf31,0.3373029077279374
ck_aa0a3179f1111674,0.008782628701098905
ck_2366b29ed9887a5e,0.010695758885541508
ck_1f22f04dfc08cf27,0.00743892002595638
ck_b62276c3426d680c,0.006361018487689265
ck_d099fca88691f66f,0.0420657130060395
ck_166bd1dcbaf4d6fa,0.012650491889741428
ck_7b1660e942436e12,0.01591250344754634
ck_4a9a791a1d409a3d,0.010835152260791667
ck_b003e5b54df65db4,0.008519921601214278
ck_64b4dcbf436f0b75,0.009426689003313771
ck_26e9a7bb2061a58e,0.03506479207060341
ck_08b77ad5f8f73007,0.01274789359202604
ck_366616a725afc6bd,0.009227034216646682
ck_934fb5064b6eefe2,0.006593545864920251
ck_c6abd5d57b1009d2,0.013732112928342862
ck_edcfa9e1cf29d813,0.019499827044856817
ck_c30201ebd003fdc7,0.010672308146339918
ck_c54643d94d3ce355,0.017245847013969324
ck_02adda6e91e49650,0.027308866259706615
ck_5b73d7c5255e58a3,0.06054740838035673
ck_129ffae92dc01408,0.020108981730571317
ck_fa321945ebedb916,0.0941068755999931
ck_8da980cb2e1e2bfb,0.036069037164952626
ck_0576b00d728bdf19,0.03213987319366062
ck_c543d82e22b3c8a5,0.011965362232796633
ck_0027ba644f9ae2cd,0.07896329780179714
ck_8dbf61df902a6bbc,0.008545096404101858
ck_90eeca1cda79fd41,0.014292777284109479
ck_86d7127391d4e01f,0.007965650647490585
ck_73762038c7ff2f6f,0.012963277330815363
ck_a1484e6215fac651,0.20695122685201928
ck_cb83b9f806e90dc6,0.07907868160937633
ck_8c6f059c95872126,0.015972068518123807
ck_3174419a81e7caf2,0.011246296007427648
ck_6a0f8f8fa4a3c2bc,0.012939075616167011
ck_b5777605668bfca1,0.012753765875536664
ck_27e4de495abb4d15,0.01659834813962779
ck_7f6fa79c7a107161,0.010158669397942908
ck_c36ed9f8e6792ea4,0.020120282840011085
ck_67a1aa88d2ea554a,0.03767992907648293
ck_09748dfe4df3d540,0.01667624788023395
ck_27fd85b1e38b675a,0.022458975164011134
ck_2369689bd795ee10,0.015270454450141184
ck_4eb1c12f7d092bac,0.004689674547098564
ck_01fbafc42c8e33f5,0.007702130161791335
ck_93c4e05699b3b7d0,0.011731013846645735
ck_afc484d1b6907983,0.01730645968002643
ck_1b2d9cae92a1aab1,0.03058431947722476
ck_73b729cb161487f2,0.005678269171908405
ck_fe3c1d0ac090d960,0.049947378649776636
ck_408efac1d3885ff8,0.06163501650018181
ck_ccb4dd9d0a48a76e,0.006939823922804653
ck_2987eab34ca7805d,0.03587501159311705
ck_1dbf1f15193197db,0.13095688562914198
ck_4ed711fe4053e74d,0.2814415688053162
ck_6c54adce174f45f4,0.015946511592158975
ck_a6c740041faf0bd5,0.008482094717885434
ck_b05c4d33c4f43639,0.0460794937498061
ck_032880f1114dd51c,0.02204277007253997
ck_22311b037456a76e,0.012497903370458216
ck_5866b413549765bf,0.018414430064304405
ck_0e808afe2570ecac,0.038864545651698425
ck_634276b05f4381f8,0.007125968014334141
ck_5d8773badd0d4740,0.009228159277290711
ck_82b5b79ce3517102,0.8015392138905856
ck_b378b8d8100ee4b1,0.014256784255481717
ck_54e581f71be5430d,0.0064976898440851
ck_798ba4b8aa544fea,0.025432209566707636
ck_3fe86b6331ff95e3,0.041247399889864186
ck_81275d9d4c559e6f,0.013380860188613002
ck_99a4e5ef02d89493,0.05578217201828436
ck_54e2eb018d947790,0.011688073200513108
ck_966901ea9c77cc02,0.010768447631512478
ck_27d69ff4e0cb428c,0.10341759342239014
ck_2cee2dd7bbfc09a0,0.6678601697714439
ck_4136b00924695ab4,0.003335032976724981
ck_59a164c40c03a45f,0.020605258632215177
ck_3e24b026bc66789b,0.005507910320463052
ck_8105bcf69a75ee47,0.011660462040954032
ck_7a1782cefe26a456,0.043731884179483656
ck_970c7dc195161272,0.011016307216690134
ck_a48ec0c00ae20e82,0.038446449694500756
ck_54b374ade34e1dc1,0.027101164628969304
ck_74e5dec189761d14,0.02795910454912778
ck_4717f24f2c6f40e1,0.05504749944597456
ck_fc8cd8a8209e802d,0.00702406912165809
ck_71db4131d7efe218,0.04647045849914611
ck_45424ea6f0bc4650,0.13247387829216664
ck_3716c6181a5035bc,0.009668967586034138
ck_26de14b96bdad4f6,0.012721871961977162
ck_99c0a41ac9c73857,0.011556303775523486
ck_645f15bbbcff3b4f,0.9699980600240143
ck_b7e25ddd41514d4c,0.02957897987653979
ck_d5c14e877ca7b755,0.01630310005308828
ck_05ea4440dac6cfad,0.02592754576510222
ck_c58bafff7b1955cc,0.01436041929663724
ck_f0cf85b67a9b840f,0.025007316002011976
ck_ce1500a7f0d03fba,0.008376980248702558
ck_d4972a775aadbbc8,0.014992353631390457
ck_3eb6146c262e0fc3,0.018095397269503474
ck_afb23858a4ef42ed,0.9441539395490148
ck_2c1def5c91c52a5b,0.049221437717253326
ck_72e550559487b919,0.0064803606877698525
ck_0284dc2b4f856b3a,0.44421823270455263
ck_03be334935e999a2,0.03342180494202764
ck_e35a4b4a3cb4cedf,0.011841636332051493
ck_5abe57dfff4b735c,0.17472866110335894
ck_f5f87f772388efa0,0.01962052869384545
ck_5a22cb36d612236e,0.021575971976240258
ck_8ff1e6028e764472,0.5660380898528288
ck_2ab28149b0986642,0.015831180666437114
ck_c88fc1bac79fa6d3,0.057985944701824256
ck_5b137d74bba6b1b4,0.005346456524583229
ck_11f362dca2dfaf5a,0.00961567738281063
ck_7f960541e5174565,0.0157080523726825
ck_d5458ba39ae94498,0.016645850744767425
ck_0a921a73a90c2e39,0.027574708137158663
ck_6ad56ef40086dbe4,0.016995585995529236
ck_b68199ecccf2350c,0.005449877267478287
ck_6dac66c8198c07d8,0.014365904131221147
ck_9b9ce7bebc235fe8,0.031740717165206184
ck_6b817117d87063a8,0.01431922650295062
ck_900d62b3184378c7,0.015693562198419678
ck_eafe9b89857149b5,0.01331808874141691
ck_e74716a525ee5b24,0.01037673683650054
ck_4e9a6f06ab134102,0.007661998369941656
ck_b0d33b5a3716661d,0.010357779075977045
ck_8703543bf3134306,0.015332504301851691
ck_923d6a0f83accef1,0.019687354804167848
ck_52e37e2170532e2a,0.0820287470979808
ck_c1c5ea839c58958a,0.03648424470613067
ck_660f0006780e87e7,0.043207337268843474
ck_830b2c5d1818ac07,0.034336568291616985
ck_b080ff636932d1f1,0.007937026478609402
ck_38730aace405f2ae,0.9817808509940589
ck_9790138467a06223,0.006654940142860381
ck_10de0b0d86b17839,0.02782656847712378
ck_c3e37a4d3382c32e,0.014723606930133144
ck_dd8edfefa1eba531,0.014833592553664399
ck_8153cdadd300d234,0.007655502914293638
ck_74d0e7c2c6b63d36,0.8726394723854748
ck_c478aae3031bb328,0.05281130975991161
ck_cf301f2194975866,0.005376657009917594
ck_f4de03f44e3a5bd5,0.015703842576712965
ck_b06ce826e593b210,0.06001581608746351
ck_2fc70b6baf6a0e26,0.01818536635562628
ck_d208494cf5c90047,0.028083424199461002
ck_086d29ccae565e5d,0.010517373752650432
ck_d5ef6dc116dee408,0.019721290597124814
ck_fdf0c5b722d83464,0.007546720166504163
ck_de8494b13adeffb5,0.013448502290090548
ck_556786868599143b,0.01965766196166001
ck_4940e78cbdcfecf3,0.010701411844580023
ck_d32fbbfe32c00416,0.016167351066687
ck_bc7710f7e9fae649,0.007698901725522184
ck_416f7ac57da081a3,0.019493701766808768
ck_6fb39b60c67d5475,0.021589829559677864
ck_e40a156511345d6a,0.012612191607154436
ck_49ab879b5aa7fccd,0.18163893056610242
ck_bb643194d1cbc47c,0.9818678706538246
ck_b3ce8f1bcedfa043,0.022005263344941725
ck_558ebde8c29132a4,0.024027855498594028
ck_e6222925762273b8,0.034899288679605324
ck_bd80546b4807dd59,0.12972861825000354
ck_bd21164bd2bbb635,0.012643959443409066
ck_ea835557d7043667,0.0158037592971842
ck_1411a80a157ff39c,0.019715260717363483
ck_ab973888c20c9120,0.09229578147376698
ck_95b48972061abe82,0.008442609194667085
ck_fc4a43f8876bf10f,0.03039084790956137
ck_f34fb7ccf82f41e5,0.007583806922711411
ck_5af9934a56801ac0,0.007841924541937767
ck_fc7445ec76389a58,0.44691593189289286
ck_1eeacc26f02fbba4,0.09941352036625531
ck_4f325dd15c9bd45c,0.048252732815074265
ck_5009a6c8bbaf15ba,0.10104719689395414
ck_0f3de7f074bb33af,0.02565333558396961
ck_2cbc2f93a32eede8,0.022863492748745273
ck_4bb90a61c21a303b,0.00441408701720926
ck_3ade9eac7d7b0dbf,0.09910513391392135
ck_4859a58629622915,0.3310209855258356
ck_5fed957287ebca03,0.01009420882337108
ck_ec01ae5351500355,0.018195963759651462
ck_703b41624ae6a5b6,0.018379643053965864
ck_97c38e7f61c27e47,0.008935488634348523
ck_db2c0908150cb2cc,0.015146445906831755
ck_64ac5e6fed86ab60,0.8962145260069724
ck_da1c853b0a061e83,0.04241400376832696
ck_9a36916b60178ded,0.6867012553426989
ck_3715bfa7fed2c675,0.01759138607925876
ck_dd3feb77d7d4f6d3,0.0074454967161703255
ck_982ebb24174a4ade,0.0099347472540144
ck_f6b7a10d47dd9a1f,0.011415427457384535
ck_1f56fe99f250cdf4,0.046833054836716986
ck_deb3ac0606d6f6db,0.010176713736040075
ck_e666629e5a41b39b,0.009186364830301387
ck_756d2c13d02b3e09,0.009778560905294702
ck_7bc752ae7cf5d55f,0.013402071540716693
ck_fc0cc4b25e6a8194,0.014819669592872125
ck_9b2b0e286de78a1b,0.010284183575798161
ck_24b0803447211bf3,0.01599547960991194
ck_82eed68d05a42128,0.03729869225112146
ck_c8a03c516ed5b05c,0.08224379603982793
ck_e914974cee1bccb1,0.05710585517000408
ck_0c533ff2d0f9962a,0.026482405455189182
ck_c12805fa5d970a83,0.03922657085259763
ck_fc2cb29918631f10,0.10894003589996035
ck_c20e89afe575549b,0.011102656901807981
ck_e1ff9e31becc27ae,0.019920442286012835
ck_18116d0ac08f1996,0.9360347467448282
ck_885a83975cea5e64,0.017094359608521577
ck_a0c3059a959ba5d1,0.017272322379410322
ck_75257ca7d7da2861,0.009346461345501886
ck_2210f7a0d13bdbef,0.019319403565221542
ck_9cbd9ecf8374f65f,0.005063724029003338
ck_18f67c00ba21fbde,0.004876167220623727
ck_2d28f14d3973d8fb,0.014692925138990965
ck_8b3401b44aaae728,0.041867992003205276
ck_9d8e9ef37797d3af,0.5491190043896793
ck_9f50920c894f64e1,0.015467684975193505
ck_4737e0d56c6fa0a1,0.012683635736556984
ck_52c311f29ca3aca9,0.011359028706220273
ck_6a4981bc721df37a,0.01561203766778141
ck_823539d936c55fc6,0.012632553541119423
ck_df5aedb4118020bf,0.9373369909337375
ck_a911a066ff0f7b56,0.033432497720087766
ck_684609767df4a14b,0.05394788096360716
ck_f2350bf355dc919e,0.0379903814017571
ck_8452b6cf97c65a5e,0.012401476078478177
ck_084cd84501012218,0.6812412419887444
ck_ace6b72e5bf3e93b,0.14923214412408842
ck_2afdd69094c955c5,0.0608219409586722
ck_fa7d5be26bf7b31c,0.17627296387027724
ck_4b041217690fca2f,0.028678541177643853
ck_9fb8e3d38cdf276d,0.5437845576339261
ck_c1ee56d65a42f59f,0.4319643853879471
ck_fdeaa1cd085691f0,0.027546034715238733
ck_5de33a7a87e9aa62,0.027140993681498693
ck_7476e7fe1ff45545,0.07634382456244244
ck_b0a947b498e47018,0.006270817107738479
ck_e3894ed88a7977e4,0.018642082558174976
ck_c7e07ebfb0bc15f6,0.018794696483946265
ck_3a3daa8b376f2a18,0.0073656435930098425
ck_87809324c2675b0a,0.01170092169404401
ck_7eb4f33260f1dcd4,0.020474840871540074
ck_ab9f0e08af030060,0.05181982936968499
ck_5b8fc4a76f340797,0.019212553641213978
ck_0e7bf10ef49aa818,0.06647064875425855
ck_a44462a3853ac67e,0.9628803370128878
ck_2d14bcd2e0fc043d,0.004622442007755999
ck_df1f2dba802296be,0.835037166094368
ck_466a7316eaf149b1,0.01743103475879404
ck_50df50af592b0c06,0.032596299080715
ck_5f9e34c849704b95,0.03355599670061185
ck_7836bf6def26aa87,0.049021477171927896
ck_ba175b1bd8efaabf,0.012356218019126395
ck_1a0aac7f7b94b1be,0.08011737906844227
ck_6768c4b2aa8ce586,0.00787504714683936
ck_eefcf0ed15897898,0.009062158461742234
ck_7a6cb27e390b6ceb,0.02015976511665009
ck_5275be4e1577c1c7,0.04163607167937603
ck_6bc0e5b8c0b7d2bd,0.01464371348979802
ck_4874bdec79f9106c,0.019178412945590508
ck_a678731156ad7bd2,0.053708604237711455
ck_db906debc36a5d1e,0.02385998770019003
ck_e87897767c612942,0.024709894200553237
ck_45ed5ee496ef8a67,0.020120435412660655
ck_ae20e28f9854f3ee,0.02211723083592603
ck_9ee044b73943a90b,0.011875193392474656
ck_dab34cf6f0626c9b,0.01329354604638679
ck_64a02b7b96149810,0.014889961123180554
ck_c417d06f3e94685d,0.0243225637853148
ck_3e0149cdee4cb294,0.01826828520285884
ck_0e6046fc30f81705,0.050693281121593416
ck_c383aeabd53e9c89,0.02944809822046763
ck_2ef76f1f36e8b869,0.12125686455419965
ck_43948784650bb9ac,0.01091686350028703
ck_bdb966f43ac350ee,0.02760295480032026
ck_5bea0e0ee0b094cd,0.009415292156367237
ck_dff090f03ca5529e,0.013441847937510151
ck_a4691b57f837d88e,0.013388667748918288
ck_99ee90946395d74d,0.48211131367929233
ck_cc81dbc83a8879fd,0.017832051614513955
ck_f3dc0725621b3a35,0.028386341565984498
ck_1bb212d1288b9689,0.007509568637964227
ck_9e7278fc7679f002,0.027641486156715148
ck_3ded7a8720d7e311,0.023300641411157175
ck_798157bcdb9453e1,0.00936743036298872
ck_9fba80f56f357fe1,0.0063529270580675225
ck_f1e1c8491f16f912,0.03685574820479548
ck_7b1319a5ca2f63c6,0.8376233731579721
ck_124432fd5c92af7e,0.8926968828147002
ck_148cb0c723284dc0,0.006053001554274831
ck_b56c62c950eda009,0.008367467580160472
ck_a0498755cd8d7188,0.01931851792739316
ck_5379452a9d74efae,0.008515569035767974
ck_6c2453229d608183,0.013056680558803886
ck_f9d8b4813a88c1e6,0.008470574095303827
ck_c2c7d1e45a521857,0.022423612228627102
ck_4364a83a11743888,0.004064141761251776
ck_2cdf5fd97ba75e06,0.12480454778454078
ck_71bc01291e0533a0,0.05291280343055152
ck_a725d7aed2a0bdc2,0.010908319080796463
ck_a9b0c4dbd7db6a91,0.024462617588864276
ck_a4258806a533efa9,0.015622994861342016
ck_905e460591d9a278,0.1642445912592997
ck_20de8abfd8960ee3,0.022188123417008262
ck_252b0a0f1119b220,0.011953947273856552
ck_95e4bef65c36af1a,0.009066895138112627
ck_5ab68b434ad53fea,0.010114404498589047
ck_13677a1957078827,0.010680548848003043
ck_d251e9fa09e542dd,0.9869033856287514
ck_700cb620f300dd47,0.011958801836087656
ck_39a68c55a1bd3ace,0.11035489737138886
ck_61a59a7944d6c53e,0.26286347032792245
ck_db6d1c6d31da967a,0.01889919463096084
ck_650020c500b1b50d,0.008419683229954488
ck_d812eb6930192793,0.0101655131141034
ck_92f6ebc11ebca89b,0.12070623541695603
ck_d87e26eb5bc84b01,0.005058174969302572
ck_66439e697695224c,0.007010156318210187
ck_f21efd504faa654c,0.21795572294367394
ck_15eed0f5652f0352,0.013271363742612705
ck_bcdbf57d98dc0d27,0.017896464127366334
ck_873ceb8004d3a9f7,0.06276016180674296
ck_70bef9ddd4bab005,0.006062989321105969
ck_7560f1891d66f294,0.009355792784078958
ck_f439f16f8693883f,0.00928362486216491
ck_14f9535e53f9c7a6,0.008008783168222894
ck_5984be472d2bc267,0.08752730474614212
ck_ed01be7504dc4187,0.06890772401912834
ck_dc3d8b5c17b67ae9,0.024119902256854495
ck_9dc23031b6b494af,0.08069046443240163
ck_fbdac0221bc03f66,0.014388369249955756
ck_863708a99b92ef0d,0.012567419939668681
ck_22b52654776a1ea8,0.4428176311985974
ck_a0714f98001efa0c,0.0159829337824515
ck_9c56114f84e9a541,0.015698184192281812
ck_e155cf506b2fb699,0.0047709743824059965
ck_65ed7e72f24731e7,0.03263965562549085
ck_822d6e8e43befc72,0.027338103858303923
ck_b1182471d9ac6b26,0.011720851362130663
ck_821446adc95e6da5,0.006781411264740156
ck_ff182f033134dbb8,0.029436692259694613
ck_9c5feef7647b0588,0.008843190428886085
ck_df935d8bdd44883e,0.017384509938290722
ck_01eb24c18ad11fca,0.04989046891970654
ck_00d6730134a1eb51,0.16552403562399642
ck_79ba8e85678d0224,0.010440236640594807
ck_97e3b04a1350f6e4,0.048051895074651754
ck_74e9747954a46eaa,0.035453728911527385
ck_397d5fcc9972f909,0.061282993503533875
ck_9ede89e8a43c3f53,0.10078215402632767
ck_303b33910d67f306,0.03870413275215752
ck_3c17841636f6f7dc,0.012986908893142083
ck_78730527f8ba1438,0.42449211254160873
ck_5ee32bc6bb5d1d4c,0.1468091625721642
ck_a13fee8cd925d0dc,0.005910153471824593
ck_6f847263379f2e43,0.03428019096266449
ck_9b9d9e579e7b55b2,0.01444741346402616
ck_87c1d0a79e79c84b,0.009050587440753752
ck_bfc453eabb472f91,0.016619419987463864
ck_978c21bb5fe3171e,0.04080092587314915
ck_dd882323474431d4,0.02144474381432289
ck_533c4f7400d5ab22,0.222608233759974
ck_5f217bfe28954e75,0.9411949339971717
ck_ae96d35465b3b4bd,0.010414980031209137
ck_512ebe97c0af94dd,0.05056748242188746
ck_f558fe02bb0219b8,0.011222578308564685
ck_84092e23d5ef4d51,0.06390102622609962
ck_17d3022ca12eacd7,0.01574272997093794
ck_8a8f81bf3558fd9c,0.061636528083759655
ck_0ada6fed1864e7c4,0.026437063853564275
ck_21fe7bc59dcd78fb,0.01760679220103442
ck_e136e20c1c74fe38,0.009594537612027157
ck_e7a530e09d113dd7,0.02569636532096431
ck_7cb0c9ded4d63027,0.04676826351928845
ck_102db9615e722c9e,0.04634658806404114
ck_129e39ddfde92eeb,0.009827754897199241
ck_d730ff21bfd7769d,0.015125327746883542
ck_54459b45d2be8459,0.008547441529037669
ck_7f1c20319eb60aa6,0.9851643375854678
ck_939fede90473e412,0.009814477445329418
ck_e0f9506a6d5f4a1a,0.021286850705548872
ck_9a4967cdf49265cd,0.16810232993122556
ck_b9eaf03453ac7d5f,0.007005270426050229
ck_522477be6376b450,0.05450222464779168
ck_9b6282e3bad50710,0.022305122858294252
ck_a0e3a2facd508e49,0.08063070297608094
ck_97ffae702f7c3d08,0.028984835128618627
ck_344a95cb7115ec67,0.010947703529371865
ck_1f2760764afa45e8,0.029684079650858973
ck_720cd658d11ea428,0.019594681322514833
ck_04e32ee9834c088d,0.04814759292721185
ck_2bb1389e5e72c8f4,0.03319022243596141
ck_961e7dbc217cfbbc,0.022947186341323172
ck_f3bce4eccfa6d6bb,0.011344583238904063
ck_e0ccfa0d689339be,0.006568662960292593
ck_98217aeafa0bfefd,0.020100740051413383
ck_a02aeec1914c158a,0.01475503409191362
ck_20a17e8f206a14c8,0.025233490466045543
ck_114c32aad4b6183f,0.0422325562315241
ck_79f5198f0decef20,0.03303307866453868
ck_2209de229b4c71c5,0.006059524058999705
ck_6ee939b7f396975f,0.013551181365657163
ck_202f0c14b07ace01,0.02328193804684263
ck_fa24db9d416ab904,0.011260266595468853
ck_cf6aa24b92c4d33c,0.27400596326849913
ck_45f57fb8194cefc8,0.13829885007734655
ck_d5eb179dc45394c6,0.015057767476169843
ck_efb24be983342f75,0.021869984954210678
ck_245f5d62ead5ef28,0.006257231697541211
ck_15fe2a47fa7e92ea,0.012495249841770806
ck_b6527a85fd682554,0.020234041284240237
ck_11f9390a11ce9ff5,0.021440790960225446
ck_ffb4d892c5158201,0.011137055067823047
ck_d4c1da5a1427fd6a,0.04855041901910216
ck_2c041b1efb1c5063,0.013650001703955864
ck_ecc18f40b33be769,0.10721335700152115
ck_0525349f3945375b,0.07648835737700013
ck_0bfe62e0c7eab9c9,0.008969767549928015
ck_b7c37d410b1646c2,0.0103831398586712
ck_4b15b0746318cf42,0.11469463901934186
ck_e5ee006ecd8ff661,0.03505598300118912
ck_ccc83cf66365357b,0.01370106634869588
ck_34a33ffe8339f66d,0.903526237834611
ck_4e39e3b165edab58,0.4320958133634712
ck_1a71f8081ae00190,0.8226039122471596
ck_ed8f1200fc049c40,0.8292158179757797
ck_8a5a57858e8c77f3,0.01689461903869452
ck_fff9fdc2adf5100b,0.19055475211380413
ck_c76f1bf40f3b787b,0.00893531103358703
ck_1a6ddfeef82b1b1a,0.004300667073170809
ck_478d2667aa9896d9,0.015212664434651892
ck_641c8e7694b21f3b,0.1209193475870863
ck_293581d879f6663b,0.48438121159785263
ck_1bfa8abdb22be8f0,0.2400765873860505
ck_05ab5b03d0bf9ce4,0.45579827600157174
ck_35694db37f0cde7a,0.005596433454992981
ck_fe33eb743d714c03,0.012778552273878169
ck_abd10fbcbaf2b038,0.06247537048541932
ck_46d51648c1bf80e5,0.07902580640069459
ck_5c8390017fabfaef,0.015634975407543866
ck_87d55ca333f22072,0.008096171073387368
ck_c39c6a1453e2b92c,0.0059349953800463436
ck_69ff1b0aa143a168,0.010563929997893158
ck_e57c79eaab35ded7,0.06119851861134784
ck_463ae759e2b6ad1d,0.016691434427415667
ck_0dae4a7eb587f3ba,0.013881493487850963
ck_9b12fb56529ebc4e,0.01436823167825644
ck_1af547077ba2dd03,0.07224939753647658
ck_de13de941bebc7cf,0.005684947707428204
ck_83dde7da2bf647ac,0.012044628131238553
ck_c80a94d4660041fe,0.027663281471385352
ck_f39cfeb277ef6528,0.013742802003868876
ck_1cec1ed1512a2d3d,0.008867176389655469
ck_7955a359b6448799,0.013620875673613867
ck_8c0955dad13c3ca1,0.10497255047462922
ck_6d4cd2de601a2308,0.080441268874843
ck_f4536ba8dd2d551d,0.013558602055714245
ck_b379c198d6db2d62,0.04375181525780239
ck_76ea90ebc74bcdc7,0.019009895666432585
ck_734f06bd4aa92781,0.032455533202108686
ck_677e1d0c14cbf569,0.017267477553979685
ck_259271c70f3fbcbe,0.02427491802595378
ck_c0b744eb9e7d4eb7,0.00766141454744634
ck_3d41faeb96802f68,0.011262591442401278
ck_8f604fa70fc3c8e3,0.014427378480995345
ck_0b3c3bea0e0ed339,0.023053823648634206
ck_be5df076b8a86409,0.014016364652413953
ck_6a475fe324d7d790,0.018459950927549804
ck_3ba3fa5387bacee8,0.004751824393392653
ck_324b9939d9c1c31e,0.009845953183920684
ck_a7fcf7b592f68ca1,0.09698495966265466
ck_5b2728f7cca414ae,0.008012347652848147
ck_5f4a25ffd0b85a47,0.009602721687939434
ck_63d4f5076fe4406e,0.004874530555353512
ck_af528d66c86f0cb8,0.014278340585522829
ck_ac7cdb9b8da7b5dd,0.025415275407406995
ck_3bece63711407e25,0.027373075327187867
ck_d4e0b2a12fcfc35e,0.02091696581033764
ck_ee3e7c9d3a9c74b4,0.1871226118985157
ck_50d7c4dab837bf66,0.012079606693348097
ck_ebcb93a2990fc914,0.026991121335479002
ck_2329cc9702cdf7a0,0.027921182913106524
ck_db1fa53d588bf99e,0.01110790393291106
ck_44e57a0bad5a0745,0.01898607631889797
ck_472c81a144f4631b,0.010137071411529967
ck_1658429acd5306ba,0.022684742756422793
ck_466103ec5bd9444b,0.01561424927076073
ck_9757163e25262b74,0.017673658863354976
ck_34ed59bc2c9b0186,0.009441056715003077
ck_b7bd3a7f263f4f29,0.03633182319727466
ck_149662b09d632e41,0.010800596725960156
ck_a9ffd6b3957bd41e,0.012267151694380907
ck_ab80466ef615e85c,0.017110989277178794
ck_f2c824d3473db24c,0.009797285023792752
ck_a4a01fd45936b078,0.0179108061610375
ck_8f6ce158c2902877,0.01731631855948877
ck_5189a302cfa7cefd,0.0065229012500927505
ck_430a3d03be588201,0.03484253595447406
ck_b5f9dd00914b4db4,0.025010915672423032
ck_52dec82e9cf6135a,0.033504685931425277
ck_95e444a01e2ab4a5,0.008574390569212964
ck_e37cee7b123692af,0.012393230108366734
ck_d68d42858a55adff,0.05386262595987036
ck_3abfc010091d679d,0.0727474134288577
ck_cee4e4e1b62bf82f,0.019502401637692846
ck_9ccb17c35e636c5e,0.018685423422342286
ck_f72a5a3b0d6c1177,0.012338822902831108
ck_7508aa554fae6afb,0.0936506620201456
ck_003aa842b7ca1d77,0.5186849132367941
ck_83b2b192f41ee2bc,0.16873900074887216
ck_64796b6b2c3c7f06,0.013417489403374783
ck_6438ae81d43cb196,0.009828489276790133
ck_2bd73d9098504760,0.04085664894873453
ck_aa8b9b36a099e4c8,0.01991637366490394
ck_e5ece47d0dd10526,0.011167837230085326
ck_16077ac345472e6a,0.02509347009764807
ck_a4d6e152b0076964,0.010615881827937651
ck_d90b1d03ae151f62,0.01845010530767873
ck_18b36d342b530af4,0.015493304750711418
ck_2a01e610348b84f8,0.02052166490211145
ck_0a93ed76bf36c8b6,0.009369825720485017
ck_3d56b477fe2370b6,0.08240550799886726
ck_17ab3068fa303682,0.029901323999517847
ck_592a3520d841d11b,0.008693751304817685
ck_84d07028b5fca2f6,0.035917333583710284
ck_f4a2bb10afa85743,0.01041571766031354
ck_4fe4b072f03f2c1e,0.0033551827160215857
ck_9ad08fcc183ea1e7,0.017183907916666963
ck_130d3848b9dcdb05,0.00902139084963588
ck_bb399ed6bf28c230,0.05390101368397584
ck_a31a64a39a2c4941,0.007539460932818232
ck_c49f25dfb39909cf,0.022569233223884877
ck_55f50a9ae2db8ff7,0.046711330417944286
ck_09faa4e771cf876b,0.04040865866945058
ck_df520a7a6e405889,0.02170985143324632
ck_8c8c98cc694ac900,0.019159730130850552
ck_7f0c4f609673ef62,0.010637454491459754
ck_f51fe59cd445d2cb,0.010885783297446112
ck_b3fb83f0d772a831,0.008040101928152913
ck_d6e7e257751c299b,0.011390755402790538
ck_0d362ddb4a1cb6d4,0.0572517232652469
ck_a574a08edaf81781,0.009195279816458011
ck_a823f5bcb0e4b9df,0.006617064444105002
ck_f792586ad0381eac,0.01814940357495882
ck_54bfd70022c66983,0.009121234646208372
ck_fe0a9372c9372de9,0.07903906428062928
ck_5691cd6fdb6d8147,0.010967053763284308
ck_a95f212a02433d23,0.008060352465666592
ck_f5adad75e1c06731,0.036316420537043446
ck_e09c97520eb0533c,0.03850108238099034
ck_a1e13c0d58560340,0.005941684593356187
ck_cacc2ca410cbe80b,0.02402697487253983
ck_c0dde2a6ef1e08c5,0.015584196946654576
ck_a04403073c90ce38,0.004967580442889422
ck_03d3026107175dae,0.013524161847690237
ck_50176dae5b1b716d,0.0031650572493779295
ck_6c084bfcb38e96c3,0.01999212416969051
ck_36d2be9012f7909e,0.039789926538324624
ck_958acf84c6137a22,0.019043135114202907
ck_114722e12db90a73,0.05065160459126115
ck_203c2a22c0c165ac,0.016568004994314
ck_2c44ca550e5cfa82,0.023900418149054928
ck_df0a8f20ab8f14f4,0.018815476334365627
ck_826a27ff7555192e,0.010887463093016497
ck_09a988ebcf062297,0.025423090885083266
ck_5c82444b3b9160ae,0.026392360873020517
ck_f6a4a7ed27fe76fc,0.05168543444824768
ck_17de46314b5c6a92,0.022342792626026398
ck_335e63101b1e6c4c,0.04603771176597647
ck_c5eefc0697451de9,0.0440238176572342
ck_49a0efb5d4067b6f,0.11550505714340019
ck_c1f4509c8f5dac5c,0.02848594149887764
ck_57658eda1c59bc52,0.0033748872435294336
ck_0d5c0736ec76385a,0.007207713119807627
ck_e0239e6ae30795a7,0.018408982466652412
ck_e4459115cd8e5e4f,0.015725715081521506
ck_bb4aec09d4968dda,0.2137097407209341
ck_a1b4c96faed3e0db,0.021962143787189175
ck_8247b79ac67aae7d,0.021756599589429618
ck_fe2fc7d6e5d83f09,0.006899359209721715
ck_f6aea576cde8d592,0.005343329647498835
ck_b7e7f7d0cd886412,0.039694714513220826
ck_ca7b993e8286af7f,0.014857602478263732
ck_47de038381a9cd65,0.01090077694263514
ck_d38f941d09eec820,0.021760467472673857
ck_d9ba2a6c0d926b4d,0.05275624974248952
ck_cda72f597330d0f3,0.01790958485266543
ck_16d2d27fadeeacf7,0.008973809983072581
ck_be05447853d423a9,0.007741489867979762
ck_cd92852d7376a4a8,0.008588961734418504
ck_2faf7ecccc9fec58,0.0048622649312937
ck_db8733fd92f20cd7,0.03125205245629347
ck_a9989a3a94c26634,0.015445079103470993
ck_957fb25437c75e41,0.08825889016576989
ck_e6a6caf6e7de17c2,0.08659870575035361
ck_f7bc569b37e8bdda,0.02326986674698854
ck_703b375dd86a6124,0.0278712850327267
ck_d3cfb3603f2c6ca3,0.04092759077811445
ck_07cb2b6f2a4303e1,0.022755888784624253
ck_31631e2028d4f855,0.02020644628267905
ck_1631bab0ba1256db,0.01136252532199621
ck_5fdafeaec036f016,0.011104760015487148
ck_6eda4c36aecad602,0.046175352875139145
ck_bd1bf9e3e29de281,0.05314179550209191
ck_bf378ea558a4125f,0.6488550844436084
ck_7aa2deeda0e57412,0.9853660500994066
ck_d229cf7f5a3f38ca,0.012582993124312231
ck_9e109edd124492a5,0.04404409862235063
ck_779491819995625d,0.035509897112408706
ck_b89c6fa2ad0a12f5,0.016573054761279342
ck_1d01b4a609918c4e,0.8369833459766949
ck_714c5d7cb17bc9f2,0.012081023635881137
ck_269f1746f2609ed4,0.006558534467261863
ck_4be03a2aa62b93c7,0.010655853338432846
ck_cf920313f6dd28fa,0.020099021669681513
ck_fb00aae4e17740c5,0.009513702360229085
ck_085d8c42739e2b10,0.9814814410798028
ck_c72a7d0d03cf3e17,0.0568178137081984
ck_8f6ca5d3b17eac6e,0.014630191488230198
ck_d9573100bbff4014,0.13636864138469235
ck_79d6793d1d0cf43c,0.012315767355075955
ck_91fa5032f7aff0f1,0.0536422127639877
ck_87110d84872c0fed,0.009594724345946494
ck_8220da627e9992a5,0.014710733464361223
ck_2ae44938847f3852,0.014315759111522509
ck_b0f191e44f9b6f35,0.02633600742578477
ck_3049d744b527f4d0,0.016221880316702148
ck_47d3e8d1dd3fbcef,0.011708046988987258
ck_ddf787359d2b5deb,0.00799083936070918
ck_b27a9e39726b26d9,0.028210444535301277
ck_80c4e9274cf976b6,0.973378704559001
ck_c6afa913168ce8fa,0.04926977747495394
ck_52427b3f8478db19,0.01862845646828933
ck_3b810f15ca0eaa55,0.008880218322134866
ck_0c9e420f97baaa06,0.5836763225919821
ck_f8540cf3a8b2f8c9,0.0348298149647856
ck_1402d24dd623df72,0.008278041024665062
ck_eb4f4267e24d042c,0.03826971842414699
ck_6f661b428d6fb8e4,0.014569793546685538
ck_519a26ecf3d29c90,0.03161914451515775
ck_e886ba71d4a6fd73,0.016062593492701935
ck_437f9ecd2016a1a8,0.030771805037883876
ck_f01af1b0c977cc06,0.008367212368351647
ck_614f777c2eb5d537,0.03499730520765169
ck_b804e784cde9af8b,0.008865849895442687
ck_c2dccbc1b24b137b,0.1464292143385839
ck_1df4a1781a0f6999,0.023788500774102522
ck_bd2cdd53fca26171,0.010438666385834117
ck_424c254249a109f0,0.012675943291729545
ck_cf2ca4f286e289ba,0.03188990278936092
ck_6c33cb15b0d8af54,0.01186315673933528
ck_311d395fa9b8550a,0.008595291005498553
ck_9f792e7e721ff7f1,0.01077574541852965
ck_4c37586080edb7fd,0.006024525189316223
ck_7c4f42c5397113b0,0.02588192600062373
ck_fc418f53ce4aa579,0.8650699484531009
ck_1ba28fb7ef726ce2,0.013130720071992421
ck_d932f98bf6b83956,0.05079919499263945
ck_248b3659a9239240,0.042026305255470256
ck_6a92cf5f4cf5de38,0.02485390476031414
ck_65519d0fb137e0c5,0.026083380649893413
ck_ddc3fc99eaba2064,0.030051151837219382
ck_7310cda3bc65a73f,0.003617040472170167
ck_c01c85bd631d4054,0.005204150283628542
ck_b4954d16b9749829,0.011523593740127517
ck_f301f6758e170d66,0.008924844284384035
ck_9bf95f8c47e7c7b4,0.0085970675047073
ck_c91b7fccf6aeb4a5,0.021007885932606815
ck_785fa45e86bc5e95,0.01595711975752215
ck_2a65f1cc23f1180e,0.010890300366361183
ck_a49a2c1f881a3560,0.028176492756939606
ck_def344d68f06d749,0.010513951475097538
ck_abbd1465fc730d78,0.01879244832770121
ck_07a5610ed28162fb,0.013997927390869386
ck_7ecdee2d7127be8b,0.10437807440314796
ck_67858bc00e81490d,0.009873679451510816
ck_b4ad165ace910222,0.008675769137549198
ck_30753ffe481a1b8c,0.2223883080806347
ck_c401a26725b17177,0.007333049598316359
ck_819988d8a7f26415,0.004443734742084555
ck_3364a1d9261b3638,0.13034770536061396
ck_c484c5bda389bf20,0.007371270783175347
ck_ae416325fef92c9d,0.7467230504905356
ck_5517b9a865960542,0.017944197824934536
ck_a0e96fed380440b2,0.011182120778743265
ck_e83409471d2b0b44,0.02404112938221419
ck_127273af97d7827d,0.008709426993874642
ck_aaa9861c91bd14dd,0.014067142902876554
ck_a378c58294001a36,0.7263809046521923
ck_abb9d65ff1f95b64,0.023405659322962513
ck_a5ecbefa849ae569,0.0108547757511949
ck_aa9953c0ca2bed7b,0.010550285030611443
ck_40bc6de252865f32,0.003882169379126346
ck_9fb11688dcfe1513,0.07450974119767907
ck_ba68841ca2ba073d,0.03668061052431265
ck_1d3e561a7d20be0a,0.9765765617662195
ck_99a92d710a29c1d0,0.033930956213269164
ck_ede2e887697ffac0,0.02596551655877305
ck_e6de67c0d82a7b83,0.010640775785207073
ck_6b38763bf5ddbcef,0.006060543868949124
ck_8dd44eead7d765a5,0.009033191393315345
ck_30bf5b0056eea9e9,0.19311019878171054
ck_2981d16f8a51a8ed,0.03158448748664143
ck_fc60f42c68c7024f,0.025503800418770026
ck_8e2b2251ee224aa4,0.007509213948704716
ck_1906f0dfaf6e9bad,0.5131454033602176
ck_dcbe6814fc4ca0b4,0.030216743718790868
ck_f7e958a286ae3b57,0.03627155349127274
ck_713649668a7ca824,0.0112574549738582
ck_6f73cdbf9305e2ea,0.00910338428607759
ck_dd1c490050cd9051,0.02633763177406396
ck_e30db36e376606f7,0.16137152836674235
ck_740d8fe8028b5a2e,0.02847748335186622
ck_ebbc9418cd41f692,0.015206042467595025
ck_7b3cc6cc3f250f39,0.018699695879576008
ck_1d30eef7110809e5,0.23447031857781891
ck_77e0589ab339ca66,0.027588946015305517
ck_15ccbf8ff7d14086,0.01241280734158028
ck_246989b0c288664f,0.028464375141501935
ck_fc2a6e27b10b10e9,0.04696458068840332
ck_8afc1112c12f5402,0.015136072027874582
ck_a76e8d83b9141364,0.023286953256122102
ck_51d3e8dd7465c015,0.0059534257218270496
ck_e7b4016909405981,0.009515984131215311
ck_e7a3cfb9bf908e80,0.013318209315661859
ck_2bb49dc2388cdc1e,0.01544215154260322
ck_94f4266ee7871345,0.006266180798368172
ck_b2c896beec146477,0.033975025537284556
ck_fcf5d4a4748cdd53,0.06135996770218856
ck_fd0483639811f62e,0.12978694765138973
ck_9a21d183524734aa,0.031695724448490954
ck_1df4b46c0a4c317d,0.017559776848402438
ck_638df9e8a22dfe0b,0.01141306443160824
ck_65acc43a6dc3e65d,0.07123537319848681
ck_7c67b73196e3d0d9,0.12131408593273678
ck_b0ee3a98175b462d,0.01059019159373771
ck_20fad010969f1abf,0.026604177959110603
ck_54b087bd873af8b8,0.005667750003461018
ck_8007824431fa803b,0.07308006567065499
ck_23aab322810b9fec,0.006187653686767589
ck_c8001bdb9aafc8a6,0.00549434875436151
ck_3a34c3ac83cf84b3,0.05439548707296509
ck_60187ac2c473a662,0.9643771202661306
ck_6a0ccd7357979f0f,0.033653662239224495
ck_27f20337bef5ffe0,0.010534440072864932
ck_f9fc468915afe49c,0.0496842073369422
ck_1eabc15a94bd9009,0.019554098501782295
ck_26896c494b2768ef,0.011944056091268777
ck_348c874eaf0354f4,0.015555594283822789
ck_be9c46acd216b45d,0.027057530697625107
ck_a3cce46d15cc20a2,0.039327497784347444
ck_70804f60d9704128,0.03305925994628937
ck_a019151ca8e7527a,0.04600555602221098
ck_571133b2aa8ead51,0.0390101223155911
ck_0afa4449f20d5196,0.039577804655945986
ck_4d503c41cf4e5034,0.019144877674826193
ck_d6fb9cc5171e3e9b,0.3437972976352946
ck_05ed92a7c3e10e5d,0.020508267598571613
ck_bfb067986660afe3,0.037084591653625994
ck_c1a31690c8573226,0.009475705238744478
ck_cb88ef3dc1f42225,0.008635423003551603
ck_21e3b3bd998745e5,0.012913039625929195
ck_cf52e46fa54e4540,0.014759772303510579
ck_b72c7ac4208052ab,0.031859094642747714
ck_e6465c56b337e6c2,0.012708113531462
ck_5f87eb05d18186c0,0.0087077028379857
ck_263f6c5ff26b5e98,0.05691199694564594
ck_e0b7e2c0bbe228d9,0.022000896666249062
ck_b657ae3c146cb7bd,0.02022663086028307
ck_abac514d8167ea58,0.18503179586048993
ck_024dcab126876002,0.030194502295462358
ck_5d8481e2b38bd99d,0.016203747498021767
ck_edf229c17d25dac1,0.08055732327971085
ck_6cb7c97b72d6b5d3,0.023751878821581016
ck_c96ae2c28086a059,0.0074804929103507185
ck_2f241b97c0f8389e,0.042793762369097446
ck_9158bdbb63ee8987,0.015029763263485079
ck_e7b40b60786c1530,0.005723245551813666
ck_66d38518f68e6194,0.016424334482059627
ck_8c9b57ad2a991416,0.054298227746115584
ck_cc91bd7152d3e9ba,0.012127604866815127
ck_0d846660c7957a88,0.05330590166617416
ck_60896cdac2212bea,0.1000794441043702
ck_dc4db8b932df49de,0.05498754499007394
ck_2dc31db181150e20,0.006357894922711355
ck_2f138fce1171e277,0.021867402115360934
ck_68b8b859a6ef505b,0.024899636328011628
ck_c3fe0c6c5e1f40f6,0.05827680481620749
ck_15886fe84866de92,0.014539954942718479
ck_ea269b35406473e8,0.01680561623874769
ck_3ce7cad1f69b71d6,0.017311493103191654
ck_054ed4288ee58d6e,0.0776188631262872
ck_3d4913a86f207fee,0.019813903849455416
ck_23ff85f9d2355e8d,0.017042396980608235
ck_d87ab3261322216a,0.008565408804614398
ck_fac046ce336fe39d,0.0824676971759956
ck_beb97e498e6cf8e8,0.0723478846199267
ck_1f517e0ebf397b51,0.017572937400822004
ck_0af57ebaa45877a1,0.0034659459328113713
ck_f99bc1732ce5e999,0.015398354840735384
ck_abb056a9deab275a,0.025518967944742968
ck_0bfc394c5faa65cb,0.017707131533186923
ck_ddc865af1dd5670e,0.02206787044419032
ck_68b5542459638b56,0.01465151617445215
ck_0b1d84252c0b46c2,0.005262236409108535
ck_520ec32c4f253604,0.02259153832488208
ck_79ffcfee599d77c7,0.01869761970316387
ck_eb224c0fd146253f,0.02408712593341354
ck_0e477084434da450,0.025693393512981715
ck_07840bba5570785b,0.14117206017846037
ck_6b67fe8e310ab865,0.008489366287579753
ck_e2a1068c2fa22525,0.046178517504536234
ck_b9c6b32f6bd92a3c,0.039101641840441154
ck_c1e7d1021ae58f00,0.006305678518492149
ck_5d7801201749ffde,0.03399815833544932
ck_c8806749e263f70b,0.0051956375429122355
ck_c9eeab826781dc91,0.01529712644007332
ck_309a432c160a17b3,0.0051202056774174165
ck_b22e3337b8e3dbb2,0.0077675784780033095
ck_79c30169c71b8033,0.8796750407856385
ck_5a6593d954085775,0.02802958076057917
ck_70b9b79ea1aacba8,0.011321816143237365
ck_63743141ffa11f45,0.018595580613420253
ck_dfd3dbd0d97a642b,0.007427740076870927
ck_635646a661f05b4a,0.017879583527470853
ck_4b123d6931b6d0d7,0.3760037851836586
ck_f2b0e7a47f442557,0.05974943852728772
ck_1b1df006b81d38ba,0.013631503427997665
ck_360237c1bd30f4bd,0.006993310096592846
ck_5e84bca0e362da20,0.04041328259356575
ck_142dba210ed2f3b5,0.04488489813690201
ck_a3564236069e3524,0.1120383745884209
ck_cf36d8b070ded782,0.016879045978542485
ck_ddd6625c5eddad70,0.004604977479914085
ck_ad54292a0b2f44ef,0.005904682957938398
ck_45cd5ef6b359e9b4,0.008314784936024541
ck_982c2392238b7be3,0.44697566022460855
ck_083e4ac78685c3bb,0.012393505814235182
ck_729cc0b46cc2e546,0.309667021267661
ck_f2b8995fe5402759,0.009105813445795675
ck_73e24f5a8da289b3,0.022033213710484466
ck_bd85f30c36f5998d,0.04707964552398298
ck_ee4ff3aeadf912c1,0.020409082194582494
ck_63d2978706e193d2,0.02158710860188962
ck_6a0684436a1e66c3,0.048718805638186514
ck_182dc4a2f5a366da,0.01134166507881167
ck_e6fecb82fc2a82de,0.009604567390066238
ck_cfb06f07394dfe64,0.008830493067056706
ck_7bbe1dc8add17ef0,0.012514007161959398
ck_5cacad76e02c8e3d,0.5411402339588057
ck_ca68dec0c7df5a12,0.023804288457876036
ck_e4c0fc52c82065d3,0.00699580119458057
ck_f9197b070416f443,0.0040565887895682206
ck_2a07c7021b71cf65,0.028384542040980728
ck_4fa85cebf707de2c,0.011323101911034946
ck_0063d2a9507467e5,0.0089697626673717
ck_ec986285fff05b7d,0.014068859279716756
ck_279d43303708109b,0.026544687570446764
ck_a406bf11e48cf8c5,0.03460732316347643
ck_064b2aa3f0bfdb6e,0.010053727062537007
ck_95790440bc4bd2d0,0.013713952747511323
ck_70066eea13b4c34f,0.009049671278162355
ck_19468fe07e26f992,0.8570037789341887
ck_86bfe328e0a533b9,0.5564712192252816
ck_ace3b96c977a7560,0.09247760372270131
ck_642344e5c652d8df,0.024406407962272156
ck_074be35c951ae10a,0.016465771910438916
ck_f14dce41036486a3,0.9796682371502281
ck_5cf67a3a747e684d,0.06599349623401209
ck_f7285b92648c1c81,0.009671358148835081
ck_bef3193f124fca5c,0.04632673321706514
ck_05c4dcbb45de1f8d,0.04902516372390575
ck_d7c28eaa05bb7144,0.014846296751642401
ck_320df984791a1b99,0.007109017786815185
ck_f45bad1606fa00a7,0.012766587449612225
ck_6f81c199e986d9fc,0.006454202124300236
ck_d0c9633fed57c344,0.23821486401490385
ck_a3c25d6cc7478068,0.009457852963991525
ck_4185506d12cf9fa0,0.006819719178817817
ck_7a02ee1bfba7353b,0.014416914802403305
ck_1b52590757c0fbeb,0.010555654004972399
ck_a0e5656e1cf9cbf5,0.006391603187188738
ck_ace21f6daef94f6e,0.009379539404178391
ck_646d8d0834782d6a,0.14368098336101945
ck_1f136a4476b5e775,0.0536217358616986
ck_325c7643cce02da3,0.10944394857809561
ck_9b5e7fe28208f5d1,0.004848719532758039
ck_05d81b1a150f31c5,0.017407031855215062
ck_0e9ec486bff403c5,0.008280273877854898
ck_ee13c091bc379188,0.018746479998374095
ck_f7a7f8f5903617c5,0.023305444954022002
ck_96c3a3517153390e,0.021423702922517163
ck_538dad7f096458ad,0.0024357844970074173
ck_8758fc6622bbb7df,0.021835399929826957
ck_f7e53af3c91fec64,0.026368207807097713
ck_80b50fad7f255e1d,0.037764685509488805
ck_9645e7adc08631b5,0.03874122268602178
ck_e007aedbf37d6ec7,0.0075810211992143346
ck_2951d76c41de2569,0.07010233463949472
ck_9439bff87e616d4a,0.12294621723087748
ck_a73045e96af0e4fe,0.027950626695323538
ck_7b382e533e2e925a,0.02262932757263711
ck_730226c2d216cacc,0.059712896407601246
ck_bdf837d761a7cec2,0.08544739285568115
ck_0b34197335ba3341,0.014432761696586294
ck_49170c4b31a20f5c,0.0077062611531732595
ck_cd553ba6589d8bfd,0.006529792103745467
ck_56b992c6f136fa5e,0.03845109843094246
ck_8beae3d7328fa41a,0.07874691300913585
ck_1a065ea906ae3d6a,0.018099100475379347
ck_e9e3381d5e0e5051,0.004217693580069371
ck_a6d4f998dadc90c2,0.1299377542331559
ck_d36733da917115a6,0.009281017441041725
ck_e738e920bbd74a7d,0.02859723699717341
ck_af65eb885a51048d,0.014632114463896423
ck_73f4eb09af29b1c0,0.017454835086058253
ck_8fc641b1750a2542,0.035830760564371955
ck_41b954c7a948c060,0.0459128311078063
ck_25fc3010e8a0f6d7,0.053523211060602344
ck_a2624e0387974e0e,0.04719888581565576
ck_5cb9d7b2329d5ab6,0.021193242454672585
ck_6c83aa1d100a7cd8,0.03649524068944016
ck_67025c64588abd1e,0.01094555592176992
ck_f5dde68f6f0468e1,0.005465714094348719
ck_46bfb2cfc29a6d2e,0.028360483582858684
ck_49dddb894d33f6db,0.03712968204229319
ck_f738b633b8862d18,0.01085659098504927
ck_3d6c3c00d854f5a4,0.035685452189999155
ck_cdb8061d8d1a6c5f,0.022369588341072697
ck_5e1b81848718bdc3,0.015197821765517157
ck_8def763034187436,0.034079012953149114
ck_8f8e4fb9c6190272,0.010266236910479176
ck_368b968b5f33431e,0.014867650138423418
ck_ba7e347251ea399b,0.026064941364874913
ck_9075432001a64e75,0.007443448067451007
ck_73c5371635aca173,0.5591552847180833
ck_81793387b38047cc,0.016519057347712904
ck_0cf220816e320ac5,0.004547700847977971
ck_820219bb9c761b52,0.04365952574124558
ck_70a932ab39d86a24,0.00837448307032464
ck_2c4be237a7ed79c7,0.010087172090174385
ck_acc764b49ef02826,0.12681886977586074
ck_74c3c3452e4e7cce,0.01483237313746641
ck_34dfb57e5bf31d2f,0.010300591680662337
ck_6ec39903f765956d,0.024457958573600072
ck_5986119e7d81e831,0.017941539162818182
ck_2ddfc948b8eac752,0.18474612773524607
ck_921ff5ceaf40a968,0.03956926954023425
ck_fb3b68b4424b5f92,0.04636353473390334
ck_c3db1b3ad4f16679,0.009320575320729598
ck_124a197be41687f5,0.012593499770233791
ck_c58d9151834f5bad,0.022706027629786223
ck_389607982eb6b701,0.28710852855295094
ck_fb0c138c003e933a,0.010122279166697409
ck_50d0bb7edd8c69c0,0.059063948588882614
ck_c6cb651149dc9a8a,0.013039231064105945
ck_81e21354e477eceb,0.07475683578023912
ck_7696e38b3e4197b0,0.013904861956134433
ck_586001d3ed9e7fbc,0.006777221622659674
ck_bba413492dc46f2a,0.016341379778973788
ck_95b894380ad2702a,0.0239747128242301
ck_277621473369614f,0.9822524177342419
ck_a50621b5eeca84b4,0.02184146272868763
ck_bfa7ba218b988cde,0.06790019332509882
ck_5ea89567dfe78e4b,0.012113995864841976
ck_6c679602a6476ab2,0.023954970984914472
ck_d3885e286b3b11d2,0.02363201474022584
ck_cdcf6671b37c9c92,0.009986696959932612
ck_b5c93e6d34f8d366,0.016464116579648417
ck_c24f61925dc158d5,0.1079197525380232
ck_cd09375e6c81d2c4,0.012533570221796294
ck_a95afc7a00303a26,0.05313606193744776
ck_8e89ca8b39f3f8ad,0.01452481286740329
ck_9a84b396aada3fa8,0.10737894700169724
ck_5124a2e415384945,0.06103098917836
ck_d66bb1f063357f99,0.020756797512787653
ck_0fd9312411b0ac55,0.02264236712577475
ck_ad8cbe6e27e47ede,0.02359924044391639
ck_8398adeaf41f9cae,0.041753523583409544
ck_dcf851e7bb5855d0,0.004327085784438828
ck_9affb0f26776b642,0.01670787006544802
ck_f0424b3b36bdbef0,0.04472785611137173
ck_66746d1090d6d9e9,0.027263605958118813
ck_e5f8c8a5824db594,0.011540898796203201
ck_3e91dcc209431984,0.01881897386485396
ck_126a82e8d42e5ce6,0.017815509288307687
ck_38e4a74ab256e2eb,0.008564896176805078
ck_1225a97fc413a419,0.026315258765882067
ck_9b5ec0f78e160e65,0.027482431311924432
ck_7c5529bcc079600b,0.025769236387699866
ck_29640fc2fe81c251,0.025839574649788585
ck_160e9ba0a3f7c1fd,0.00859608189641374
ck_bff090cb4ab76b9f,0.09702891604039526
ck_aa06ed358e43db69,0.03460364735432504
ck_7264486eb512d84a,0.07214148346836602
ck_f5a32e6160b28379,0.026026834273498632
ck_4ba8bec14c2217e1,0.013787551087806098
ck_610815786d729d2f,0.06487816258493212
ck_e267999226b6321b,0.012587461695107232
ck_f3996a3c8eea1ea0,0.015679156997682374
ck_e9b75ed7567a3f23,0.013643048047800414
ck_d21612d48bb4f7b8,0.007958319964085699
ck_1f871df76c6a995b,0.03304487357017718
ck_953bd5de48ccd70f,0.15195772861395568
ck_02a9104419a6dbaf,0.06488170041794268
ck_1eeeee651e05d535,0.02468187619973483
ck_e2ab04136a442a98,0.021201882182622516
ck_f0d806624ef3d359,0.017153503531644354
ck_4b68b38c1b3326a3,0.0368408746441126
ck_74e60495f8861156,0.011391879443877278
ck_398f3f4cf05c721b,0.058908650459998546
ck_f761b7650a0c1a85,0.2606489263817586
ck_7dadef33f5e2d94f,0.970205807896472
ck_6ff6883633b8c7ba,0.00916251598340074
ck_4d2159603045109e,0.026405919411928564
ck_a38bd07a5fac5c9a,0.014183493912596871
ck_f517f06551e69507,0.006140013446133146
ck_a7ea00a1760ad561,0.9746852882532968
ck_31fc51d5a3dfe16a,0.030914128454960423
ck_bac5233623b25ca4,0.018004098340275148
ck_385188ab27784fe3,0.03896865700147318
ck_9947a323bab5cacd,0.08388675200671343
ck_7973edc9f22ee7b6,0.06671893088121338
ck_f97c477986043755,0.030680909367406937
ck_1a3fd2cc4b4de196,0.006189340137999783
ck_e18ac29ea62cb435,0.039226009462811774
ck_9720a472a3e0140c,0.014328769077734175
ck_668c7fc7d7e47c0e,0.029787478677856735
ck_214af0806470ef48,0.03544407627169343
ck_a46c1773f01f0be7,0.048559367719667186
ck_f2bdcfb4203ffdee,0.015787149509726067
ck_40e84e6ffe788a4c,0.02191877670427598
ck_dfc6f5712d8d6678,0.053107069136692525
ck_01ef1036b2e66a4b,0.014470138335107196
ck_3acfec10eec32f9c,0.012329445770562063
ck_084a85145c15ed77,0.016279506560441238
ck_fcdb4fe2f095fba1,0.049705668277049836
ck_023908db0a193076,0.07434344715086594
ck_fec0ff92fd622253,0.020452481275393106
ck_c009c97d5fafbced,0.06679586379737602
ck_eb9f0c06ee017ee5,0.01718769885822114
ck_d7792b429620fc24,0.005716562540031977
ck_5e9e149a3b69c726,0.019440228547899913
ck_ce927322ef8f651c,0.008071080602326761
ck_b8fd61a8e82bce32,0.9329568782659438
ck_9aafc33fba1474cb,0.010406569348408286
ck_ce81ff9b8b35562f,0.07087167751468576
ck_25bfca1d8eaa152d,0.008578708652312465
ck_170c65860e2a7e23,0.05894669784953341
ck_952da7ca9f33decb,0.05610826593043511
ck_1ebd574406235957,0.007444534859105249
ck_589109a188adc2c1,0.03400570227559327
ck_f0cbd5383bb07778,0.030165290199168422
ck_242521e261148fba,0.008536708227546704
ck_509cece86a558de4,0.03422317892809646
ck_0dd7c5925d28755c,0.009552172770945812
ck_a7e669cf1c3985aa,0.00920691552125279
ck_acb84dc2351eeb76,0.019377780853033925
ck_b837c7dac2a9b931,0.0310652575918291
ck_18eb1f9181f95df4,0.010320302600377147
ck_b0b9047dddb1ec84,0.010126565315718716
ck_43aa136bdb0a2832,0.3175556381793374
ck_3e47f8c56c811700,0.018397505140517564
ck_77c587d24695ea15,0.019313796445599975
ck_20578ac693ea4e93,0.02262346302651412
ck_b9f6040eebd1605f,0.08808295630836063
ck_ca9d86f65cfdf018,0.1264361430510229
ck_a4fa8833995c716a,0.013479777190296974
ck_f589f1e29301b5fd,0.015597123904989312
ck_961ddb8ff55d868e,0.010425140595561757
ck_5662492a54e6688b,0.12196693817561416
ck_ad48826c1c26eb78,0.12466502662446494
ck_621c9ddde6bf2eca,0.023200073222581767
ck_417a3500b2c717b3,0.06302605990349788
ck_c7e129058beb3ac1,0.01118864831269474
ck_ec1c902b9b9b9c5f,0.09458865896907087
ck_317360ec0a67d27e,0.025646577090857322
ck_3e3ea5d8c4a229dc,0.0646710136515594
ck_d11d27de7bf0b973,0.03493493929863352
ck_d37d56e931105db0,0.023386616416665302
ck_4863077723cd6ce1,0.017916949258625296
ck_479a065d5903e9c3,0.007287313962798029
ck_e66ae4fd586fedea,0.018669107252508935
ck_192bbfd0d5720134,0.006025805947046421
ck_3b436cb29af99f3d,0.02982061898155286
ck_7c7ca54969eed187,0.02457966499182403
ck_826ee896c9f1144d,0.06696846384638637
ck_ba1f6dd43fc8a0b1,0.007719789849760785
ck_49685deb63e4e8f8,0.02176846477771588
ck_687ab5d5554bfa79,0.035584861880854905
ck_41346ccd9242cc8f,0.006481905810372933
ck_8f8e5e2b9dfec3d1,0.03499954067914349
ck_94d5ce61a0c50465,0.01429062477149622
ck_6b954c75aad8c012,0.03216569991384769
ck_748af92828c9d288,0.010166354683580684
ck_dddd14091ce812c2,0.012323112726520962
ck_723323f6870fab59,0.032123595920418156
ck_dbdf8d0708cc6718,0.009095374994716797
ck_f04938570a154de3,0.009153890182158876
ck_58afa1550b3b5294,0.01225514116029456
ck_3b150afde386ecff,0.020992600142918434
ck_666b95e75d99ec4e,0.8093087627957133
ck_e00332597cf1eb24,0.010688110822753468
ck_9a9e3dac79280d7f,0.34791020497278796
ck_e8d37262e859d9a1,0.014883811829556991
ck_895bb39d24bc1c4c,0.007654457453571974
ck_b367449195e36499,0.017700923269888362
ck_d23f9a50d1135ce1,0.06963508716017291
ck_670dc4910cf476c2,0.0064289297477091115
ck_3ecd8a5ce65e21ca,0.006946648522108506
ck_8584fea2df4c6317,0.02759233525959348
ck_0789ff4562202b20,0.02176046225426751
ck_749e0e50c3907be8,0.01501022191617847
ck_c3ff6790cc6d7e34,0.046558429865325296
ck_75fb7e56432ee4b2,0.007399505959804349
ck_529fc3170fd11abd,0.1408260707168778
ck_34a69b3b4a681796,0.2335338001348699
ck_255f0e5888ae9e23,0.03226966539495302
ck_65be698386474170,0.0072588970686708705
ck_5eec9ed855c26000,0.022248266377364483
ck_5ab39bdc9610f6f3,0.27964195841761913
ck_1b5b75762f033462,0.019841207642322167
ck_d3e208671cf37f91,0.6233609561036049
ck_5068ee554ceff971,0.017186761282991687
ck_d7d50fb57fcb2d0e,0.01064962973126608
ck_ba6e1115fceaa067,0.029428174815163438
ck_d07bfb16a4a7dac0,0.7835109338860242
ck_ead68310311690c8,0.47498260580949614
ck_ee53ce862bc9c111,0.03779166471036755
ck_97e56e6037024dff,0.005395142822893959
ck_80b04344c98ec072,0.015380692181311334
ck_5954f45a2ab45f43,0.01725251200790819
ck_18ddf7e836256e3b,0.015584029617835036
ck_89a1a780144d808b,0.010783424171109408
ck_a7331e8b808c39aa,0.07252836556828823
ck_a1fd0ad03ff9b776,0.014166805815352252
ck_c0cf50eef030b401,0.014220450874846198
ck_074f20921189e7d6,0.013130793328221133
ck_e2aa7be60794593d,0.03052781042237522
ck_72771757dfb7f7a8,0.04756049217242111
ck_a9cd84a6dddfe584,0.049962423915281044
ck_142c00f9f8557504,0.014482835278461878
ck_221b5d40358230f4,0.047101102566848504
ck_a2d7a563f520b7ea,0.012140301858407322
ck_66cd34bc568d95e0,0.016056047261711896
ck_a17128972d3e507d,0.008258826754401136
ck_bda299466bb2136e,0.04303872059833824
ck_2b699066665abe8a,0.016063573965087747
ck_0ac9848bd4ba0c14,0.008258216625487296
ck_98d2f9a6ba3a3077,0.9151984974401602
ck_a872df31b28a5f7f,0.06736199480597946
ck_7e73e1d44ce82ed9,0.0072948660598637655
ck_1a415416f620d49d,0.14286855618595182
ck_c95c786d2f8b8edc,0.00876392309770756
ck_e45012f22b7f91d5,0.011303410579258618
ck_aa0b083e2a6813eb,0.061064171132981626
ck_4666232ddbf77756,0.012880363820891685
ck_e08e9c8ec5f23d8b,0.018296626527441812
ck_31d4c0518e5f52c6,0.030155742499527596
ck_c1ab40638f04cb02,0.026414526021672376
ck_4c1fdd1669c7cf51,0.01801087156593924
ck_11662cc7940ffc82,0.017868460941854413
ck_2e679af24adedac8,0.03618003288709919
ck_454b9e21b7f25a4c,0.016574960174137086
ck_355c4f29089731e8,0.23945486270888586
ck_507e40760a24d2d5,0.050284804810193394
ck_0943e0f305078e34,0.9373586089289452
ck_abc54ed7111e9ed1,0.010755028609245952
ck_a60fe02fc04407a9,0.0654939427248221
ck_244b897bb4d57c1f,0.011049285749000753
ck_8c84fcde93a04334,0.1355542269655829
ck_9eea37d2de633b27,0.05651220542307614
ck_b2cb9e6610eca967,0.013419113850524972
ck_09aadb4c41b166f1,0.043778057496878714
ck_8d94fbb4828ef326,0.06308996152034575
ck_089e3a07abbe3b8f,0.0052456365412539285
ck_dfee9de05e3971cf,0.026462991603810722
ck_6abf8302ce052451,0.06300217730124946
ck_6ffa90143838a4a2,0.008726619309303435
ck_325caeab5c7a9c3a,0.011072081112587694
ck_1964ee9db929a173,0.8614792840796204
ck_942b95988a6245a6,0.04180610395675722
ck_913ecdeeb8e21a9c,0.01690489492502869
ck_ecf9794349eb4b3b,0.00970783356585928
ck_b6cb8d6ae828eed1,0.03522735416474645
ck_2f82ea66c4f53b33,0.057137075651183186
ck_6e676daa4855b58f,0.03203930689325345
ck_2a37fef48b44e9c8,0.007688913155544806
ck_3bd12d468fdc2450,0.015562086329512682
ck_1a28b6a40a6bd3b4,0.02190301749040886
ck_61b79dec96d15713,0.014887937419078897
ck_31d5e3daced93d3c,0.03780147241719445
ck_e6c8611c0cf233d7,0.04456356356018766
ck_f04761b4a937ac3b,0.009248187756197183
ck_38c1c75cf055031b,0.0156443889416632
ck_59a561f3df01441a,0.015106838917522448
ck_04e40f556a5062ef,0.005670256060150631
ck_8409716d174635b6,0.03510247091674078
ck_3019afee83342701,0.038731292707801304
ck_b51a58e7f032c9a8,0.0501343303997736
ck_5043e474f848346d,0.010237906089359199
ck_4388abce33ecd01b,0.3485638203456704
ck_c93def7392f0aff5,0.07965030746980122
ck_72e7b1acc19df820,0.07277511966200811
ck_f253130dc3ca5b3c,0.01057179030526524
ck_eb264d1b180d4b4c,0.07226516857175375
ck_c2504f5a113433ee,0.0028642162064443236
ck_c16ab1e4dafb4910,0.16583007225741686
ck_4bc42878fa180991,0.03252471717542377
ck_1c771a7c78f6622c,0.03466836158379577
ck_d523f0e50a2747ad,0.0047345780914962304
ck_9060f4e7ab7a1b0c,0.06680646884891482
ck_6b55ec4e87a5e22c,0.043536349292633406
ck_55fc62a5f89a7251,0.022188982773679415
ck_bd2545c62f258231,0.07242204562352818
ck_1ccdc69d0bb712b4,0.02626090041466063
ck_710f867a3bd5898c,0.015221308601104235
ck_f91d48c40337d375,0.07395748701224457
ck_f76d929541ed41dd,0.026020618744291
ck_e26a6659c237b650,0.01608462449312581
ck_184983177b73dea5,0.011932666018625474
ck_6d0d081bfa8a0022,0.015705559072304358
ck_2f6e64f638da0f97,0.043634493397126106
ck_15b93103ccd38609,0.010664220973768783
ck_094d10439b7b4eac,0.03156030892129873
ck_d2ca47180a926ba2,0.01637042620907036
ck_a69ca7b9d70972bb,0.006070056969990307
ck_68914e67343a7d32,0.012221017068903234
ck_8176616132458c0f,0.018537966007837754
ck_eee99af3598311b8,0.035038135939516026
ck_94410eedfca91304,0.0474728948693622
ck_cfb11a0a2325bff5,0.007783730722418274
ck_75217ee144b715f8,0.04605526846725783
ck_d56fc799542299b8,0.009020105408202098
ck_4c352dd3e7c81269,0.09134005604831508
ck_e23e50e02cb3904d,0.046449339341657986
ck_b921af37d500e139,0.02437699619814406
ck_82181b935360dcbc,0.9445549283420901
ck_22a7cf3b99c5e5fd,0.023556883713547964
ck_f67ee7910d532216,0.015861610317973195
ck_5f48762a14a0326f,0.01135495612000625
ck_1757fcb0e6e3f88e,0.04931111984408859
ck_2c2f080ba185016e,0.03246120387966231
ck_4c25570eb72711b8,0.017450092158205283
ck_a3be871ca22ac416,0.027805715976633866
ck_ab70961e7c6695b2,0.006468495401777749
ck_a1cdebfc42a52448,0.012237000143750208
ck_f1b80b821a20186d,0.014842686040744318
ck_ae668e4564cd2aa1,0.02767042196355412
ck_0e2bc3a5afa439d8,0.025295304020056565
ck_3dc378f37d0b74b8,0.010874518347406553
ck_9f9555197480d1cd,0.057887140429028094
ck_bf4e7d48770a4a8b,0.06948618968230275
ck_614ef655f0685060,0.012248508854026268
ck_04d2ea38ee27770f,0.01840832245083454
ck_e03a9d8ac94161d5,0.0289582633453295
ck_d4007b5b26d9d854,0.005282636451859332
ck_2dd147ce6d61749f,0.025800917175483242
ck_ff45764ea7d6619f,0.035790918292204446
ck_dbc487cb0a6c18da,0.7439111867422064
ck_791d5392bbd80447,0.006747127343194576
ck_b4068439c413b150,0.04823645465882885
ck_85df7b7de9700aba,0.01602196784638223
ck_001e42551cd06e40,0.00962998812330106
ck_a6c02ae50932cd9d,0.08313473332422155
ck_9fd0be2c018ff5e4,0.16847053449029167
ck_32a495128395fde5,0.013881317685989375
ck_b6f2a2fd232c141b,0.08353919834820878
ck_28dde633692904b0,0.05275150052236719
ck_a1a93c5f375f6021,0.022460969885244382
ck_e3982142336782df,0.01864951068685649
ck_a9812ff3c111ea94,0.01618810739516617
ck_f04062216f95fa00,0.023973851023383667
ck_7c560467daca735f,0.006702093110635982
ck_76ee10d6e2dba70f,0.09447028766382748
ck_3521243bdac61178,0.017133021495578975
ck_28588fb03b320520,0.026233847327156293
ck_580dcec33ec232b8,0.052415921115937264
ck_7109923fd7dab20a,0.021034309951637478
ck_7c872c99481c1e9e,0.009998151703686925
ck_46f4e1f5026f4d1b,0.0034576985699380997
ck_00d1ebc31ec4653c,0.0724137652424745
ck_aac70764dde15168,0.050224363760611596
ck_648c03f9aa4e45f1,0.006234459675593048
ck_5478eb69ef912785,0.032402472284624846
ck_79b8523137bb2603,0.021416608652103798
ck_795c49f312640019,0.004103811310979424
ck_89184bf7b7fe41cd,0.3225388723853175
ck_97d4bd922996fa10,0.046176631488216366
ck_1cef30d08f3a598d,0.037575724485930384
ck_2f9fd36a4a40a6a8,0.0086804293959478
ck_40780fc0f8d6f309,0.02328139153709087
ck_9083ca9fec2a7f4c,0.00966380383204858
ck_62081bc35aa59931,0.015998020519081238
ck_2e1b46c5fc56b863,0.06937969028587615
ck_3d139692c51b604a,0.09316354703686788
ck_b5e54e22e3d6960a,0.012008388936396793
ck_c0c4be3f44311b04,0.006048470952686907
ck_82a8bdd2692c2a5e,0.01160009482290892
ck_bdd2da300b530c5a,0.013522174602522034
ck_ee40498cd97183d3,0.012365186556966706
ck_70b9274473bd6dfe,0.004123719510932252
ck_473d6314ea614b29,0.006138254202658428
ck_7443d6dca8cd1352,0.02846681712539347
ck_3b49768b448b071e,0.01397967649533836
ck_b43f04431c267dea,0.018750814235803007
ck_4424a5223ba2fe00,0.021723372488770938
ck_819bf3e8231f4081,0.015497288899728335
ck_91d417507a8c58cb,0.11289508015415067
ck_e88e86b19cada4aa,0.02365678821532973
ck_59684167f9c6bf4c,0.055222509208652036
ck_d5f5b0dc97b9dc27,0.14893534791825924
ck_13d1b192bbff8f32,0.029765283026582802
ck_b21d8630387cabce,0.006980126954861784
ck_e4ac22046699b99f,0.01026390870607892
ck_74b848064f2ff45d,0.0064628705282372915
ck_166aa980cc87fa77,0.049474355035740374
ck_98e337806104dd88,0.009010803381191403
ck_66eb09be007f0755,0.021413731150844603
ck_3ec9b9d8dd7be11c,0.01758451382715475
ck_8b8b9de339d75d0b,0.008688617457702254
ck_6715139e240007d9,0.005860920108040422
ck_a0255ab46e122d2f,0.013340413370064643
ck_66e81a4190c33510,0.012721071320189103
ck_5d75ea4f5c9080bc,0.04111711561953241
ck_df69858b8a8b3165,0.013881813902381801
ck_e15252ebd7553422,0.03721422809510379
ck_34d6d74bb3ed11e5,0.014792142823242926
ck_c2608f78f6851d10,0.01801832671252221
ck_bb99071e8f58c8a4,0.012185498215146319
ck_06010f0df5b7cef8,0.02509343524668305
ck_8c582eb0f6c0148c,0.013535143290310128
ck_0034d010d28aea78,0.015106670200765678
ck_01c1f06692566ca1,0.020252935316236443
ck_4807726e797fb893,0.014679192533244342
ck_edc9668282e3c8cb,0.033192119944058456
ck_5486768475af7bb5,0.39305740281546875
ck_3fb9813849e51837,0.02182852385661494
ck_861af5a9a9a6d619,0.047715635434393944
ck_da39653add0f1109,0.035758613900987495
ck_74a4244eb1f162e4,0.00436491207599032
ck_9a930faade55b8ea,0.012325569775822654
ck_fb6e06ca88519dcd,0.008295604174244206
ck_9776cd8263a9f415,0.054794206512725034
ck_b3dd1198ac5aea73,0.030971091598976434
ck_b6675a04df1a4276,0.01853396463346007
ck_5c7ad6e731b69333,0.44731877809236587
ck_28dc0fdbaec00580,0.07785241283604236
ck_8e7a32f7e3905f4e,0.01856238993255926
ck_8563fed6674afc77,0.014132120804916683
ck_9a2fcccb82da663e,0.022422360823050783
ck_6a519bdac0d94527,0.010909633608092564
ck_a0dab7aa9c4a39a9,0.02424007646240182
ck_a3ce05e9e5e32142,0.030586283688700745
ck_7a7e40ee3f97c035,0.016737360254697277
ck_9e9a830785112a73,0.02473547761605022
ck_ab1bb02f6b189304,0.16252295003998596
ck_7b8cb0f90fbdc8c6,0.010400796031146261
ck_b138fc249e659e60,0.012194680930767341
ck_e73caa3771ec5e0f,0.057692166947150875
ck_18a55b06ccccd88b,0.01922278746756429
ck_fdcb1d9265d8fec1,0.08829129142998672
ck_e21a900556b382ad,0.016176263909993258
ck_c6bf67470f526771,0.01563890230481634
ck_b568ba3837afb39a,0.012121880578678712
ck_a2858979dd5645ef,0.005198527422002273
ck_1da9d40837ebaa57,0.034308444133721555
ck_9341c7959543c542,0.006989712618964066
ck_c8ad86806b9a2369,0.10436998437792235
ck_5c85d93ecfed4b0e,0.013880190941284381
ck_f07b09879d697b82,0.006765122476073755
ck_fe43da07608b1749,0.01280356921317069
ck_4bca22b5926b9c28,0.0029091159732172974
ck_aba573aa942b1d41,0.009200928805285854
ck_57c14e32fa4683bf,0.01633247548987614
ck_891530b489ce402b,0.024864125038686388
ck_5e74fdadb93ff293,0.023397795621853856
ck_14436a409ebcc90f,0.009694771466206543
ck_00013fdfa0bd37dd,0.0051752314068411725
ck_7dbe24ba01316775,0.01413947725724806
ck_0e3f80c1553c591b,0.015985307469853955
ck_3edc45db58760d76,0.007551924039073663
ck_29076a13f539187a,0.11046970758299562
ck_b1e81b58b9a545ce,0.1765171903628386
ck_3f8571d4f7420b2a,0.06507523167511509
ck_7dff6abe4bd644dd,0.18018653716647334
ck_2884bab237af16b7,0.009464013838004052
ck_231e6dd1fe708000,0.03458524378974073
ck_33ecaa7b892e73df,0.006873807844583145
ck_b109ec4c63503030,0.009178380311158002
ck_a7f522382509cef1,0.00730090193652089
ck_748b3ea941d8b3b9,0.02852827568688064
ck_29f3a1737a2d9634,0.01672287213084431
ck_cee8d42475a0f020,0.01101917986408837
ck_c6b6ebe145a8ffab,0.04243905324906723
ck_21c99e1d6b881894,0.028169873080040896
ck_5ad798286384484e,0.056859997996986995
ck_b621b6ffcc7f4848,0.015258784486755073
ck_ea819e337233475c,0.07072883833381571
ck_9e3896c2668ce06b,0.015019416085490648
ck_501dcf1ead036d2b,0.2934555694438807
ck_8d5eda29a2cffa3c,0.1011820315093007
ck_4d3aa36ff83f1132,0.24365909759637788
ck_8e9faf94e3e6c757,0.006011710373742816
ck_ce0ec41f96951048,0.01672126444342899
ck_f09165d73ee903b1,0.011358212440128346
ck_a432b1bf1d3b3d5e,0.24818590731392248
ck_ea618f720ff0b4b0,0.07996033058546968
ck_7584e7bd755cb28a,0.006776394073514599
ck_e14681aad43e1a72,0.016188096344355522
ck_5e18870d8e30e379,0.012068232472367359
ck_ff7c26a62bda8089,0.006118273365411996
ck_cc5a35175d381d5a,0.02839599830441033
ck_3c25029e40aa8a84,0.00881968321661059
ck_771247b5bc16c12a,0.00268786461239222
ck_664b5e02759f985a,0.011874112284784074
ck_692a9e8f504b9762,0.004984675807808479
ck_df8ad2deb0a4ffed,0.014044078999231251
ck_eb48c0bcd12ea654,0.017378410352530207
ck_7c77e597c951cdad,0.02324654898011121
ck_4f75144c6f3b13ad,0.012848104525856224
ck_1bcff399166d7c43,0.005511314604069859
ck_975c2aa3d4a8c51a,0.009587657830046151
ck_bc6f07b06aaa4ce3,0.14260289501908838
ck_80b072b7f3c7e8e5,0.01351229260313605
ck_471e4018a23b4e56,0.04926614884709024
ck_53cddfba570b4a3b,0.01374780871291882
ck_630530e50764f229,0.007109489593388713
ck_dcef7887a4f1e435,0.029915302936367613
ck_2795921a055643f6,0.00651591268696145
ck_7456df89f3792235,0.0155260446544918
ck_5014a3b07e1f049f,0.2086647566375296
ck_d4ec44760cbe03f4,0.015190924110609214
ck_96810ad39d4cb7b0,0.034729628219861274
ck_3222ea25aa29bfa6,0.03821840592770633
ck_f6c42001b84a10cb,0.5746921678892213
ck_5ac86682385c86b8,0.023545782195096676
ck_4280c33af57eb4f4,0.020242058836192334
ck_05f79ddd8eefaa56,0.01535949272914277
ck_3a57a13ce032a6fe,0.0287336613087215
ck_a721f0d635fad68a,0.009292942675826883
ck_a3f821bdf408c326,0.012714822673383985
ck_0ada63008be5685a,0.02389053177449271
ck_8c949bdc6e8720fa,0.1316247781879348
ck_c0d2c56f9c722e99,0.9212753612787239
ck_5d2b9e6e087b8dfc,0.9843945557107752
ck_5217b55593a332ca,0.0828267080461548
ck_7a7bb9be5a7e48ad,0.009556536929858445
ck_24cd0d779e866287,0.01221727657432016
ck_7367917891a63771,0.03218998079824421
ck_4b31a8862a857e6e,0.7850555887130208
ck_81429c4910ca46cd,0.007965476922225607
ck_b35d803568f82d9a,0.026312518471987054
ck_4b00e75c2d2d0522,0.014595751219161308
ck_77fced07f6dff42b,0.010628872443903667
ck_3c9a06eb07c300e4,0.007717089219302396
ck_b3867f7f494db64c,0.00730443255421249
ck_0c45e54897ab34e2,0.04287971242343756
ck_507a6a580ab55c76,0.11123790960852117
ck_291bffc7809f896a,0.025236472273956506
ck_3753cc5b9d02e2fd,0.007395938655393624
ck_4f63d5245b3ac1dd,0.02172071996622604
ck_9dfb2ae78659240a,0.0128557535757505
ck_90f6f5ced708aa75,0.017467999788879238
ck_8b5b5a6b5539e39b,0.7750130049618121
ck_4719112b55d20161,0.014266028202032339
ck_fec888a7108ca52d,0.9401843004796444
ck_4f5d022c99f118b7,0.06360896622742378
ck_e967ff05514b697b,0.15433303907239446
ck_839ce35819bfa4fc,0.005672856948913846
ck_bdee1221b9addff8,0.009341871466736406
ck_9cde4036d0914427,0.015659500845427336
ck_5ac959cbcc5e98f3,0.023001301016693957
ck_619842688294dabc,0.011764047783069307
ck_7373d7b04c7799bd,0.023980563826756243
ck_c1dd3feb9a0b6471,0.016505486428516354
ck_0324a4812ec319c6,0.03830505618841588
ck_7f3685aa2933b251,0.08736629258514869
ck_06aee5a62a67a84c,0.029200850872041422
ck_3428910b44b9d08f,0.020465192617561447
ck_c3ba7534cefc1de8,0.02021779623716404
ck_1f1273a67cbad5e5,0.10991103631417706
ck_124565a11b2f8bb8,0.010523423744195529
ck_38e46bc861e0165b,0.026100024849974045
ck_c8ad3f01319c065e,0.05843553221304834
ck_3f94a34f5038f7c1,0.07814005758885717
ck_cee56be5a502fbd1,0.1250164642463399
ck_2b90b76cf4d162f9,0.013553342360077207
ck_884b2e463ff1d54f,0.03733568414178766
ck_fab4f2f8531b4827,0.011303501795597876
ck_4fc6256e0e60a926,0.0828857622737862
ck_0a2f8b2f8a5b6f02,0.011287586768179581
ck_9c0deab8a8367c5e,0.007293969729467166
ck_d3a2a4c011fa2554,0.023716030685516823
ck_4108b4038f762817,0.04153420003617628
ck_4df036e2aa7e1056,0.006292353459670615
ck_ec094eb1cbb3efc5,0.009619576020765007
ck_09f8f51bfd2492c6,0.013358558895229335
ck_b60fb9a10d6f4489,0.030873424156401763
ck_3638bc3388dbc1bc,0.08933672267666325
ck_7a58e0cc9943c39a,0.01351604361552835
ck_37dab6a0a536ed49,0.06250323775654068
ck_adc576690df5b33b,0.02547545290607471
ck_1383b2b1875000f2,0.015395089001244804
ck_43c1248db37a2eb0,0.007247043089961746
ck_29c11bd68858e923,0.01120333989668159
ck_9401f9e11f65337d,0.033908562299927
ck_ce5ed372b1a2ed6b,0.06307453134649142
ck_08b4619490e751a8,0.4845013923909911
ck_44b9125526acb05d,0.03178355377934459
ck_ef1a1de20d2124cb,0.07132317178453372
ck_e5e2624b7fc89774,0.06165824321925959
ck_f5100511609b92c0,0.0053795167625217445
ck_64f3bb17101b7c42,0.007745368312040547
ck_ea1e5b5128ecba2c,0.013523394652658678
ck_516163fcf04d5e77,0.007314298967810966
ck_7f9a748110d70005,0.024666601814762455
ck_d263b55f0a681cce,0.016888766095935488
ck_0e962eacf98a813e,0.010049325077246986
ck_0406931800e0e2e6,0.017103404250190364
ck_0e9b982afc88a3a9,0.972766902191708
ck_8bbb625384edebd7,0.005648796518056092
ck_5eaeb87bf6207406,0.8665863744166725
ck_cc3318839c4b0745,0.008829437962612596
ck_08a0355d1f1890ef,0.0064376306524554765
ck_af7ffd1a822460d3,0.25929439623964834
ck_2a09c7aa870edb6b,0.015692397999076898
ck_bc04f51c23290bcc,0.01752100306141416
ck_d3a8333cb389f4c6,0.015982343128735428
ck_88e3dd3039508332,0.02187141402388186
ck_b8c7771de9b57705,0.06203197594291289
ck_585ababa02383b50,0.009060013242448052
ck_e988c108754cee9c,0.00907978001048426
ck_4a691892d9d6cf89,0.012878891510460802
ck_7cdce37d895eefb8,0.004688876981695256
ck_483fb981a1fb4317,0.006714468179838462
ck_c1e5182bd99e0e35,0.1309102720274502
ck_9a1e3ec9a1839939,0.021908113681770196
ck_5c3f13de0dbd5086,0.014516081656426184
ck_f4f6f0caaab70040,0.019275064719090608
ck_791be3378dd7d64c,0.006704870246945074
ck_956dd784525f5886,0.01571650030630805
ck_098167eaf124c279,0.08878615765211238
ck_33ecff7914349ebc,0.017757131994201498
ck_e05d44e46c7174e6,0.011738674480565208
ck_1b2ce474fa6582b4,0.01828419843978686
ck_ab581082e8f72e3d,0.00660941675206265
ck_e63256667aa19070,0.047571412637614954
ck_f568772b6cb3febe,0.026062522199930035
ck_dd89a282375bbab6,0.04584295984145913
ck_a39d0bca345b492d,0.024146132336624385
ck_d12d2924d0f7a64a,0.011844999429345773
ck_6a548da1728b5823,0.964959363316998
ck_6d64193681d2a94f,0.022299400158527462
ck_ced6b6dcdc7c201a,0.012197782795498428
ck_d1b0699d26282871,0.0168506509776758
ck_58f757e40a9b8877,0.18866855939613347
ck_3272c2c4a37d5220,0.18991507775906297
ck_d94dfde9e03c9d1a,0.018468618453885664
ck_08a6d4903a7fbaca,0.011120540225873048
ck_6c72a36b05fa0f4c,0.030223325452007545
ck_dbb4bd4eda97255d,0.015940969666454828
ck_94b59bbc824b307a,0.01843104121650266
ck_0229a07185f15469,0.009799286965433123
ck_11bf1039f8b3025b,0.08068448256480117
ck_36789ca11459131e,0.018985356522093568
ck_8572c5f5c1447c62,0.027775779704532662
ck_9e75c6641939f4fc,0.055979423924951636
ck_b45e47c39d4dc7bf,0.006499576645347507
ck_02903c48b6cfd65d,0.051696060943199354
ck_b153386f1729de81,0.02069524520698762
ck_36979996f33498f7,0.23842226767396213
ck_3c02d4dbbf6716b6,0.010952892256238777
ck_66c9a19963957531,0.05023722713782208
ck_bae8dae7cfd8baba,0.005566610586621289
ck_bba0ccc6cd968680,0.014911187394023228
ck_3267fe3aac05c71e,0.05834528815267199
ck_40052cac10562cde,0.016927901041936668
ck_d973444855403e2a,0.012976757386738529
ck_012519bb095ad36b,0.9684216178844391
ck_ad7c256ea10c4a00,0.13452759803590866
ck_70a60e095e9b706f,0.0046802722347763556
ck_f2734417c0db4ee3,0.00736619215189245
ck_9cb89cc3178e0172,0.01318442160891016
ck_779cc0f2de4d5488,0.07864272163811674
ck_35f8656bf93e3b3d,0.010936704183442494
ck_bdd8eba728800e29,0.015147484792764848
ck_002cf760d173f0f8,0.010536589725418499
ck_b046067c6ca3831e,0.013318510860066607
ck_a4a42d4bff8af645,0.01701576209066839
ck_bce253d2396681a1,0.013013984751097926
ck_00dafc060c8de32a,0.00825594733303765
ck_968a99e097ee78c9,0.026381868304479493
ck_66949171b387bb93,0.011790730354069197
ck_ad305286702b1958,0.01267491857390484
ck_4732da7e0d2dfc7c,0.027357250415359503
ck_17a95bba77217d85,0.07947721342149554
ck_3e2516a3e35067e0,0.006102978934729742
ck_0b615ed566da1f58,0.017883335915260853
ck_d2b3ce1ebabe9f93,0.023399994347794443
ck_a892252e4e0c2828,0.006818133384461728
ck_cf606fd6ebfdf9bc,0.030008256306057305
ck_718865237134ebe8,0.07519367134317528
ck_878522cb775b904c,0.03945733180909403
ck_9ed53de6ef779ae0,0.009220758187685134
ck_3f16e2cd7e6874cc,0.019916527562756418
ck_3c59df37895ead2d,0.012200829174824297
ck_6821459b626d492c,0.017334730679004595
ck_11c7667920541587,0.014516910979922653
ck_23a016cf6b98d89c,0.06865398254630548
ck_7137eeb394d200f1,0.06474638331673632
ck_9c4886c5c90ddbdc,0.050410350878666736
ck_1422a7bf7756294d,0.7737151035918595
ck_7ebc5fa7f0d3b8f2,0.03234448792274201
ck_fcc2059a8d5c41fa,0.16774376309090702
ck_00ff7389d6a83e29,0.08041597792584913
ck_03129b41457795d2,0.030428310884947705
ck_38ba64efa7c38250,0.014328734040593236
ck_57a6b56b09bff24e,0.011535062846571378
ck_e3b3c5a80a567418,0.023889722744514758
ck_fc40a16adfced018,0.017921158264157275
ck_9d4b5e6b43bad4d8,0.01866953502264532
ck_61129937ee466b49,0.02715572579171881
ck_74112e47b8629c2a,0.024562308288860385
ck_b4703ee97f94d7fb,0.016416077398992715
ck_e560f720a988d8a2,0.08159528233868685
ck_708fea345f68037e,0.006946271084657678
ck_25394c1b83e0b803,0.05200289268637382
ck_17ab24fe914ae44b,0.010140152466539966
ck_16c501470d9bb006,0.008985293155995108
ck_628f449e248c19b7,0.035709433406597296
ck_6d64190623dea714,0.004273239734367511
ck_504a45ee08db72b6,0.008262158711154932
ck_6cbb011e0c70bc7c,0.004682130093326008
ck_b3225a98acd04f83,0.00862974411045267
ck_aa37993f1c17cd1e,0.06297348232382141
ck_558cfe5f77a55a9d,0.010383879901200798
ck_0d0a1a021efea5b6,0.05358548573054757
ck_daf7aea023b7a8f6,0.04900289771418044
ck_d75f25184ece2b51,0.04904471507022168
ck_466d4b5366c50b98,0.019990616721480992
ck_88f27ab479063852,0.013843688348389071
ck_66779098e78c1760,0.03526377901772432
ck_b150fe4efb449b05,0.02482089046993387
ck_9c3aa9f23d01fa1c,0.05371837679639462
ck_6a01c375fc26705a,0.015503528845339497
ck_002eb6552b504ea1,0.08101805201411308
ck_affa5aa0bff9bb0c,0.01593066412278415
ck_027614eeba8b1a4b,0.007935762603244018
ck_67e075c982add719,0.015837106804378564
ck_399b0d510be98bd2,0.00834699719543483
ck_e9b0bca7368555ef,0.015557745626841625
ck_59c29d9c57b4f994,0.027354203323103034
ck_37176850ed68831e,0.013135337571689856
ck_a0db4ccca08030c3,0.14069940456406094
ck_aa188e5c25f7f42a,0.016088408372598048
ck_7de6997178207800,0.022841334235391173
ck_c729d19053387be9,0.14400799492343874
ck_f2d3e3d90608596d,0.26526916212927454
ck_2db3fb565e0211ee,0.014435033438339868
ck_bed8a480e27e911e,0.010095316075910932
ck_d7ad9921a4d25926,0.023219977280668207
ck_2a59f23fc5194699,0.13264565791460614
ck_63601a58a6120d8a,0.07450751898991764
ck_efd7b9e22c6317d6,0.016875125326646034
ck_9ab42875a0f95b43,0.07127069135812314
ck_85cb5033fca7c846,0.03992208679604428
ck_5249b223000915ec,0.03702069433925345
ck_3efb0e9bf25612c7,0.011626225546636133
ck_678e74532ac19700,0.02194275728305132
ck_a980b296c95153f9,0.009870638048438275
ck_01ac687ce0d696a7,0.012353194217768784
ck_52e1418cf1aa9871,0.01670818807720305
ck_7d28da4f1dab09ee,0.04143540140491043
ck_010d0c2e6c1657fd,0.013638831936762052
ck_b524f7a2e752b9d0,0.011344667476378053
ck_cc447fcc24a0772b,0.014945777970963851
ck_2cb3c99845e572da,0.004007026702679544
ck_604c710141327a81,0.005871937560304357
ck_8d5fa65717d2e0c6,0.011315595943586772
ck_31199510b40602a1,0.010452974330627892
ck_49e253ea12f4e922,0.023967872615450674
ck_780738e0d71e7e43,0.03653802757346031
ck_2cd21137a07fdd7d,0.006813121339908643
ck_5e021f2a3b66e256,0.03947794442343866
ck_efbc79246e32c66a,0.03167699593436679
ck_9951bd806c13c7fd,0.010857257182128176
ck_7a52674e2806d8f5,0.035676089680399044
ck_1a319e509f1efa1a,0.005946469990863977
ck_c920901b9a4ba993,0.39529423321570856
ck_b71279e807d0b3a7,0.00758467317690162
ck_47e1032f490bb018,0.010850532382926197
ck_192579ecdca7ff83,0.03668209762867868
ck_b1496c474c4a3239,0.007466082767368458
ck_5e68ea2c5e893cf0,0.011340454828495512
ck_f2ecab85d4693b4e,0.018739840333474637
ck_89d7bfc81c3df597,0.011974232224888718
ck_7929284327667791,0.05357769352034939
ck_494ec63c5ce8e150,0.0077936751869488495
ck_319b059bb2145586,0.03803769723990974
ck_ccb3767c239018c1,0.011500965035562517
ck_a1c7adfe26e09a8c,0.022005187761075254
ck_0e13c4f73818149b,0.01691574109258944
ck_c285a51ed6214f52,0.06885067035474078
ck_916784595f028226,0.2734209048651697
ck_6cd8e0196365c474,0.04416764463470162
ck_57b657aba4daffde,0.07787076979319921
ck_562c76a3753fc7da,0.6913547909853799
ck_66cfc1ebc9a513c8,0.004230082480778345
ck_0f38d4aed68d7d24,0.035514812906166815
ck_d8ddf5e99f7859e4,0.017645794428361346
ck_41bc3efa0fca700e,0.019872174482694734
ck_40799e129fcf42c5,0.06006602493499052
ck_786f079389126e44,0.04373780205369722
ck_bb4c6b713eb0b978,0.08766839477128319
ck_4f01f7eac0efaba5,0.007616157642094633
ck_47d29c01b20cf69f,0.009335145464128813
ck_bf15a1f8d67a30d3,0.015980696392557125
ck_bfecad7586f65e4d,0.018505455502449638
ck_fc9f16df35190eb4,0.25352515191223246
ck_c09c914e416edd08,0.17214344635673617
ck_c54c5d8e4433b0f2,0.005391480166947422
ck_1694c28f44480e98,0.10998140752926946
ck_1dcaa3078dbb7571,0.010931046846291325
ck_af559f990c640e41,0.010188028888804126
ck_9b436162039a77d0,0.024662727257150296
ck_79d62ef181bd0cd8,0.005896044022804544
ck_23caafc2cd34242c,0.00915160512682689
ck_ffe2aa26f597e552,0.009780628384127778
ck_e6ffd0754ac08661,0.010982808412636361
ck_beaacb4a783db21f,0.017342471603732985
ck_9863bff41d24ce9b,0.010153982835023277
ck_323b9cc5c49f8ea0,0.01596397718652821
ck_ab3de3d3e41c2082,0.15864528423257782
ck_35c93b2924900376,0.0035253263891839386
ck_5a9d5f9901e37e31,0.029410801555636627
ck_782b0be796164335,0.011516717523149107
ck_11960b5f1c7a5e2c,0.006233117912274875
ck_9a66cb13a9884cc2,0.019926534780727388
ck_ba666a425930615a,0.00878647877374943
ck_40140bef4db73741,0.026794625007835762
ck_e05e91cc180063d4,0.2487748390227499
ck_c7f6f45710bc050f,0.022072207003762053
ck_055fb9f2e1c8c934,0.027634418327438126
ck_58bb02d98e2b9cd5,0.02543856662206239
ck_d9f8efa6a7800f76,0.07055718779768347
ck_69691226c68fd50b,0.4638715719891087
ck_6f2f0396e5b1c538,0.9169910894116963
ck_78bc3f1d0f35ea6c,0.01054320635347045
ck_2d5a6b6636a2596b,0.04858959823387764
ck_7878545739af0a73,0.0054978683502712525
ck_03c4fa4f3ed3512e,0.012559682456821744
ck_1a9e51d092d62c84,0.6095020039958892
ck_9f3861940d8d873c,0.018235347410500716
ck_4684fdd61c6a0fac,0.03275236976067483
ck_715966f86d5c913d,0.009423623256442863
ck_77f293d44b4a3d2e,0.04786527280046781
ck_24dae044dc05f849,0.024489680681840927
ck_00b9818e2064405e,0.06059341732006478
ck_c1c2cb49c3c1b0f5,0.4847996489127337
ck_bed50fc64fbbf8ec,0.008367012935950996
ck_4f6ed5ea5ab7c429,0.04896560691134058
ck_458531c22ec2f9b3,0.016887758226449844
ck_51c50c4c443df31a,0.25032010161650764
ck_732d45bd578dc39d,0.012504850437513476
ck_783fe5bc20cd02db,0.020021391429185444
ck_7f188aaa63d1d442,0.009407101258537779
ck_ef307a6aee38d1fe,0.5385699510081192
ck_e37196b20968b73c,0.07499150950533279
ck_4ef9de711c3d93b1,0.018910469688629507
ck_17946516d5df71d7,0.04919889535285485
ck_3534be0f4efd313c,0.013679876008287475
ck_29fbabf855cabdff,0.017216362982785633
ck_191673540d8486af,0.01250064087125944
ck_5f52728d777ff2c5,0.02230120464332601
ck_a045a19369016818,0.9873073851476691
ck_4eadbe7298b15e96,0.013550932903940004
ck_a3a0bd59729fe619,0.015513902137553074
ck_a1e77090b1c6ccf4,0.14570892471203822
ck_69ab9d4784eb77bd,0.0281756169061312
ck_baa47383ffd50f04,0.028433130075315647
ck_e35b2ed08b9e55a7,0.01400025585175258
ck_b6e3af0a5119d9a0,0.054261308313299284
ck_a7c1dabf3869772f,0.06092013290128283
ck_80b8fca67a14e0be,0.12095458849252425
ck_dd9c5f0c42878e67,0.014532056237969673
ck_41ef7967faf5ce82,0.005517375287621873
ck_a93560aa348d6225,0.007754761070646085
ck_ffe91d6f0bd93fc6,0.04241638733411915
ck_fbf630c960194033,0.21090457615292973
ck_497ed60723283c0b,0.17738615615713088
ck_2a46b7ca55239413,0.0074377837186147475
ck_1a4e5ace078dd782,0.03379437581025148
ck_616cc31910f5de50,0.008413460498827562
ck_0d65bc749eb42710,0.054400795085185215
ck_2408db62e4395ccd,0.03240851416654121
ck_5d7721930106dce8,0.010515556220304836
ck_e8a6acea22b20312,0.20781660438425692
ck_e2f792fae128b18e,0.19065884792106325
ck_e6d3ce445b86003f,0.02066736647853142
ck_263334d722ecbc97,0.21395613973270292
ck_8c5b29f6666d4874,0.16177189433985997
ck_7ea0bf310fc20c7b,0.117876986371387
ck_54d463f7fd89ec3d,0.03220064507362692
ck_79e45040dbdd6447,0.020108426648686867
ck_60b4d59953505682,0.4200574424636852
ck_fb00dd5021642507,0.012257677081051091
ck_f409ff994a210601,0.04169220788723006
ck_2ca0020038bfec58,0.08203064305507772
ck_adf84b9df54c3d80,0.020469653571000085
ck_942dbf632591b65d,0.027175029567372142
ck_454a7e4d859a3409,0.007315667338088803
ck_2139062d4569aa07,0.03750557575588997
ck_e949a0f4df0b3902,0.043863705254929775
ck_bb113e3e6716ed65,0.01541207290949115
ck_6a28ea6ce69cb869,0.09015009626317307
ck_7df9910af2bba21b,0.01684990196258054
ck_78aa4b731cbfe251,0.007280128914303982
ck_5839f5cbd8165b1e,0.008185772567132538
ck_7158ad9e58769ffa,0.08091538598367279
ck_acee218cbe61df69,0.02934422034860909
ck_f8dc8473c2772729,0.01729498016973852
ck_f34c93a8173555b1,0.08010460794643144
ck_7cf301d075e4e709,0.25470872511877213
ck_b87e88ee5512ea17,0.021235335148751498
ck_bed0c020b10afa3b,0.007570909287667463
ck_ca10102961f99eb4,0.002639489149904246
ck_393287947b5c8d79,0.015136839963183062
ck_2fe6cac002142f67,0.03300441766255867
ck_79c7f0d29b1db1cd,0.17711206978419103
ck_c735b643d3cbf67b,0.005013723622805203
ck_ea4332c8fe48e2a3,0.012666750355353272
ck_d39864119cdd460f,0.03142816082164888
ck_3b963d6be2773861,0.0449765780062355
ck_df39e3b8a9fd0bfd,0.07964247319780463
ck_6236a461dc0d11a3,0.03561553567939709
ck_475ebccca25e30d1,0.016564475323860916
ck_c10c8bcf5bcd516e,0.040824770857078675
ck_49ccc3716a564256,0.004781989098991407
ck_4e4f99102f6938cf,0.016179503868383564
ck_a97b481ade6f7972,0.029866470233246373
ck_3fa559c679751b3a,0.014237370232419048
ck_3eba1fd2c7acc4c0,0.10051907437083947
ck_18c179b4afc4fccc,0.01813755107973007
ck_cc1c0b93d05b7d20,0.027362140996317653
ck_742f7c28ddd019e8,0.06256815374048653
ck_04470bc93b8a0d71,0.022343589582415287
ck_6e8f8ef7a03cc6bf,0.01627441606225506
ck_eb1ddfc353b4da83,0.048471661464909846
ck_98831b57c7ca2e4f,0.014639081799912992
ck_a6c7b8d6e8596d4f,0.05096267808170123
ck_cd7d24e3b095e96e,0.13159880528114437
ck_3f5ae4673a9f858e,0.018509066384305398
ck_05f375fc8ae0afb0,0.019869089524740764
ck_1fc98436281ee39e,0.027844039265425606
ck_6c48c58678f64bae,0.015362338974958192
ck_8c95aeec6a4c75b0,0.014578108976111528
ck_364cde38958b7af3,0.11632386354559009
ck_85bf21aa1a00452f,0.004785587192741626
ck_796d3eaabc667c23,0.9839732964561683
ck_ac449ee0c315edde,0.015993241510418504
ck_6f9fd15ac6b163de,0.014363253096725814
ck_4087065be2a45ad7,0.20680406404611212
ck_ecf006bbc78ee3eb,0.10702949732772248
ck_8ca808cc5a49cb5c,0.016699857097704614
ck_94b90ab8b2dfb50f,0.02107325231966191
ck_59fd11b3232de9dc,0.7160917914541925
ck_67f3794d93e2dd67,0.19107774126675586
ck_b7f5acf5df1bb13e,0.010728682084595903
ck_fb04ecbaebb774bd,0.014482777990770974
ck_68ef3e7301c621b7,0.018925838655096335
ck_41406cfa209b6bda,0.007945285950359957
ck_b0f8f5408662337b,0.003689115989589121
ck_0d2901bfe585c391,0.07033620441542003
ck_3398551e81dbf3db,0.0440902509336356
ck_61c3e3e277629646,0.015303211916316914
ck_2825e34dd3e7ea2a,0.015984388090605255
ck_20d7571ba830009d,0.043266215025882654
ck_c98b16f9a72a6568,0.006627721221722447
ck_e7c8a9e4641eb9ed,0.004904469265263659
ck_254a7c97c36dab8d,0.008577951741561077
ck_e98429675b46272b,0.009127014363108723
ck_c2fc0ac460786d02,0.029682980181398092
ck_fba15647b3a140d9,0.010736414564627157
ck_15ce50f2704227be,0.01100941493990787
ck_8c748aaa4a4554f9,0.010546886723344591
ck_e00e82a9419ff086,0.04800509797553584
ck_832341c98254bd84,0.00744505701725354
ck_27466468d06db4eb,0.07822333818790467
ck_9d7b9e3ff1f3e71e,0.007336663619660361
ck_42c6973d3a6fe983,0.009982707160593246
ck_877c85bad118bc62,0.0614297042593575
ck_75d2a2715259c4d7,0.026660521626314073
ck_37d3e5c681a2214d,0.06667022810504727
ck_bf285dd49f372de4,0.008815098502358284
ck_a5bdd026fa9c50fd,0.009102379079261704
ck_88d9244a9cf7a77e,0.34830722783051926
ck_5881b174e49b04ee,0.07096727938023592
ck_5b16d67c5ea89930,0.010810405925272682
ck_b75b936aafac56b9,0.02634783442475366
ck_aed2681e1646a0df,0.023476980896279087
ck_f63cb5e8cc702bad,0.007082431075233547
ck_1805fcfc4a9e4ffa,0.7577728325732487
ck_25c355da356c730d,0.019655789307186037
ck_70396398e4a96449,0.017391520020894724
ck_0f743bd13373748e,0.026671442361212546
ck_4b387765f0e916cd,0.009411138360714884
ck_e971faae8a10a260,0.023292313975499832
ck_9eb08369e983abfa,0.005855617066622773
ck_c30c5844512e429f,0.023061200872372567
ck_59e77e3a81f1fa0d,0.031638750185094384
ck_ca4465f2b5c1a52e,0.9346293507927514
ck_c89b9ca398402f1e,0.021923778602006505
ck_36e72ef9273e7a95,0.012316431740445345
ck_2bdd8616870e5e1c,0.019995414095274906
ck_216e87a41de22b5d,0.05592214715964329
ck_60f4fb44f5efe3a0,0.018768883321647674
ck_05652e8ace6ce6cb,0.014891815956952756
ck_8c136dc691e65695,0.0028536045078360467
ck_a08f8dfadbdca112,0.033531636779219325
ck_bda4041a3e90d860,0.006118019798277586
ck_15dd3ecaa8ce0245,0.47205037516209536
ck_3e3c64b3b7876ce6,0.016640269928279137
ck_46225858a38b2e57,0.008315713424082055
ck_0cb9f54928f4feee,0.012565106214409795
ck_152671fbf8a9a78e,0.014791510592582758
ck_ee7a515e87d17d4e,0.028261430748781072
ck_f7276091bf513d22,0.012391386472443955
ck_4f05daf1cf0d5755,0.009468807320469372
ck_83a69c4a5d55ef19,0.026293088577238583
ck_c50fed2a7c9198c0,0.013030112042508604
ck_70d19d5650ddc8f5,0.005392672276546953
ck_4b4d99e443618904,0.016226489581457473
ck_dca0b6ca93311ca2,0.11305113288021043
ck_b7431d4706461ec6,0.0058672582707033506
ck_7b59d22cadef3b05,0.07983528988261353
ck_53428573abcd606f,0.01273353875215171
ck_f538ab6aecf2adfd,0.005893764922469768
ck_d321249fb065d2fa,0.05068967114569113
ck_72fdfc7e6d8e1436,0.020401664591032802
ck_b52b99dad89ecdfb,0.02963723887220273
ck_d2d4282f9d256b3e,0.027399599342561733
ck_c8f2a1dd8a6141a4,0.01256628321343238
ck_8d38747058d0aeea,0.1800672209595238
ck_3ac528caac74f563,0.013925140598525645
ck_8dbaaa00ad829ca9,0.020518531584698955
ck_7c38ec898f0fc21d,0.031665621744174234
ck_8171ef803f5ff604,0.027098906188101374
ck_01a750db6fc1168a,0.022492829488321507
ck_ceb017baa26e98c8,0.029221684802191804
ck_e2c66c72cc0b0f78,0.04172656009307672
ck_8d9518f64b222416,0.06855014660169947
ck_804c5a1fa5753617,0.15626536985105022
ck_fca7cc9c42695453,0.03312843237824845
ck_3a632cdf2c19051b,0.05559605009011366
ck_b2b63ea65edf1dde,0.0260394968745723
ck_27b07021500ee841,0.014295976417128741
ck_9724718fe64c6557,0.9525176205620951
ck_2786cbc3e75ec034,0.026677224984783747
ck_d9c2622cb6df380b,0.004403533711324776
ck_ae1da8ee98e402a4,0.011267382482923074
ck_62967b91504149f9,0.06255342767661685
ck_6b255bf68709109a,0.037330083458614674
ck_c55afc68421d85e2,0.009445244120123082
ck_7c7266f6ef2a8466,0.02603223315960579
ck_885cf685a9541190,0.7095773648293523
ck_1a4bb7d3d2ee3227,0.017064428256986314
ck_b4911c42f3bff740,0.006208612718246873
ck_66f9f78d4c6a3edb,0.014545516047454948
ck_49bdba9ee1899dfe,0.014825491061401751
ck_79b235d51718435d,0.018521111567603086
ck_d840db8cfe2ef6f1,0.003979963911888967
ck_610c7bcc1cd7ecb0,0.009114634660435422
ck_cf49b6544aff6c50,0.22221648208138983
ck_de05f97c3d40dd1b,0.03797371842576316
ck_0302f67d75973dce,0.02466212719405884
ck_54c2604c9ca6256b,0.01730197235466914
ck_a1c88c0568f142d0,0.03774467861275033
ck_5d72ff6cc2963d1a,0.05870084190212774
ck_0446920a1004c596,0.006259167620555246
ck_71044c29ef071570,0.006848249096669994
ck_2122e9bb1afffef7,0.00405109608405164
ck_d1e3de178601d3c2,0.01807447204001858
ck_bec8324a3587ef04,0.019552128755078484
ck_b616b6f45225f319,0.04219226669772599
ck_ce1e695884511479,0.012610380927477183
ck_a662b4bf900781e4,0.006190590735915756
ck_b5a84c5547378c10,0.03151021717642548
ck_f80af368cfc6cb7e,0.08388777949745053
ck_da3526ab6c5c884a,0.25384415205063826
ck_bd20be9a3392d79b,0.008896943056131796
ck_b8266dcd90cbfa62,0.0067028257164568
ck_ac84b33304362c06,0.02199869213488398
ck_794d8935a895e33f,0.016943061861405297
ck_8fea7d915259f1be,0.023681580671998936
ck_7a1519ad5ff45312,0.006373343497248762
ck_9bf3ce30b65f75c7,0.040969888626012765
ck_5f864d72d1eead99,0.01808448888036629
ck_3c48e0cfc2a58041,0.3535751202570024
ck_d902183f80cc81fa,0.027028972046999757
ck_539cb0d117db8cd3,0.34796604407380244
ck_28f530aec8e77130,0.06377763136344362
ck_e7d903c50d353361,0.008025252072776705
ck_d288b77d1e227970,0.050792377476460704
ck_017208fcc01b5d40,0.004901978866064308
ck_7e3923d278a5106e,0.007829398842275254
ck_9700a00ff9e66216,0.024834292131339288
ck_5c36c78b7a4d138c,0.018757027332033778
ck_c457e9c9224b773d,0.01708935857606821
ck_1dfa91405d7e66bc,0.011106161675651907
ck_f1d8a2695a575e56,0.027202624673701353
ck_3b92a46daf8d00d2,0.025828737595037888
ck_aab23b5470469649,0.014957117772767172
ck_ecdd01a391610d99,0.0325021552270275
ck_abd3aa292f8edb4d,0.058974767747100844
ck_7fc9a0776e1339e3,0.006076303417611076
ck_c0389ebeb0e65cb8,0.007700038697116724
ck_48d0fc4f6a2109fa,0.9484773918778626
ck_571dee4f3336c7ce,0.011144500054612452
ck_4cedf26628c84f26,0.023366188527830508
ck_63356762d24aab81,0.017619696922981737
ck_2c5bc11bb7ae5d2c,0.6715407800285367
ck_6d26a152f900fee8,0.005966925897512108
ck_c972b0e781efed3b,0.0225458660259661
ck_fa0ecbcf9a33d6ce,0.01290971879101651
ck_fa3a766e49dc77ae,0.005870614242008108
ck_7baf1e55db0dc558,0.01421714234520367
ck_e8bc49e6494c1f37,0.050488679978208
ck_8ef1d05cc1e53e7e,0.02401486402927932
ck_cef2a485a77e0723,0.009801466424348817
ck_228a583f23abff48,0.008414104892604963
ck_ac32c6e374782b27,0.026867473264292598
ck_b9485218cef413f0,0.04518253012235133
ck_7f15503048915d6f,0.007139080802932872
ck_b62f5144db15ad34,0.014199201045336318
ck_917d82c552f95a23,0.01749315020361477
ck_fb4797045077bc6d,0.012692884424343437
ck_2cf8a44e041217de,0.16466987111244186
ck_b7dd681eb3d2ee38,0.009162576998505305
ck_e9e8cacd2fa35e79,0.011519344697321458
ck_342a79f91de5d1fa,0.021413557997726228
ck_2c91f62c05685ed7,0.01906457127603577
ck_e30cb64302939f38,0.0558314204642774
ck_d0e95b90ba86da10,0.010870538041027347
ck_1774faf414a5d49d,0.4595231451044932
ck_2401e8ff89e574fd,0.32617602860479433
ck_0cd8802264e0a1ef,0.011056992462909657
ck_da84a0dfe947fd3c,0.021187334729807057
ck_c8affb27ba7fb5db,0.0668784997574837
ck_bc7ece8787ca7200,0.012776285625244391
ck_469a0578d05990c2,0.011058912349943368
ck_eef67f8dea702338,0.058657181109753945
ck_4f490e379e9ded9a,0.015231185420060718
ck_354379de065a8ff8,0.00545455370325869
ck_5db1cb368bc41ac3,0.010040682707711943
ck_9b1c3742dd6fcb8b,0.01285251839139181
ck_63ce4f44c92d7143,0.02324663944115907
ck_e15e3390f5ed45f3,0.03515912192166719
ck_da645ea91d66aa6f,0.2916018957210955
ck_834ca727df855f07,0.04985177637817548
ck_e1d5ad20c737c745,0.031089855899905386
ck_ff8059ae5fa5f1ee,0.003285738438619503
ck_8bb9e75393954a1f,0.05282741432827448
ck_4e1757d1347ab387,0.9609967763868402
ck_af3f74b1d75a5d95,0.0104742033757478
ck_6b1ab0742ff04c3e,0.01876517952104611
ck_f56073911c9f1ab7,0.02059388761895474
ck_51bd5f69b4fe0b92,0.7771945930213818
ck_fc3d95030b81f416,0.0026522870362922636
ck_cf78169633a1600f,0.010541744539470927
ck_ad7269eaa65c67f9,0.0402502134937615
ck_cc6d33890d47a6cf,0.016051912041929087
ck_bc8f31f4a2ffa1ae,0.010414133885968924
ck_720776a46e56dfa8,0.01299169593258517
ck_e2d1f212f259539b,0.011086772652380082
ck_eaf6f7082c3db2bf,0.02650139648318063
ck_773efe58c6278c3c,0.03815079391956769
ck_c4a72c09f2fdacc4,0.04133465364461062
ck_8982888dd6611143,0.019713879657683935
ck_9d5049e195eda029,0.03384843870173227
ck_de58ef6f9fe2b546,0.02000204724313304
ck_c0b50c11e4f5adf7,0.01909062631241869
ck_ddaf228487858bb8,0.033936765576784045
ck_eb2323215ff70362,0.026824632454124336
ck_168c96a1a636ea15,0.012463322488437172
ck_9c46711b14d9eebc,0.020853242030272928
ck_de8af660806b97b5,0.014271038745770525
ck_6ab83f45bf16eaa6,0.016184364335881413
ck_bf2228a052815840,0.020353063803530358
ck_3f943f20a9da9bff,0.017021741838410598
ck_3baae40454c00938,0.00848572806041109
ck_bc2e771a1d8d2dee,0.06943226298379673
ck_e55f5ca37f30ce8c,0.031962248955521945
ck_4ad5937bef176d89,0.029013966628169144
ck_126531a9126c17c4,0.008013847928451636
ck_7ec423cb56257516,0.02689673436696613
ck_54748ae0f2daaf10,0.017182749981116074
ck_ff24776280ceeeed,0.031179020586793907
ck_3c3a1a1365741bba,0.006369223380674666
ck_615277c8a4e2b18b,0.0068912875146884475
ck_a96aaef34173aee6,0.024205709232025995
ck_bea56db7f3e930e8,0.008616818458215006
ck_ca491debd3b32a59,0.017432831762297988
ck_d9ea77f4114a389c,0.020628813947641517
ck_322ffda3332d08a2,0.026700572044580137
ck_c40ffefe4e30b001,0.026968071813627384
ck_3b1d7648d4580bef,0.11193690213741124
ck_23981a3261674131,0.0074728564906210715
ck_11667f5b9fac7bc7,0.013331005650355388
ck_646bb3c7be5f0817,0.12748372725605586
ck_ebd0a45712dcf07a,0.01086915358606154
ck_baf43bf1bd963f9f,0.023015637927398105
ck_e0ca2c819658f6b6,0.975302488189141
ck_f0d6633d0834fff5,0.04483521965030979
ck_91081be0254878a5,0.20448628490322487
ck_1325000bc7f35b5e,0.010916983384721671
ck_c624b9063400fa3a,0.07872456653814228
ck_0ad6fa0e23c3bd0a,0.050253471695659316
ck_6ddb55b1f23c6cb1,0.010401779774224958
ck_dce1fb3acd65562f,0.010268226502450859
ck_a9aa389688ee5aea,0.00828051450778974
ck_5c5284c45d9ad8bf,0.03425817250894533
ck_9ce743dd3e92549c,0.018697656030307583
ck_8342e08cc2f9bcb7,0.00550662532210671
ck_25e551a0a8d2fcc2,0.05793087275571322
ck_d4fd0e438c97e0c7,0.05092403316469034
ck_ac7fe1c344190c50,0.014668964658771905
ck_ddd65711b5651f89,0.009265268095089693
ck_ec7406cb5cbc8f10,0.014723548872953759
ck_1c65e8d5be3b9c60,0.19806646348587267
ck_38ee42f15a573e81,0.009105808016266672
ck_0e5385c70c6de025,0.022546640730183188
ck_d3137f0f7629040b,0.009841449074796334
ck_9129c92c12e0c8b4,0.027468570959349292
ck_c86520a00e50a926,0.03412523079689875
ck_87f82b2b5fee757a,0.02449211478684683
ck_643abfbd7548d0c9,0.08779166058297565
ck_be51f4e5e6b85768,0.2984487412566273
ck_132c16312f37810f,0.04096804710558013
ck_c78c096ca8cb33ac,0.01704651361645902
ck_2ce5afbc014763b8,0.0428007363900714
ck_50ed8f4e7ae6710f,0.009842393362207612
ck_5a4eb535c9a11993,0.020854083207577503
ck_9b665ef46d785324,0.02259166817409332
ck_e066f71f8b296b7a,0.013002204348530659
ck_560bc6017870ab06,0.01537357979345922
ck_fd78f8a8663646d7,0.0073610444226821035
ck_4af5ec61ddbde1a4,0.018715607583535118
ck_c2ed04a9d218410b,0.01160519021295859
ck_2455d43bbdd2bb69,0.011419020444879632
ck_56eed7041add49a1,0.2416045519770928
ck_5f0be7b468a72333,0.00994158759896396
ck_19660cec756632ca,0.015710203550957105
ck_fb90408f4892a21f,0.007354609828499186
ck_833a65b86a5d9bda,0.011579450157240025
ck_2ac36e1dff211d38,0.029882589616917966
ck_c00e70606904539a,0.00975104753000362
ck_ba8affe4b9505a95,0.34445389435980955
ck_0c3dd22587b08018,0.023790061708102765
ck_618c4e5cfae99dcd,0.06797073030894005
ck_c9690baddfc4177e,0.027073583636855206
ck_59fae092fb0c4aa3,0.049609557452668415
ck_e03b7d0fa0b28f4b,0.02170180742393316
ck_d451d24c780b5884,0.007838563830258122
ck_e980d325b8dbb8dd,0.010269108031732158
ck_cff18e2d8c520272,0.02756330582986618
ck_a0e46b67e986ab56,0.01785841008992104
ck_3a469039a5b9d963,0.009735998377740562
ck_12cbb211ebd2b437,0.03569662220453044
ck_b8cdd6d6dccc4554,0.00997587296427265
ck_794ba5921cef50c9,0.03179058275196052
ck_2c7667f64edec2b5,0.014412126289696884
ck_7262b4e0c29c942d,0.024434294754481778
ck_5d818522cbfe2a54,0.012954252422610073
ck_de39c1947fb675ee,0.026870678698994066
ck_c021495606b4735e,0.007288556096356549
ck_1fc03ba33edd9e67,0.01592838534796661
ck_a6fe344bbf67f14b,0.007747387786740934
ck_963762210edc5694,0.012693624414505014
ck_d064428b7e7dc409,0.0339850091951593
ck_59be61b53d971611,0.009841920195464069
ck_ec8738ec663cd2eb,0.011991716289371554
ck_59d086fab5998646,0.021656003664333442
ck_bd32dd3b2cbb7888,0.9860010604973751
ck_ce0166addb93bbad,0.025624148755424386
ck_7c0fdfbb447cdc04,0.05346567012850845
ck_cb1bd7635968ed8c,0.4970147092732156
ck_66f94903177f20eb,0.007610537687657706
ck_1d7cd5dcbcdafd7b,0.11067111778741029
ck_5e418a7c04437b4a,0.04933650094431196
ck_631ea1ae91ab333e,0.021822371464570757
ck_0a8029e79a5ae7ce,0.021384624407430296
ck_c4cca8278bdad9b9,0.0090328035474832
ck_4dec3df58077a257,0.03863012603084433
ck_609c249edd88c565,0.010449510955003675
ck_02e5f9cbbbf2f078,0.01836943043486053
ck_32e486859130458f,0.7998281300019304
ck_21ed2ea6386c5a07,0.019155238546127756
ck_1242aa4496576a99,0.02490855063643281
ck_475ea9aa6d3898b7,0.06543969333483507
ck_fe1b1adae3be70a6,0.10415628031320182
ck_c5414d7a8031d4f5,0.023121818402289968
ck_ca1f6f01868e978f,0.02454571874700323
ck_5eff0208c74ec714,0.010390787874008356
ck_a315c9619a317609,0.03392910198866214
ck_2b87683c90acb852,0.042666935236215585
ck_7cd9f39c50748ed0,0.007750618209304092
ck_16a06d58d71935bc,0.0733432615533996
ck_d116e0e7c19b878e,0.03488953316686708
ck_931510e384b1d0cb,0.0035493434261635644
ck_e7651fb87bb24132,0.04025512295865673
ck_88ef9f85948e1a01,0.015403125488993683
ck_17bf38d51115a8f3,0.02472866553241495
ck_2659d1d3762a2825,0.010478742566917424
ck_a7285955e2852686,0.00837971002496234
ck_f2c33d5b65b321db,0.025245065553282806
ck_83e5979334345622,0.009189627508451053
ck_629537d8b4d0f395,0.007025243589792038
ck_72022008a92c9386,0.009021276672938233
ck_2973b8274f0bf69b,0.03405447297400791
ck_565e3418d2f4061c,0.016772488994309165
ck_54bb53b8f8ea32ae,0.9368376205314398
ck_af0a6540ea7a36b2,0.016659867076506372
ck_888651bfc2c8cf70,0.008373112618742087
ck_1dedcb48ac381a1c,0.3308612658300116
ck_f73273e220296be8,0.009616847808387544
ck_8424bf65223a5a9e,0.016435591676921466
ck_337b930fd149a696,0.011812919087163802
ck_8a4952de8a123ef8,0.026239959840600804
ck_884168153c9c0c81,0.016272082291770254
ck_fdda581aec411010,0.00936460693384809
ck_2b7cadbc8b180d32,0.41779276356607287
ck_8aa8b9968233a1ab,0.01012005866006071
ck_0af18b3ce015d294,0.015661441990469774
ck_8dde670a735d1e90,0.19696081066687782
ck_62f46226f244139f,0.03456092411224196
ck_f948e8a8fdd79b4e,0.0106662424908513
ck_fa00aa0f3e859904,0.014616939092223846
ck_fc7935f784a4f249,0.013363325966116169
ck_e7501307c0698e5b,0.02017726423806969
ck_549ed417f2834cee,0.018315450322870734
ck_fb2a35571ec719d4,0.053346537199320664
ck_25822068c86c856f,0.008081921149833691
ck_8f35d229b62c8f23,0.10229738457173504
ck_bdcf049c1e7d0c95,0.036272822353430476
ck_0aa9db36eb16422a,0.012151879770492657
ck_42dcf92e9e016922,0.029238046563223936
ck_42341cf31c08c981,0.027400178979014082
ck_0b20bfc515ba42a2,0.14675404959245542
ck_0ec820b670d48098,0.008098588739280127
ck_1f0bafec397da8e4,0.0322456270512555
ck_82f07504ab59ed33,0.05839214716346976
ck_337b24a474010abb,0.9834908882300291
ck_703703bda38fdcf8,0.010754164638033165
ck_01e7960c63dca3a4,0.6069070186821094
ck_be5bd81e3715cb8f,0.6304629397535377
ck_197f8058cea1fbea,0.0037935652678147886
ck_eb3fb1106f2f1b21,0.0341111581029533
ck_658b4b54be09a4bc,0.9166971100093549
ck_266ce7ccf41ccc50,0.018137040748543543
ck_110608c3b03d4038,0.26382961577888797
ck_1be8cb95d6d9bbf8,0.01074169577297775
ck_8e16a64a776afa82,0.08526350217027012
ck_34bd190d37eda534,0.05029991797068291
ck_4f521611ae14ae66,0.014891003738437379
ck_d839798f9520363e,0.10038673489781581
ck_d1bbfd246c0ac9d5,0.33603249000196184
ck_f19030e6e85a6776,0.08383659259462026
ck_cdabe60ab59f9d5a,0.02742013709439465
ck_bb84b2b30293f566,0.33728552762704217
ck_427b91925952cb40,0.02264304773221098
ck_1078b1e155b5b640,0.011730360572840309
ck_95fdc264eac72fa0,0.016028547997552017
ck_e35eb857c61548b2,0.7166351925227197
ck_69bd0b1abea7e1f0,0.1698710886706763
ck_59de511b20c842ba,0.02124745441301782
ck_168e7ea341a36b80,0.022578894996771973
ck_4937cfa6526ea138,0.02053860503186149
ck_bb1a981306b750ac,0.0683733317600363
ck_f42a43e4c3f34ccd,0.012268398131894604
ck_c7ae1d4b3ab38185,0.008263607720392507
ck_bd23cf9bba1dd33f,0.040901190581712224
ck_0fd826fad7ec7cd6,0.059777191993229825
ck_f143641bf3dd0414,0.0373654893697442
ck_ad6d48c20a3688a7,0.01910008253392227
ck_7bda5b5b927b2905,0.05978453378258367
ck_a337eb38eefdcc88,0.03640365658094849
ck_403da2a2d800df9f,0.2938301076119665
ck_aa01d5aafde73d0a,0.014215709491605453
ck_494954023f0eb309,0.03791184436339462
ck_1c6820fc38135ad9,0.02058901136683419
ck_0e0bab173622db9b,0.013706846321164413
ck_547090bf35a3b243,0.01073464579668765
ck_d69455220b21dc9b,0.016684919702335623
ck_90b4ac695b9c6bf7,0.013713984343370442
ck_8d2afe17c0082e6a,0.019915133992046165
ck_926b81c0ba528eee,0.011635702772926549
ck_ce36b0c287bd198e,0.014026099562164801
ck_8026e017909aaa6c,0.09842212752116924
ck_dfba788f35d4c372,0.01475273593460611
ck_f09f9d0e0886e0c6,0.008911430092661913
ck_4ffe0366df388604,0.021004112740513975
ck_75bb521de55644c7,0.014705763292429192
ck_81a960fddf79ecf1,0.6191418548305265
ck_8f43459991ea511f,0.01478269162499062
ck_f878b68d66fbfd4b,0.006756946912006984
ck_e84abfc0c747c9dd,0.7741992851846717
ck_3ad3fd3cceb56b66,0.877522508811643
ck_7cf562578c7f158a,0.0179140397286158
ck_f81a97d350397306,0.02697159506248578
ck_255d87b7fb40caa5,0.02050823111354299
ck_b3905153b9eee924,0.01949229517586888
ck_2c80a592fb4cd6a3,0.016257004740369615
ck_57deb202d4188a29,0.005934241569049929
ck_e3cb5f31d8e94448,0.9018564291458309
ck_0db62d5f7f75f80f,0.040170208692890876
ck_ced9163ea85589ea,0.014059132369008015
ck_e16528edc694fb33,0.9198586091861012
ck_78cc5ec4940fec3b,0.029014472370089597
ck_31742076e9a998f8,0.02771463075943849
ck_5ac335f02280271e,0.19081321984631694
ck_7cc2e091806cfa5b,0.06825635381524055
ck_3152c7115257f084,0.006457707775641742
ck_ab1b9d019921bca7,0.01174163096750496
ck_c33a762d98f9b290,0.018821372540986085
ck_b16a7c51b6f7a6b1,0.6519543185827483
ck_97402a153348e68f,0.008680606881882338
ck_95391029a21caa24,0.023517822446012006
ck_c2015a1200971fe9,0.022103767399745386
ck_ed4427962c68918c,0.9138345451434036
ck_c5e4a17d3efb19a4,0.5217726943210131
ck_8aec3d3dd51517c2,0.018964361444707128
ck_f5178a658225d8e4,0.02436380737095568
ck_8594f165e95316d2,0.007073043350070345
ck_f0c4aac04076a6dc,0.014355215668322725
ck_ac2f7397801036ef,0.05389513399700872
ck_d1ea4bcc407c7d5e,0.007932205509093593
ck_cce8b6657a538fe0,0.05831154038963257
ck_66d0c6d6b67a8d58,0.023697903973325073
ck_1a6b30320835e57e,0.015930900089142275
ck_8cd274cc85aa35d1,0.010195119975304763
ck_ada46085a78280e4,0.02698884783392077
ck_ce1b06623e4a815e,0.010719803638951638
ck_45e70c8a9686580c,0.05776924519920216
ck_0084d8ab6b1044f3,0.02642420458539883
ck_a5f7b6fed6df2aba,0.03285846189878693
ck_94940d783e7988e6,0.023703902780265837
ck_00f9ca84d1d8ae7a,0.0071931933128960525
ck_0deb56f3f6452818,0.022553081918672016
ck_a58e900469dfc3f0,0.024278909825796034
ck_028c41b195280980,0.01477517222550613
ck_7661d7ceaeb19f97,0.00958038545406112
ck_6957905a65c47879,0.019683880899489848
ck_f7c6c26ef3c4ae06,0.01460608453165604
ck_8777beb11aabd66d,0.006176780478113747
ck_7db098a17374bbf8,0.6895748930550998
ck_66aeb00e44486cda,0.04721645969464338
ck_838c52cc1d315ec3,0.013783472026026432
ck_1745847cd4e5dc83,0.015586335080917411
ck_201687857ec8b3cc,0.03655682527356821
ck_81818169208a8cda,0.017837612907876974
ck_3303fd3f64632c7c,0.06826229722196896
ck_edf1096809e83ef8,0.012749802460342189
ck_235ce9603c7dccbf,0.030901781530742953
ck_9df7e153868bca13,0.024966929622528007
ck_3cfeade2cf270fee,0.011513778667961284
ck_982b0bf2e2b6c4f7,0.01761019353256662
ck_faeb0da678bb86c0,0.020554702328833226
ck_e86ad2fe815b6ed9,0.012882970061216166
ck_70d69e5d1bb99e85,0.06398330434724903
ck_7e9a8924eab779e6,0.9403806071707693
ck_019d5891103e7da3,0.044743259141940106
ck_14f0484b3817eda5,0.010132425756706857
ck_85de63d278f0fbae,0.009484622085895929
ck_ae91b4cff57fb3bf,0.011760028668955478
ck_2a6d43b9f883b78e,0.47388594909522286
ck_7a4e3d553e8ab5b7,0.02390314234665676
ck_fdf89dc69f700f84,0.049045566581341626
ck_f92e04024bf13558,0.007517089511083439
ck_4a522ca2dc4831a0,0.006626737531492262
ck_68ba25dc3385fea1,0.04041957341452697
ck_22128a4f0d033422,0.007749267173922601
ck_5b52ee0a13c71590,0.07410668376958647
ck_59472d17debedafc,0.01313421848778761
ck_9dde2c63acda3ba3,0.01996124705253292
ck_7510b1023cd08531,0.12470233928280801
ck_071ddaaf2e4e3671,0.023735970920675607
ck_1355db6f4010232a,0.2967496405437637
ck_0a7adc2f27f98510,0.11036648841310788
ck_68250033717cd59e,0.006832099353144014
ck_7c12de74de30b788,0.10960405811993709
ck_65491367584c730c,0.012216316378689664
ck_e9047964952bee70,0.0241274892075741
ck_5567779d6ba184eb,0.045715574197966374
ck_d6ea026357ec6477,0.012943845539265381
ck_cd7dcc884e283746,0.03213099037651913
ck_0bd77fea8ed75a15,0.031660215971562225
ck_e80883208e8d0453,0.015844479720037864
ck_2ad0ecbacd5acf8e,0.8559783564506273
ck_6c1dbee7e8fdd5c8,0.017183180524694513
ck_ee4d9a7449515908,0.015262299060800554
ck_636111f7f030496c,0.03841731997624881
ck_2c629c657f73941f,0.011134708966473707
ck_c1c9d3842d758420,0.015825472165049495
ck_e4df7faacdfe8c40,0.014706128977011169
ck_94e8142728e44380,0.045847823865925126
ck_765aaf42c5088545,0.009752241131460749
ck_e0f845159b6e6a4a,0.024134309893142317
ck_5bc07deb82edbad7,0.027778669371521833
ck_713159c5c6a7a4d0,0.9867760032711115
ck_b08afc91d9ca55db,0.020017845298312027
ck_a7bc323ffed2ea97,0.11506835346277228
ck_85ca825f905a34a1,0.01826598782656734
ck_33160c443d4b3f19,0.011435619398579108
ck_832d39c590a3ca75,0.8598071192569159
ck_7d1661a34164406e,0.9441585601843312
ck_c2466fc40fc9d5ed,0.944946019732257
ck_ed0e776c0926ce67,0.035884931278510536
ck_cdd2ebeec75bfa69,0.05838642504947322
ck_d7877684c7923ec3,0.04570389379515055
ck_7384d4d2406aabf4,0.008784077241828768
ck_b8e5244e650aa81b,0.017610223329036286
ck_25a1ea40b2d59254,0.02230970350521294
ck_b9e5b318ee4de68d,0.007857265821297407
ck_620d7ae27af83cea,0.021304046052947244
ck_40b4e264d1a12b83,0.8340248805022388
ck_b694c803b62862b3,0.007130935325500019
ck_cbeca201dbade3e5,0.015892462661669358
ck_f9b439c9161c3e52,0.0875259867170414
ck_9880410fcd10a28e,0.03748981954263994
ck_74928f5f91aa12b2,0.04410401949625864
ck_b6673bbe61d2680d,0.016226568868233728
ck_53c8315b5c30acb4,0.005759557462312783
ck_78f01d78ea79642f,0.005663788230825496
ck_8582490d6e365a63,0.01957513965102428
ck_af25c72d16299258,0.009803180392998167
ck_7905fe8e257b0449,0.023538602234314
ck_0d16d9349e4a9e08,0.01363477295118544
ck_31b16b8848584e98,0.020332880202187965
ck_67207e3eecc02d76,0.03285188094430329
ck_e6b95ff91116a592,0.004653238381651455
ck_c08f622bcd6de6e7,0.048111701690634515
ck_f9a68da9e0f0bc85,0.01389532805217502
ck_4072b59388976896,0.01122522706434088
ck_8ec86e853ad52828,0.031258643740904174
ck_4fecb87eaffd5cb5,0.004853653131910501
ck_d6880578428b965e,0.0724291305449353
ck_bfc82b3c1c9f2897,0.7241426922057007
ck_c340644176ca03e7,0.020078183901112767
ck_321e740066fb05c3,0.706511291454887
ck_8929d2eb09872052,0.0824993495929826
ck_205c107cec528414,0.16118142456074525
ck_e76db7d2562f9836,0.012144532834194307
ck_9ede51c8434cff6e,0.032294075315310235
ck_492e4b89c61b7b6c,0.015044802161597433
ck_9385f5a1eeebefcd,0.04105790792984877
ck_ee52c7bf88f952ab,0.0165665289823295
ck_d8116c34302021d7,0.0057417619623934095
ck_01645ea51972e99a,0.029805329927236075
ck_7b45ed23304a854b,0.020211334853824793
ck_2096d32f3d497ea1,0.30268401562028624
ck_dfbb2056f1ef7d3b,0.14717780530443741
ck_938ce30c864bc7df,0.015379788030091133
ck_ff30dda2c881a4bd,0.09768958184290402
ck_f88c79186a082beb,0.017920848911109018
ck_08c7bb0f9851cb76,0.1376505133104601
ck_2675e7a008e584a7,0.019180607592929482
ck_cbaf8a954281d4e3,0.9423355600317577
ck_8b24eadf6c72b30c,0.15395778205558236
ck_ffc8e3c1377d0706,0.01804905385494416
ck_5b59e859bed5b40e,0.023816651508493776
ck_7b61717f172f9317,0.7748081276330213
ck_e5c30947b732f661,0.020807773738874904
ck_bc273f3ce79f7e1a,0.010712940103590527
ck_f69e93388b3028cb,0.23720707472439695
ck_3837ad850996ba60,0.027317227129895837
ck_36d78ff3bc033ee5,0.01644547209707958
ck_5e20953547ba4135,0.08676615243167826
ck_258d661e450ac870,0.008335615171132673
ck_1df66f537496ca59,0.03331785332666803
ck_361f535599110201,0.004914592131687806
ck_337e98c69f6e7886,0.0068841656814288815
ck_d3d5b2717cfc3913,0.028176076645076563
ck_b1dba768dbe7affe,0.02823115831362541
ck_92d782bd9ce0d1e3,0.015468276867847647
ck_26bd0f8898afc8ba,0.017717823575533136
ck_7916e53daab36745,0.02550995245926803
ck_2caf553b31831a50,0.00612708801788168
ck_c6200734c7f9b2f9,0.6677241941363095
ck_cdc55623cb16e6a9,0.008325240297328743
ck_57849e15b61c43b4,0.03192060614629681
ck_b7af9b2ee0eebbc6,0.026670455813730575
ck_00aa5fc3b3bc66aa,0.07618369566568356
ck_9929723f65636c7f,0.9687444091483097
ck_8f6cce9f69912983,0.01097729210076991
ck_c422ba389ff00781,0.0153893212976614
ck_9ec7f334604a228f,0.013403982695262301
ck_5d01200ba3341462,0.013943259532835994
ck_2bf10be403849c9a,0.010113395569491783
ck_6ca018259f70858f,0.014251237473819012
ck_a54dc042ebb7c766,0.07660031014362181
ck_79da63fc100830b5,0.011348873369337023
ck_67ab6f9e05c85085,0.010010225297866602
ck_fa80da579ea9afc0,0.014462852836412278
ck_4339f86c87289222,0.1739457251330523
ck_a2299b4f530be0d6,0.2799707998367156
ck_19db0bf788697c2b,0.009507105993517891
ck_fa4211c4d826d830,0.014513200004530335
ck_96100d5e8e051e91,0.1517556800170462
ck_5c3a671883d58b3f,0.00819435839786679
ck_2d9524787cfe1ab3,0.2551227703210879
ck_47ab8e51e5b3a2d8,0.016594199688887635
ck_c924f36bc1bbbaa3,0.008771767285108444
ck_5c58e7f8fd55e26c,0.006787924497829442
ck_a07e7409d6d5aa06,0.012794572065024195
ck_c8413898f5f7cb7d,0.02796616169177304
ck_577c816b41cab002,0.8683212127457427
ck_9f7807ed64cdb728,0.1349694401794356
ck_495d814d6d6d521e,0.008512908009099816
ck_7aa8bc018c2b003b,0.03416665794122254
ck_7c3a6a82f3c3241d,0.024705358288522265
ck_487f7fbc290e4ae2,0.017157400479805577
ck_e556c4d36aadbe03,0.02114502561174402
ck_7e6569a1b2455cb0,0.011646031444678597
ck_de2924955926d046,0.014077743026969038
ck_73d60b4630e3937a,0.0288527112580656
ck_805ee564bd35ef15,0.02366243093324787
ck_0d40961e47797027,0.013951557885371942
ck_f06d00a4f9c87d80,0.022136487239159928
ck_5ef50fb07b6737d5,0.007518064326404322
ck_16541fc15683e21c,0.04107701303697929
ck_09fd43f1b7e2eca2,0.023709437270488038
ck_2a2c336a69b8d68d,0.30082774351235914
ck_2685f38930866af0,0.023059011129229427
ck_298278a9da874437,0.032637323577505824
ck_00bd7803f2530c68,0.019308744894029343
ck_c2b4a1d8c0b6c1cd,0.0075321459253599975
ck_2acb54ca20c3af6c,0.031546731178298495
ck_e3d4b6f681c783ab,0.04516027054976275
ck_f90293f1eba5d7b6,0.048675977199770314
ck_e69d27e8965df0be,0.004523220305485848
ck_b7f5d10b427346ad,0.05887381230344815
ck_1ce20e4223a936b1,0.007395911120399841
ck_6b97d1ab90f6bdeb,0.013042222278763609
ck_e30e17db5473c7b2,0.015193383166511348
ck_154c8efb19dee665,0.004726877391653723
ck_6f5bb0c930644cae,0.9893829764700051
ck_9e17699baa83d173,0.010366419317220162
ck_9693b1eb70880205,0.006627034100967289
ck_1e97899875bb427b,0.00836114718270834
ck_558a82590f65df69,0.016955208021893497
ck_18df83242ff3cdbb,0.020293945276409923
ck_80ad4396e1084c68,0.06043929308292609
ck_0a993bc947bab61f,0.0497675530329511
ck_5c2d43ff841632f9,0.011659584004844997
ck_6e4b99fb9725d9fa,0.017021006673482046
ck_e0983999ca26c19e,0.07180374079062728
ck_6573c4947cc8607e,0.07774149599316102
ck_d879d645d6e44207,0.013040948767967233
ck_1375ad9f10688e4a,0.04728853572737236
ck_7501ebbf4e21f160,0.014082625094062126
ck_ca60d61cd4dc3bea,0.013047970027555825
ck_ab9ea095a5c58b4b,0.010983014357233985
ck_23756522b58df5d8,0.008761172022513187
ck_90bc176c43d85fd5,0.27834440778842495
ck_908b663b2dda94ad,0.3225208530383455
ck_4df2fb8e4b649e27,0.03939215114376524
ck_5615c6bbdef05291,0.07693731506948387
ck_b62f3e3185251f71,0.005703098490155367
ck_38d1a22850178f33,0.009445844699903033
ck_5b3ba20c8bb1383b,0.009497877976167876
ck_5576ffc6aaf6f22c,0.004729649579455449
ck_cf7a022178165e56,0.015069860910460288
ck_f2c7a4c50e2ede96,0.009387375166639778
ck_285719c77eadf915,0.012793389509268095
ck_f2aa1b677619ab19,0.007920504059023259
ck_3830c58d841e9e69,0.6713219239803487
ck_32eba3510c8eac5e,0.016706726445034
ck_8955d7b9030d5eb5,0.0042142568007061355
ck_6775e387dace7525,0.05049559708419894
ck_0a0cd7f4be606a93,0.041069839586300574
ck_a9f700eee5d638df,0.056119735465256566
ck_3d7db96995745472,0.014617407655444455
ck_aeed557007d52e9c,0.005490874536134354
ck_79b6a86830156b5a,0.009641301047025807
ck_6a1ff9d69466181c,0.9894827150128467
ck_f11b1565f986f5e3,0.010959789393227216
ck_4819327a78615485,0.012384522581779661
ck_3ed9e081959b2f5c,0.011342581292712822
ck_16af4be191c47d3d,0.01023909030056033
ck_25122cc0e8b1a662,0.05390465071222955
ck_509c22828d467ba3,0.07575390689256106
ck_31109c899336348d,0.0119242207959231
ck_c51131e53baa59c7,0.01307900051524348
ck_cf8ecabbc61d3e11,0.09197524368473112
ck_eb6baff0f85ba936,0.014055471357880996
ck_777669e2243204f2,0.7806619078728838
ck_ac0ea27e692acdc9,0.0231769485847943
ck_4c6ea04ce8ca9e2c,0.017251608167496848
ck_ca54b32fca7e94cd,0.021898721462328984
ck_4dfd8947f540eb24,0.0081947679937021
ck_95aff1fe27fb24bb,0.01143749271299686
ck_c7550723b90e5615,0.004146898363750385
ck_57b3fee69bdf85e8,0.01582796612201893
ck_f823407ace7ff064,0.03768213905150122
ck_a69084a068bcc8aa,0.1744401150799485
ck_c7b17f7b24bef5d7,0.01741588971737074
ck_7c4e588f927c27c8,0.02307583804061
ck_77fdac602d0c6f95,0.0577300388439623
ck_e963d8525018d072,0.008250772047165744
ck_6e8ebaea8f7bffaf,0.011365935806922123
ck_aa42976a31cb7770,0.017870879844736967
ck_22c862a496008c96,0.988445988453277
ck_527550dd15f38782,0.03933593738897924
ck_b3ab3c210e2c7c19,0.0314827978667645
ck_ed9c56fdb9f45ddc,0.3657694280304372
ck_b53281da70defcfa,0.012151624442274467
ck_03009b721568ee98,0.04690939611849078
ck_3d9afd862b3f4053,0.2924844230314782
ck_ad3c4be96599554a,0.008611533391870546
ck_d1c787c27d50af49,0.03376578005931907
ck_c7a9c7b2eef46a99,0.04867709787198518
ck_53036d3c6c74446c,0.23026679051880866
ck_1b1efbd9c0964c8d,0.013326096561666733
ck_d66f42a269d5c1ed,0.05443738504726879
ck_fefc49a2b8ad993e,0.013600507246298202
ck_8b3b874249adece9,0.013724336481100986
ck_193d9c87ad3f1dad,0.005065948195260361
ck_0c6a50d747593b7b,0.008133951492384668
ck_c830f3830875b47a,0.02387400036032115
ck_79e202f06d8dfe42,0.012035539767398936
ck_5c0fe988b8aa7fcb,0.11529858915009741
ck_a8382d8345f21e1e,0.006274750912328284
ck_8cb20053914692d0,0.023843922027240887
ck_1da2f69023ca4c13,0.023733829679238053
ck_38abb60995114f8f,0.04350441996891212
ck_f5791fd8fd8fd191,0.01693328673692713
ck_a4e6fc391b674335,0.09575621301410801
ck_bd771efb4a7e15d0,0.010687573035243604
ck_38ba4a6b6a292054,0.0822868386550004
ck_f7a07283345a0dce,0.02008297185727145
ck_87dc484baaf5a23a,0.006384702100933479
ck_c84ef83489badbfd,0.0471530408347159
ck_a397cd64ec5d644b,0.053660066519823024
ck_7977135c2ff61e92,0.0033129876857360013
ck_52174855b243a8b0,0.05490775177263904
ck_0f35e930d0614613,0.8134480233861204
ck_b170a7db522a0d6f,0.19643000869570307
ck_7af748a23775bd54,0.01447299861489141
ck_52f641c9ee6fda70,0.011376928559128197
ck_c3719a30414bbb4d,0.02498633394292854
ck_2baf214ad6bc0dbf,0.041708751457730384
ck_8b39d8aacfdd72b4,0.1737917181646862
ck_d39b0152116203be,0.008119689397321925
ck_ed33f8a937f9c7c8,0.013732028823904143
ck_8ef97b55a5fd6ec9,0.010509555418596422
ck_8247f008a14bd1a2,0.016855878490442344
ck_f0d349d68249d5db,0.01610055732221555
ck_a544e766540861fc,0.025193537583002065
ck_9dfaca4c7c80b10d,0.06782752947228035
ck_7e5401c362b2216a,0.007259811597077831
ck_64ff60c073fdb6db,0.024989660067580362
ck_fc5ea49518e5d637,0.04154402920268417
ck_580f136ced341298,0.022463463438284433
ck_9cbef9bc95449dca,0.047262714557379196
ck_e475a3b8ba870a7e,0.009792787576924256
ck_97e94708bcf43563,0.009152699659654519
ck_13f03ec785cbdae1,0.009406205770633419
ck_152820d8817f478c,0.0035326445621324367
ck_d20d4ba60eec9945,0.006867840697767158
ck_5c45968a805132e0,0.01814434253709635
ck_bebea2cf3063fb24,0.01114355619248566
ck_c3c69aefe7ea1d2f,0.033504886815645965
ck_02028b72f26fe855,0.011449192531349838
ck_dfadff70a58a9133,0.00978753082937309
ck_6482ed4491bedcaf,0.005287036109537221
ck_754cd7b4a5ae3f94,0.03363004653197697
ck_3132857aec8485bc,0.008266399338557572
ck_7ce4ca91b8f9f1c1,0.0204580837313209
ck_41938582f4351772,0.025436343950028133
ck_f87d66946252476c,0.15648935834433517
ck_8053f1879a9b4e43,0.022476609943821238
ck_93892e91387f5103,0.1309791091674113
ck_15254db133b28371,0.022900135270409003
ck_d557b9feb241b3ec,0.010281483155453417
ck_71c3a8e4c12c989f,0.010747125501640618
ck_80e3041811033443,0.027048539170010967
ck_3380d60067b4634b,0.01769577335973291
ck_a9c2cdc758df8510,0.020957078176204687
ck_3c0031d7514da17b,0.01565802118220594
ck_18d214b1418be39d,0.010605904832615878
ck_7ce768407fd48321,0.017819351857933707
ck_7a50abd42298133b,0.024450886250366816
ck_2db10f987d137582,0.027471615860890704
ck_e077d004cd1d80ae,0.009697626604861575
ck_1cb6dc67f9a321b5,0.07772245743684843
ck_b864f64101149c35,0.14813265071086348
ck_9bedf54df9418e4a,0.0033945039248234445
ck_c47e32c47f0e6578,0.09937904589383623
ck_71f382d5e338daa3,0.007766274624779243
ck_14b4bf7be6ac2b61,0.04377928448670431
ck_5c87eea1cc07cc92,0.029423757253417136
ck_5f445182829ef342,0.021828949675080547
ck_a5d7311291caaa54,0.0570009479988816
ck_b7df99aecef385e6,0.02407001863220161
ck_3327a0582407068b,0.038318488111398284
ck_08dba09fd7dab896,0.025899016886696734
ck_f4ec334be5266378,0.026068398878982175
ck_240f7f894c5a86e7,0.031076278267136048
ck_a9d994554fc14a02,0.004665439147751508
ck_13648cbd306eee6d,0.011874803460898292
ck_601edf9105b3c321,0.9708267685942216
ck_9527adac182abe57,0.2188991166703942
ck_4e0e80f5cc271bf7,0.010146131919306432
ck_96a89e720176b389,0.024066999066016937
ck_63560eec94b76d2f,0.01141381367834947
ck_c9c99e5b19aeced8,0.015510062680764205
ck_bc32655ee5ed643e,0.019742270462708496
ck_edccb5a93b741744,0.01113986717638323
ck_f786cbc987b70930,0.012114855910182345
ck_0e8f26536ccc8947,0.014802034120948004
ck_b87ef4b98cfcec4c,0.03981358864344382
ck_1a9235812de4b2c1,0.029344001288746764
ck_d1ed88ea4211ba4d,0.008612029070190309
ck_a4ddac49657a4450,0.012942021823569329
ck_d9ffca35188e49d8,0.009509198631374659
ck_3db73bbe03c3d240,0.00837832333685944
ck_fffa0622344a36ab,0.007170712638980198
ck_148c28df51bba5e9,0.5927587641733857
ck_076cbc25c8f15fc3,0.8654112666216995
ck_e5ca550b39ed45bf,0.4360226488818566
ck_8dacf3a2061ca17d,0.07485747545731004
ck_2d7394afd61643d0,0.015473195300585038
ck_e42206e91f6a1752,0.00675790361324834
ck_2f4f94827984c426,0.0072301027751446745
ck_edfe8e90e8f4366e,0.004877662718829607
ck_646b15f753e5e9c6,0.021564708028381063
ck_66600620149c8799,0.017140833552665817
ck_4ff6fc70bccfba96,0.019609816324190274
ck_41af3729590c2484,0.007497961505222967
ck_920a48ba8c583e96,0.010497151706664466
ck_0253b3e7be021306,0.010419125941027188
ck_2ae6949246ea2648,0.012319600588153769
ck_db23a5100f338d72,0.329823431507577
ck_fcb2a559474c3493,0.01771075171345119
ck_0a4d7acd2a53cbbd,0.10024680567725448
ck_c5d62b2b7a6f3bac,0.3158785532429473
ck_cf59f4fc0ea690b2,0.008236121325470708
ck_837be8126bb19250,0.013581027915423673
ck_58955542edee1adc,0.014177557612074553
ck_1b93381d8eea58d1,0.011260118704033668
ck_97b8e05d62abdc14,0.018897462141508396
ck_71a0d645744302a3,0.11392243463880325
ck_a7b57882ab66b111,0.011960692006859983
ck_65f76421be648549,0.028993792303188506
ck_b53ea8713d32ca7c,0.01683363551566858
ck_991c4c924a1d85ff,0.7231948239805113
ck_8432ccec1a4ec7fd,0.9479841996559126
ck_64c1633297f43788,0.009894509890082375
ck_4291fd9c1161d8e1,0.011396660493018821
ck_5e98ed6391d9f429,0.022691247555211812
ck_c7baebe4549fdbb4,0.019131478950130124
ck_6e67225ba59fa5ae,0.04639168739910966
ck_719602def4d35fe0,0.01594914569011498
ck_bdee7c86f5ebe81f,0.014993636401020239
ck_8de38f8c7f91961f,0.018106329895025596
ck_b0b5bf9254700402,0.06775267294201985
ck_7b55d9bb1a250d4f,0.06449584195724954
ck_3954b7b0fd1d6614,0.009811713222129776
ck_f29471fe7c818d6a,0.06024141545483889
ck_9e65a8a2f587691a,0.0161304795631472
ck_eaec5f1a83b66eb0,0.05930984994285949
ck_004fe0daecbe2c1a,0.06050931434963103
ck_d17653a4a2d4a79e,0.05910355615899522
ck_0dd417fcbf19e424,0.01714222369389152
ck_4c99a6eadea143e2,0.16051130543218325
ck_74d602c907ee9119,0.017088635905647916
ck_1aa87cb62acc0ac6,0.023513720812155404
ck_094974d75e29fb2f,0.1115230614264351
ck_5ef935ac3d4d3332,0.0065961041314827416
ck_b26e4ae47c9107ed,0.12881309815738973
ck_396cea6f95186ad2,0.011471535589144398
ck_48446a9e8184c7d4,0.008437395842352891
ck_31e1ede23247d56b,0.03048669579617936
ck_7afefa349b960a3e,0.05061563506524816
ck_f5e02a3432571b20,0.03824879656624065
ck_64eefec062592c43,0.0067170940991763085
ck_a1201284122c141f,0.03686000392715889
ck_1b34c420a4c85a95,0.023145625173943217
ck_d637a011332ba67a,0.01033805181151601
ck_99c0004d8b7079f8,0.013548361352351415
ck_948517bad569b40f,0.05115240425287667
ck_a28d6b1601b472a6,0.05652972636949978
ck_a0b4209feb31f5c0,0.9888417777625906
ck_d6d2c1f6dfc455b6,0.08355785234301716
ck_3f9e6d356d3dd3cf,0.008827697203521716
ck_d08e00c842b75176,0.013312763158680815
ck_bfdd232a7c5f2660,0.03021312788923686
ck_2cdad03ed069438c,0.011267753628455827
ck_42317c3eabd0a285,0.07226247292484757
ck_3eb73e56751c704d,0.010699292009476263
ck_ef33c04f4c9e3758,0.0444409889400014
ck_1dc23dc870f1773d,0.009174030106635431
ck_76091f357974a152,0.006796423695640699
ck_4d9eb75e8eee90fd,0.062008559781648195
ck_578f67e69e5d2cfd,0.006100456469285105
ck_3a8ce1cc724229b8,0.006713721181968056
ck_a96887f841e80fc1,0.015973508774145037
ck_d2d4a8f4a9f2c33f,0.12280844614497308
ck_11f85bc705dbe036,0.014808726359502346
ck_7429b3f87528e335,0.008925435259441585
ck_26df74feac7ec51d,0.027778629952348952
ck_c78b2638fadd91ab,0.009731228547270692
ck_7eaad325abe3b50c,0.014917560491643143
ck_fd44e34af620e606,0.04675819581682444
ck_f99738dff854e25f,0.011357712824377888
ck_1ffbce3a239bb264,0.07706549061980855
ck_96c7d52ba0a766ef,0.027970503052463888
ck_cb1c00c300af3f9e,0.03298770522215201
ck_ec3d12848ced99f2,0.0047146514725261435
ck_26cfd7c3c6c7bf69,0.031783103469095464
ck_7ae86b5a885affc3,0.03588559193638958
ck_3edaa94d28cd48ea,0.019697126047983606
ck_3209c530c9812e39,0.04814841497731135
ck_ea62ebfc1f04b49a,0.010318850644398107
ck_5fc90b4668ea81bf,0.02319729431738543
ck_95654593cdebd141,0.011524130819366034
ck_958c0bd61820147f,0.028769153511161286
ck_8440ef1386c07194,0.005501436291379938
ck_8cd1b68dd74b1375,0.11339515688927747
ck_c9eb4df91ff07f2c,0.007170299386489495
ck_c29489366c01fe65,0.8802815609481938
ck_c965fd6bec0f0ecd,0.029513989461455434
ck_84c402b23766e1f2,0.023478243187147474
ck_181f3dae03b87136,0.012435058336284988
ck_022a8ae79eb28cf6,0.8665359455182852
ck_469c17407d17b706,0.027474701159699876
ck_1fcc5843f39148a9,0.01665869583191163
ck_5debd55f361b2ddf,0.013116622109713382
ck_28cb9b03e89263f1,0.03269353661128241
ck_f067470743d3c7a2,0.03671959928624191
ck_d5d225ce41a1a762,0.019953457109611432
ck_15b4840922195ffd,0.12957363294547347
ck_6bcfa37c717f19f1,0.026434721713453027
ck_8d501a0386c66be8,0.11183261536601663
ck_1a9d6190c57ea7e2,0.3741506332453971
ck_c49832eabdac5bb7,0.008016627980663129
ck_b4331140b2e0d4aa,0.03454055253412
ck_5efbea1befdefe1b,0.2137981481467211
ck_72ff52c4824072ce,0.023688249185509727
ck_ec3715add8bbb6e9,0.0669333553009856
ck_9822f8ed05335741,0.04148269577990011
ck_c3d7d3d12a1981a3,0.014844557965941467
ck_a115a7919ac5875a,0.0627695620119509
ck_4dd4ed23e0b927b7,0.129606211254108
ck_4c76efcc1ee6762d,0.031767509373489676
ck_3ad6e7bf452c9b21,0.013059343418335291
ck_dcbab304b55a42c7,0.014623688844744211
ck_24b53090faf722cf,0.0037081832479183884
ck_187317383400491d,0.023618567375095618
ck_e07fd57565c94c28,0.03762291841154351
ck_740e760fdcd27835,0.029237634203086303
ck_d3796aebda1cfed5,0.6290591941903731
ck_e541967c681cb929,0.033618652817032565
ck_431118050b834dcb,0.007328880407483324
ck_90f3655f0c8a0074,0.017598321454288128
ck_13cd943777651aac,0.026696977325385104
ck_66accecabf3901c0,0.026967467777514117
ck_937f0da2306b2eb9,0.020515286635082383
ck_105b0c93573fd5b7,0.049008118842579454
ck_00480407160e0743,0.028316730952685422
ck_e032068be7b77d15,0.01335144623974624
ck_991b7dfd69098320,0.00951283866104928
ck_37d47cf0f34574a2,0.004121097579629227
ck_011551a596544f5d,0.0074094983299054056
ck_9acd98f4fe2d474e,0.41420285925324096
ck_7c88d3d377bb61bb,0.04439178602496047
ck_e2374c7136c964fd,0.038173959233310996
ck_2fa8f2577116e9ca,0.08086938494635097
ck_d07c5b0321c685ea,0.38460976746196796
ck_bc736114a31088a7,0.023645241283825544
ck_32bb42f9bff197f8,0.01271027064906863
ck_66267bbad1f1415f,0.9733514769561975
ck_19988702ccd79201,0.004871893864823165
ck_f473a03fbcdbc4b0,0.06866376403222817
ck_e3f1d85fa5d49396,0.01284742898673923
ck_c4402ea6291df271,0.017078805557792873
ck_243bd5ca8c4ae5d0,0.006881411015659906
ck_f271e855925e8d6b,0.1569570122157474
ck_e424148c6f2223df,0.022061261161015845
ck_e4d0a9e1102a58b5,0.016579080985020655
ck_91c2a5fe69b9b1d1,0.06632165140553573
ck_5fd8924732fe403e,0.10435562583829869
ck_9a881d5433126ada,0.04806398169532859
ck_73cab88b29c7845d,0.035090610385542065
ck_5b5dea6476d4e182,0.0212303450522106
ck_ccccb17d2ca6ce94,0.030509255959632074
ck_cd1dc68e441222b1,0.8112685180326946
ck_8312c49b1431a406,0.013499154585401938
ck_25fea39897f2a559,0.01014737943316078
ck_f56200205280bddf,0.06032836080160373
ck_7336611650dcc088,0.010767749564572607
ck_590716322ff147ae,0.08856204902745507
ck_c82364d87875a1a1,0.024758014933128306
ck_fa4b60387d744fc5,0.02832309257102819
ck_d841eba8906e9a15,0.0065313396192300446
ck_d6df562a79b9d0d9,0.0432827462253994
ck_59a14d2564193101,0.026675431537072934
ck_8530158e3d7f59e7,0.015663674675121485
ck_ac68d707006c12a8,0.14899228611309445
ck_976fac1bb3dd8c58,0.014624825548005205
ck_f854fba8f4adae3d,0.06756017939867312
ck_b98e9c3ec6e7d1e7,0.02475854371737262
ck_803c0b4cf9d4bc1d,0.015829835527588588
ck_76997a33c3ea5107,0.005049047751816274
ck_f1a9d832b700bda1,0.9115044213238072
ck_2bd96ddb8c323d63,0.9508173011275365
ck_9e5b7acf51b1b743,0.018523826118929526
ck_09169f22194fd6aa,0.14689382235119114
ck_6d69e092f9b0848b,0.009634358975421616
ck_9f83fa5a2d3b9049,0.012517014565268263
ck_57bbb19eecb4b87c,0.009539794986963557
ck_e0e9cfabb979f428,0.018842010397777827
ck_b1ff9edc51d42f97,0.006306448194964915
ck_4682fad271d47eb0,0.7074001421814708
ck_ab33fb754c818ae3,0.014105723201351091
ck_b456f62b80e21557,0.003931960945757764
ck_16340be3f2a7fffd,0.007263698995013033
ck_ce66831f6611014c,0.018510177649717012
ck_4610a073bb54d1b1,0.01708368531726985
ck_fd038a7d33a9d6e5,0.013326049356552475
ck_c8198cb4c461304f,0.03268334957209808
ck_1e7de58822000dea,0.0409255593732192
ck_b2a79dd3df560f14,0.027330207029775275
ck_74a06f347b32347f,0.012512376636012916
ck_c6fdb2972417c9bd,0.013798006483394801
ck_d7607a213b800bfb,0.015012198858798093
ck_df65967b8b40319c,0.019478037343230732
ck_329a73dbd585ee09,0.012863045799344006
ck_74991a9e85c3b07d,0.011399999237412552
ck_bb76609b79e0bc9f,0.07565504618045182
ck_f7fc1bd0b9ab1fa4,0.008019986519688013
ck_d111c98b36bdb791,0.005589956069299993
ck_f07e27d125497b66,0.02789002680375562
ck_093e3a7134e11d6b,0.012968406102266917
ck_862c7953bdea48b0,0.02144296818914953
ck_392cf2cdd515c34d,0.00943515074723197
ck_80eb91b0b4001084,0.06031697178004902
ck_5923f53b77193a58,0.11285029275276551
ck_8049f5fce32be185,0.3780258531096661
ck_ebc5a2c6cf88e252,0.06481071458106653
ck_9ea5872f14cce338,0.018948938526565717
ck_f7fbc95ebf584379,0.02233677584132533
ck_bafe82c870356706,0.95963158478286
ck_278b36c5932d9bff,0.020382001943770017
ck_6a892dd5d05c1649,0.043516637427335206
ck_0734fd90b2cabd43,0.12103995840590433
ck_9b552204498b6762,0.011641378068660245
ck_f6c909c205767956,0.02449112829819533
ck_32f590e87bc3d715,0.0036666871589789906
ck_66a8325f28be7562,0.02953491927456233
ck_b129261da9c3c3c9,0.013725479333623754
ck_a524071c51ddde20,0.006116605718103258
ck_ba576d6d4cb6130b,0.2917693138105612
ck_8d8226520722af78,0.08759499916450872
ck_c5b0f0d4f1655a20,0.042958496732115256
ck_61814ae9b6d8eab1,0.028260091511395836
ck_382ebf136f7fa337,0.3149751250265553
ck_423ff4ede6a9f066,0.1070306150519652
ck_546ad962d04b7de4,0.888459767584859
ck_9473ea4a01c95f9a,0.029904047674673962
ck_9eb1da8cd35a50ce,0.01207430254510879
ck_de5eaa2cdbcb67ff,0.050546254870190856
ck_537cc97d0398c922,0.025245277457915466
ck_998475a2e4dfad4e,0.04474074870307259
ck_e62eb708d2688fae,0.017908945349945957
ck_ea623358f704daa7,0.11351596478196471
ck_b911a09f328dfd4b,0.02396099243069803
ck_4b3506b624e5193c,0.010963875088541906
ck_448456f96788713b,0.033648652418384294
ck_5d5ef9e75f65d076,0.03314459249869966
ck_3b74512f774a6e5a,0.03291510062236042
ck_a032e8ac1507c6df,0.5067777839373329
ck_7e2d6b22a0ae20c2,0.11353409414192817
ck_d80283209c963f11,0.02168323140263043
ck_d1157eade2ac3975,0.03891050836623031
ck_be48f583f79427f7,0.022779346635201876
ck_0027b5d4107d65d8,0.0367464403427624
ck_94fff69584dd3b2a,0.051863367389544654
ck_75fcda73f0b43557,0.008385254943472578
ck_a1c78972e4ee4082,0.016912599624316845
ck_f0982bbdbd122f91,0.006483675421569038
ck_3199b471575aeb3a,0.004392628205159659
ck_7fa947a0b1c1cf74,0.2534770460811001
ck_a60c618b7f0e4252,0.00999732537436782
ck_722ac47c8ac9b6c3,0.035151958665589775
ck_d44dc3839a195c8a,0.09905139236760771
ck_a2c3e82fab520483,0.034224776858113086
ck_6f8ae0319c07cafe,0.010576792710599293
ck_49886ff1e2c759d6,0.01574839679623069
ck_150a1108f936e6b0,0.007661267733637339
ck_e21f9f96f597695b,0.008099166840305356
ck_7297bff2b7fdcbc8,0.01117171829230702
ck_ee949c71f4f702eb,0.8096327974204974
ck_6fc37dea4b4f35c6,0.10857515179916885
ck_e76257caa98dc25d,0.9650672789935872
ck_828eef2334e17b3a,0.014836356463784482
ck_604e1b8a8c693aa7,0.04196514719648303
ck_7743c9fe037d1f9e,0.08719969895284348
ck_864a11202e19e812,0.10752275894565543
ck_4ec040b9e3785e4a,0.030470278682859942
ck_7346e4f820d9c00a,0.5224390589053823
ck_48d4d63beb26b623,0.03897705086377758
ck_c423aa6de3ed1e01,0.0050718073298588896
ck_d74b2ead8aaa3f73,0.011828508083791694
ck_1dd69a11daa7bf1a,0.02045476770438824
ck_d9143e236eef177f,0.05634964786134168
ck_f790d91e5ff0eccd,0.04004509290737976
ck_69b5620e00ef5dec,0.008158839411935122
ck_cd32e58e8a1c0e85,0.01815125829727139
ck_064013b0957d87a5,0.9909873003162986
ck_a481385c2e60dc4a,0.016892565423809718
ck_d72035cb29db3aa4,0.016258797183535623
ck_3759939a0205306d,0.027570529915261724
ck_f437a53fc832ec95,0.040086544791560194
ck_260ef2f3e6434819,0.032881944561359774
ck_35e411b05d22f663,0.025632940983098658
ck_8bf46e472f3e20de,0.11326615263572876
ck_d546994fc5d3e9d1,0.008774305338309396
ck_6ff0fc7487e737e7,0.1511013793339429
ck_5c67f27816ae0b6f,0.012753630594397145
ck_c5517923458106ae,0.007223540630100066
ck_d9735647a6b0b0a7,0.5517500179673076
ck_541a734fc457246f,0.0838583620414739
ck_2f6a639468f41043,0.010566473813293238
ck_bea2cf7a6b7bb900,0.009450759584305066
ck_7eebd0e6ad6c070e,0.012606962548412266
ck_b64c87d5e3b10e6a,0.6418882220831614
ck_9dd7daacb7833233,0.030571985216139387
ck_396e9ea9a6c6d7d9,0.05919955176714265
ck_1645e6cc53fa99ff,0.030151383237283155
ck_ea2a83ccb8d57490,0.015131633266912864
ck_e64f0df63e1be595,0.025718023190288177
ck_fa0b234481cb57d3,0.03262078978337156
ck_63379e3c9fe6f711,0.02831807399968597
ck_c67f7944896a0310,0.02643468659884786
ck_c10e54c9db29e6ef,0.96897065726346
ck_7184ad7709ae4c80,0.022340704945140732
ck_f8b6069d7577fde6,0.013075936895140578
ck_18444be153bac1ca,0.2907611550241729
ck_d0982b4e0e118e4d,0.39371323520861723
ck_6faf3e6820398866,0.043672972746099846
ck_97e980463aca4644,0.017477436860732727
ck_630c835243c66b19,0.8927487240210558
ck_fe429ba3e1aa0e4f,0.01295476678388282
ck_1058129ed7b48c59,0.011139544147414684
ck_04a1a46f07885296,0.0363286925542923
ck_f01e94331067edf6,0.010040873938872761
ck_77b2fb17c29f5e72,0.007578187842605094
ck_4f0c5857da45fb28,0.03232047558413699
ck_2cfb9a7775e8a5bc,0.9537040293093899
ck_6846100e43659bf3,0.019892982456049795
ck_f89719a854fe11d7,0.037819269722553
ck_bf47375e41ca3bc0,0.008007369844186284
ck_2770b0400a7bef08,0.15785415349346724
ck_2a09d142de1c77ff,0.005212055227932655
ck_857a1f5547b9ad68,0.025580719066049838
ck_185f15b1523bbcf4,0.026628923040484996
ck_ab2aed614ec1cdf8,0.014432281954341465
ck_a9e7f3b2d5dfd97b,0.00539434722303779
ck_0eeb3d9b3e697edb,0.0175240202505495
ck_fa5830d81bc8ddc1,0.013169162924290184
ck_231ae0329ebc3220,0.13878953187902848
ck_1587763dd54688c9,0.050192265129507155
ck_9f85fea4490c00cf,0.01730517884683646
ck_a2d709e7eb91e4af,0.049148138856265344
ck_43637d28c7216453,0.012888589460471573
ck_f3ab5dd853d38252,0.03535888363042505
ck_4a1f0172d3bf4fd3,0.010786467714092723
ck_517620ca16505af0,0.013226368472132337
ck_9ae904fbef56065c,0.020724765611931574
ck_d5ef1f6e34bb35b8,0.0570211994249296
ck_ff42557857ae3aeb,0.009116398890855854
ck_ad9a18f58589faa7,0.02037881111153609
ck_df1a6edaa3e6b271,0.008884972934489947
ck_99021fe7225b5a68,0.05807103761777701
ck_99e52c3c2530b69e,0.9758026706789618
ck_3a4811dc4a1a891d,0.027866418961840896
ck_ba3a6be026c87079,0.01151906088515077
ck_da6d1e5cf6aba6fd,0.009595865832067766
ck_ddc7c1f3d45fe6e6,0.021661174429284856
ck_e1b1e7a7e4a15b3e,0.10519320856281666
ck_8288f7f226e08b89,0.010793591057491931
ck_c4524993ec31dbe5,0.011606319010027646
ck_8b19bb5b23b6741c,0.015991070986850903
ck_d21b38231a8a9f4a,0.03240768843007413
ck_3f730318a9792292,0.015122252273579512
ck_a4db6e94a8f77f9d,0.07677408306420198
ck_a8cac8d480306839,0.01175962724062702
ck_5472214011fbc2a7,0.004788169338882915
ck_7356f47dbbbe7904,0.025807955283264516
ck_16801e628e883d78,0.015116631434998373
ck_0dc1e536231c4860,0.01167962377960459
ck_7cd0634a6e60af83,0.012656719302945684
ck_ef6f8e048ae1bd4b,0.009210333443931873
ck_82f3f744209888ac,0.0221983352832961
ck_f33188c232a03526,0.24878982299492197
ck_4a59f4e10bf45d7f,0.008904856418840697
ck_d96c893721385e4e,0.012305102408040072
ck_f65ab819373edb37,0.02241733396839842
ck_21cac21fc10b7768,0.0075728879381968695
ck_139b54e6ccbdd7da,0.03959942712299273
ck_d6f5c8741697abb3,0.038101959108020125
ck_a28d9bb5590d458f,0.07596603298034305
ck_ed26d906883bea0a,0.047491288932165227
ck_227602ad072b838b,0.005558357686074615
ck_39d5f6c17c745ab1,0.010190956635039605
ck_744eade757ba69b5,0.04629279612331995
ck_c1295d97cdf35ec2,0.006158341547500312
ck_69105f881da3c821,0.010222371678432074
ck_933789b55361d7c1,0.8354380389329946
ck_b667952253503174,0.059340037956033626
ck_7bf668e25abeeb05,0.0038627412218851373
ck_91742711dfdffd56,0.015892188453287038
ck_af32a0660090dd68,0.03684712359809803
ck_2122f201e65f76ee,0.007053110892721584
ck_f48acb73a5d6af07,0.014471808268904898
ck_337c5684510cf432,0.02834687558963058
ck_f7bde7265053364d,0.018478996710011464
ck_c190c7b924edba75,0.061523876976230754
ck_044fa3b3a003f0b5,0.016137686452396906
ck_87eb43e3b9d96169,0.10296248473115517
ck_2d3d6c9364362017,0.0081345824841288
ck_ac55dc6cbcdf8228,0.006451462775656367
ck_61d7b0568ec5d6cf,0.03959482827156098
ck_89c74feeaffa7d09,0.038558608221008456
ck_93776b0c113f41f0,0.02194270956902655
ck_15e0b679931f7a8d,0.011634850916957592
ck_77b56c49cfdb1d81,0.22136431128575432
ck_73188a826b5f499f,0.012766827508514052
ck_4f463ef25325ddfa,0.35265406124733695
ck_863db2e394dc47d1,0.6003261999010279
ck_d52432ed597f3cc9,0.033540487858842644
ck_04fb61e5739642f8,0.03843367612158077
ck_2e481d75d110c06d,0.07886768396724803
ck_3fa1a523d77cd619,0.02038170217648702
ck_466dc6274fecd708,0.010536303282629368
ck_e1790b3aa2241b10,0.8327348393112987
ck_84ad096a46e1a960,0.015267030914774663
ck_3be72c9c178fa00d,0.019472495259502644
ck_5a17c89219d1d9fe,0.024320459966495317
ck_4f639f4ee6ce8d9e,0.22539213285114112
ck_f4ec4a935e51b4db,0.012709486484859757
ck_f04040a830f92bac,0.028337732828470595
ck_3e4d02a04be2aaf8,0.025942200571338548
ck_4d1baef193cfb900,0.020365716637733323
ck_0fb3153d37626b75,0.008873114371365533
ck_88ec57a11b11f702,0.8301485039304666
ck_dca9dc465f759db4,0.019340371276259694
ck_64f5fba6af67e024,0.022603100323046015
ck_896096cb167254ef,0.03985522716062814
ck_7878679065876b98,0.041526220037065006
ck_fe8e5a6c880ceb4e,0.013345667716503248
ck_a5e036327d3d1862,0.005318140293053946
ck_310f73940fc4cf4f,0.02239989632858797
ck_46a8db16ad00b749,0.015530715507863974
ck_0d33977c3de8cfaf,0.9767326594204166
ck_c6fff412f531db0f,0.0058565671537148135
ck_bac6dadf428eaea9,0.014382464040167783
ck_1b96d9af0d7da2d5,0.005248530920225937
ck_fa8a4a9e77799fcc,0.006553440230010551
ck_0bf48607a874b4d1,0.024317737039488543
ck_eeb75f8a6439f65e,0.03654842437009625
ck_a209a5f7d172125e,0.018827633190881675
ck_8f346b72fb40bf14,0.016715607490719847
ck_bccbf9fef367f00f,0.037733222378712204
ck_2d1548f1ee405cc9,0.03294173183720012
ck_e8298ff2dc1e9d50,0.005479168371036625
ck_77c0fb524edb4a94,0.02421092749953014
ck_28ac4c5134cb8e77,0.025681152862229856
ck_db23a0e3e54be60c,0.0531617850194594
ck_a059d00cee5cee99,0.018231697877061748
ck_3e9e3bba8bd363af,0.017015564953223962
ck_0428728df24cdab4,0.005186644034460555
ck_88cd35378075c84f,0.010559549213000377
ck_0174d76398d9dc0f,0.37859687142318954
ck_3f1287e6c27de0dc,0.006605411115197401
ck_ff822700f3605e06,0.9918754485809147
ck_4563227b2038ae07,0.09046515400610729
ck_788e78065526ee19,0.020769842427529064
ck_8a16eb584093b12f,0.013061970349482779
ck_cc276f71ab6c08fd,0.06036191334557725
ck_d61d97b21002f3e9,0.028672198343889295
ck_4b2e87d86a5e415c,0.022526381052449432
ck_3e6f35e4500d2f2a,0.007349846581195158
ck_3acdb083e0d8ad61,0.009419987476244628
ck_cd655202db489010,0.0122060812325319
ck_829cbf5ccda481ae,0.009352795345097111
ck_f5882e6f98b8b4cd,0.011574041989296834
ck_767947540b234add,0.011527535774678674
ck_a6e8e8f535b1f1d1,0.08446515080920586
ck_58412a2674fea506,0.01924254940269088
ck_fae7e518a585fa61,0.05805616995310575
ck_9c60ae6958d68dbd,0.14576819744774563
ck_328696b8f5e54ec6,0.032157702397506885
ck_7df3f8f4f1068d62,0.031015549699344457
ck_cfadd21458230ef7,0.02724240728153017
ck_7048bedd554c703b,0.012222351961608395
ck_50422466f145bfd7,0.009800879325567757
ck_61e1f7168cd9ff25,0.02816595673701939
ck_733aff0f56f5b3c9,0.016333767608812895
ck_e14892e424180549,0.02567103309692219
ck_03f6664a96de7d0f,0.017277223288334084
ck_b7f4baa2cc82fe61,0.02185661698916575
ck_1e51199a075ca0fa,0.00752395284093864
ck_0e70516fa07cfb17,0.7615481298801328
ck_0f37c554a5057801,0.033154611821279906
ck_5576b725de38d106,0.00956695704319045
ck_82f360df1e9f4eb8,0.04551827529613306
ck_395f3bd4aacd7ca6,0.007418343691595886
ck_5e8e857b63966609,0.06465596319581923
ck_93470896f0804b6b,0.9464785876825292
ck_3be854e42e76569a,0.04992521354307092
ck_0567302c57a2417e,0.15745949086643501
ck_ee535461b5f05539,0.19354914625817704
ck_94a096c36162a153,0.0169748115286512
ck_dfc8f5c141fd7c63,0.01691631915893107
ck_98b34f2d704c1c2a,0.008567293207230132
ck_96dff7a09d45f116,0.03668143642065086
ck_79557434c129ba52,0.057555992801598906
ck_4596624a7c01d501,0.00713653970240254
ck_04e89fbd739243fa,0.00612801026112067
ck_6149ffaf18872dc8,0.008076315258488367
ck_cd78f0832a09bd8f,0.043380127410837875
ck_7e29c10d781c3b41,0.015089259623912634
ck_1f7ee7b23fc6f2f4,0.036009721807653536
ck_c49b685d2b3ab89a,0.011289983031196257
ck_84569a8fc50e73ac,0.027338943027261156
ck_b92b11d205af91eb,0.0189304755524798
ck_06280e6d6d2485b0,0.00640196061885857
ck_3c08546dd0c92863,0.02546551845613552
ck_99d3983f907828bf,0.03353755460058453
ck_eccfd552aa652d3c,0.026970624004766432
ck_0cff8153881875ba,0.07529086901477106
ck_c1aebbeca6ab5ff9,0.010128029300679704
ck_538fdbbb3c2bcbbb,0.026332132656926
ck_8c0210322733c718,0.012451788686870432
ck_0b0c93039f987abc,0.029627255009842597
ck_6d07d6d1bd227d37,0.038759335750799574
ck_9b6ee35e8cd0b11c,0.01788381332475142
ck_d838491d3d4f5ecf,0.01252044405990449
ck_0593ae243a9ebee9,0.012353757319856315
ck_ef261fc09be8eb0b,0.023945161247866057
ck_d0935b571a4a3868,0.005995911214860903
ck_97d04a67a104af39,0.024100737579928602
ck_e25f70d0b7229420,0.01990391621851556
ck_9b71274ff83de482,0.938049562647876
ck_6de2aa2bb60978d3,0.026564260596817744
ck_eda55c8fb47593d7,0.014540495075271446
ck_924e572517515f19,0.1468520784092195
ck_d6f27eacbad310f4,0.008373691315659102
ck_8550f229b5eb03ab,0.009517917065850787
ck_e3e95546a84d0ed8,0.02099298788680773
ck_3135c019696ee6af,0.8563039414621708
ck_41ba315d8fccb559,0.00901495206701472
ck_72b86e4485da2d0f,0.9490800743638147
ck_daaa995f3c2f0e47,0.02589669753232625
ck_053746067839696b,0.013550986268636041
ck_a15fe7d0f4b65c33,0.5092916664904749
ck_15de11438732bb05,0.009516188201652426
ck_2c4d25acbe3fabd9,0.024702284342807503
ck_7f08078908599bd2,0.08750882541900484
ck_e794741742fb2619,0.03181074596227128
ck_238e53b6dee8c301,0.014965308256146382
ck_53a6a33060d5c8b8,0.009749420427395133
ck_0e0919292ad33472,0.17121832561703973
ck_d86ccf148c06c8c8,0.008518119609045118
ck_c881f26c9bf9ae42,0.42368197870479574
ck_4b0947bf94e9d847,0.013296515183967635
ck_e10ff5c38bd18470,0.019534940159005316
ck_b60de9e97aad9e45,0.32459518851566566
ck_190bc849e5ff5401,0.041619047416070476
ck_e7be077aa0b2632c,0.021373709231244244
ck_a51abde881ebeff3,0.020203902171979194
ck_2208392a9f6bd249,0.011941929789069532
ck_0259da8f109017e9,0.024685530564033747
ck_05e01ab9c95449da,0.029415110796540314
ck_c82897ebffb6ae66,0.008028242439323017
ck_b4a6bb4689cd7cfa,0.030399218055554435
ck_9e21ea33018ce538,0.003281686263978347
ck_caa348f0e65db062,0.7021758555256855
ck_a964e6b5d8415334,0.5953206989763388
ck_510bfbbee37ff436,0.014619163492100438
ck_9741a82faf5c7889,0.028826271893671457
ck_e7f61b4a39ba98ac,0.022831816306627083
ck_069d158665a53909,0.01251701214226154
ck_6426427efe3228af,0.036040360245155334
ck_ab4a8d02ec3c0fd7,0.007985928017132606
ck_aefa0d8d933e0eca,0.02942325233845789
ck_232325ef6bce92f1,0.011039805154315676
ck_14e58c3fb26a2b4d,0.03618092000224153
ck_06e73afdec26aecc,0.054215301180678716
ck_3168f4f2778d64e1,0.007999866877245477
ck_ff3998d6858daa21,0.014401179764212345
ck_bccff46fb0868454,0.24303760672180175
ck_c7d444d90fa86d7c,0.226602683997341
ck_f0bc3bdee6bfbb94,0.015073780010015723
ck_f7112818a6d81422,0.03819819388509654
ck_aca35dbcb835ad02,0.028440687066758702
ck_f637fabf0f60528f,0.05421483662755168
ck_53d17ab97de1ac3e,0.03255137182835677
ck_c8c1bf16d9113493,0.026441129551224726
ck_e842fb0cf055a83b,0.09553814050938089
ck_93c0cb3dac4891fe,0.007583464306444644
ck_0c1f088e17e46daf,0.04061208497730721
ck_8f4b384955bf57c9,0.00974910790422023
ck_09cd5c4df1e81ac2,0.02237131761167265
ck_1e832a5b2342554f,0.045250840719829946
ck_2cb763a881aee27f,0.004768299475754961
ck_5875828b11406398,0.012457054370424764
ck_48e84b0cb0b90fa7,0.03297125938822419
ck_833688de8629c5c0,0.009166587658002563
ck_117d78ccd5820f36,0.012758631521495901
ck_668ec61c4c39cae3,0.00994741129488888
ck_73a7794b659d7a34,0.020791128048027623
ck_10f90d879209734f,0.016413257918419268
ck_d1d079913aa158bf,0.025010480899675523
ck_01c631b38e8a9535,0.041535179419636886
ck_f6923088c17a04e2,0.0903000728722136
ck_b447badc9138987d,0.011042115749009148
ck_8b772caed8f1541c,0.011160791847384891
ck_5403c76fe68a08ba,0.5601368206685053
ck_3e6833574edf1736,0.033713295229485005
ck_e527fbb9450a4581,0.40176637271914184
ck_cc90e219f1ebf390,0.004595102381310247
