cookie_id,score
ck_315fb710a0e371e7,0.011471138
ck_a76ee3b3e3e522fd,0.042426236
ck_94c9a4d382689e82,0.02486009
ck_8eaf9509ad9462a0,0.00982581
ck_9a88a5a989cb5bc6,0.0050853156
ck_15239ef0689c1a35,0.0052534314
ck_8de69cd219d3b87f,0.32182622
ck_f92cd37022b0ce21,0.013543942
ck_1a3ff7620580a514,0.004583616
ck_397c03aa33a57310,0.059429076
ck_a7cf6c3b322f6b7a,0.022072405
ck_c39a9e75760e3201,0.026905468
ck_88ab6d245228c38e,0.0024772896
ck_17733f75ebdea93e,0.014472125
ck_58eb871e8d7bed52,0.0059633097
ck_e55b7fa67db1ec27,0.016077036
ck_62f5cfe22c952694,0.027435608
ck_7fbb709a0fe95759,0.004653789
ck_87abe9cd066a20fb,0.02353114
ck_d58e058b5c553dd5,0.00686044
ck_d27b872648b71202,0.003737584
ck_4b4a3c5b95c55b43,0.0028443686
ck_66dd4f4b4127256d,0.010941177
ck_93cc12703b500613,0.07450347
ck_d28806a2179092eb,0.98223984
ck_0595c2a0c7881e05,0.044206183
ck_50087d8666191144,0.041478936
ck_b08b3f089138c901,0.0072160065
ck_fe3b67041dad2dd1,0.008665366
ck_8449a28f7d475d93,0.0131542105
ck_8642e3b6d84f49d3,0.005622675
ck_e49b5e4f2f2e79db,0.57533747
ck_437afe412ea4259c,0.043776814
ck_569b83668d74042d,0.07938118
ck_233a487d31c3e631,0.9792332
ck_1fca72e03143a645,0.9515874
ck_79205e31223df2ad,0.013229351
ck_9625a64406ea16e3,0.019356405
ck_079bd18dacb704a8,0.04006387
ck_4db6d4fd2b49aa81,0.0056284363
ck_0dbefdac0a1868fb,0.0068346374
ck_24ff97ad90bdd69a,0.073651865
ck_77f8c5042065d506,0.0069342568
ck_f11be8ce05382cec,0.044004023
ck_c9d72140b0389216,0.017474795
ck_69eda24e931fb36a,0.0068674097
ck_ed471e496916ee15,0.008016835
ck_ff090498c4b17ac3,0.0035501532
ck_c3c19d6a0720915c,0.005973344
ck_af02e1817cfa40b5,0.3447574
ck_2df5a9fc87553eb1,0.0063119386
ck_4ac918e884cff336,0.007658902
ck_ca149244b54ef3ad,0.002670264
ck_6babe5b8674ff51f,0.006772188
ck_1573878386886290,0.0036496334
ck_3925f8565abb7fe4,0.013035279
ck_c4de808ae69c771f,0.0070377095
ck_a777c813551281fe,0.051548257
ck_df4424f6dd85080d,0.092621416
ck_85e5494ec20383ae,0.011740422
ck_f71a4094e889c3af,0.017158357
ck_f2f3cf9cd23b2809,0.035292853
ck_18e2076397bcc211,0.062035285
ck_c9f9fddef39bc664,0.025398618
ck_7e826e233d6ea028,0.012744306
ck_62fd7eb46bee9210,0.0060440265
ck_206f8e3cd72768f3,0.026402041
ck_aa295a11b0a6ab36,0.009821631
ck_9a56739d81f84a53,0.021824667
ck_aa075c418ed9fe5a,0.042876426
ck_62b9fb3db284941b,0.021876909
ck_f4f83b1403ebea46,0.007856383
ck_16b66bd803288bc3,0.22310115
ck_c4ca1434f3778f1d,0.97496337
ck_1b823610371a29c0,0.0078643635
ck_c2bd5a722aa637d9,0.030259395
ck_7890208951df34f0,0.0048339316
ck_020eb0e454524ecd,0.001841318
ck_3b66196ccf436c35,0.01960902
ck_109fc467ec0a4af5,0.05600837
ck_f3dcd818db92de7b,0.019643595
ck_31e7742f160980ef,0.015005704
ck_77fce5f86f00b8f4,0.12583488
ck_46bc797b4d07d607,0.012968146
ck_37899b1b571b1c6b,0.006215903
ck_ef8a6af43fedd464,0.013689368
ck_bcc8519fe8521038,0.042315714
ck_90696b7182dd9129,0.005861258
ck_4a24ad61d017e1ba,0.012987344
ck_0acc3d8c67218b9d,0.025855126
ck_05c97fc9de11aba6,0.061379388
ck_f8ac3a0500c0ec62,0.006548859
ck_617b65141f546a1c,0.02110785
ck_9d00823bf60388d7,0.013174621
ck_123c15d93f1840f2,0.08763974
ck_573feefba6bf78bb,0.015231905
ck_b25657bd16739036,0.0037919509
ck_bd26d2bef14a8597,0.009140447
ck_a553418f2fba1440,0.019431265
ck_89f3e380b0686963,0.03007771
ck_b359192aa659bdce,0.006028714
ck_02241f3dc301bebf,0.008358217
ck_5ccc1a1c78cb33ee,0.11977229
ck_349cc5edda1b8853,0.027046243
ck_e9f228845bf6e28b,0.046465468
ck_0a45d033d4e280ea,0.008558331
ck_7e63168dda612235,0.0045299884
ck_676fa5f6aae5475b,0.026426414
ck_74b502b20690ccfe,0.015262475
ck_073509af21dd7f5f,0.67740554
ck_498a0acd450944d8,0.0044380655
ck_7f15b50b29dead01,0.031761702
ck_8089fe7403c5f537,0.0059427535
ck_05b2b04e11d9ae9c,0.030812139
ck_31e70f2f04b48b88,0.0064723333
ck_994316fa5a02b319,0.0032828224
ck_b76510998b9a2260,0.005680025
ck_4db95c310e105d30,0.005628362
ck_6f730b77dc6cdb84,0.05444179
ck_2493ee8e7b91d304,0.04209345
ck_92d679d6ac7dcdcb,0.049947314
ck_3a0e0200cbb185cb,0.12768795
ck_0b2eeb4e00ff7955,0.017413523
ck_9843d0e61c37ebe8,0.9828347
ck_e61c8721e3ef1921,0.0037588996
ck_2e0eedaaf2980c2c,0.020758303
ck_9036b2e5e9298a34,0.013682854
ck_3265442528d51728,0.051740978
ck_f2ddae2eb1cb29b4,0.052521013
ck_6cfa71d27fc27f92,0.0080189705
ck_f3199fbe84a28b9a,0.032913413
ck_b78d785ca3ef773a,0.009603618
ck_374865697f1480eb,0.018770825
ck_06d0e4a9189302a9,0.018291915
ck_9c9884b9bcaa552e,0.03845882
ck_fd4cf578e87703ff,0.013753532
ck_1917ef3e6e345549,0.025654586
ck_e70418b00cbbbac9,0.03076351
ck_a60388296a47062c,0.005596781
ck_d598fe8d2c779ab9,0.010079014
ck_646dc03de4c31803,0.3563579
ck_e4fd8cbd842b6993,0.005500524
ck_2225b555aa2a42ed,0.010737431
ck_6be8ae9d78148882,0.0068440367
ck_4199342d3aca74e8,0.038313698
ck_779581adb573261f,0.02340903
ck_bb303568b6915205,0.011707505
ck_17c4296276448afe,0.06400711
ck_a60a61ac829252a0,0.011257026
ck_6ea70950c1cae00b,0.9635168
ck_1abb93f6924645e1,0.012484378
ck_faab769cce19879a,0.03842793
ck_d5b8e74e7ca6355a,0.018072674
ck_f11f7691af16ad07,0.0039878744
ck_188fdf2be7c92e9d,0.98570293
ck_4a103f8254b366f7,0.02788895
ck_bfa17a0b1760e616,0.0140255345
ck_a4d7f6a5869d440a,0.82922274
ck_58e20f5a3e7f11b8,0.82973737
ck_4becdd3d2696c7ba,0.0039776936
ck_dad5cf32ab9f243f,0.041263506
ck_7d9f73dc7c4f90c3,0.055301618
ck_c19371047a2d011d,0.012894944
ck_247589ff532f7aa8,0.0054617347
ck_7a9f241d5f082567,0.0070459777
ck_0a2b7078736b4dda,0.005223839
ck_687b412e2aac7eb6,0.014473111
ck_fce0b6855886a0b8,0.015365017
ck_e291cc60920456d0,0.020429809
ck_04219a7ea798db51,0.040853027
ck_286bfd719836e9f3,0.29086822
ck_55efc92394fee232,0.0051211314
ck_e36c8da1bd359960,0.018791635
ck_34b0988a97d96902,0.007514745
ck_e0fb11fc9dcb34e6,0.008212303
ck_bcc9cbc9ed8b7c31,0.0136887245
ck_3df8da6f60a89a5b,0.009129268
ck_b1495ee5c59a6b28,0.006955705
ck_58f4c3ac61fda129,0.019775655
ck_735f244b99e3aa8d,0.0047342973
ck_6b93bd8abf87b1d6,0.79170644
ck_12107dacc6d05bd1,0.010297157
ck_f96db2a1f3448d1f,0.010413202
ck_8fd91a3c99e19097,0.003473926
ck_910205d25388a0ae,0.0067284266
ck_d229dfa0e4442628,0.016109895
ck_7cdec61e1c488798,0.0055400697
ck_f66f06e24ff32671,0.008152357
ck_350bf14e90b503f5,0.0060483906
ck_61fff5fdaadd394b,0.004028655
ck_e934f984bad2ff91,0.28580812
ck_ff6a6d3547dd2d37,0.01657613
ck_65ad9b15979e3247,0.010296952
ck_bbe1a2ea5a403ad8,0.14569618
ck_6f3a28eecd2c4031,0.00852074
ck_a89b66665714058f,0.006394965
ck_918c92182b6817cd,0.0168567
ck_64f5eb4be9e7b8fa,0.10772956
ck_d021fd497ea35fb2,0.009896723
ck_004de16f7d8a42ae,0.0077843918
ck_a33d2325f86ab12d,0.02731535
ck_89790ff26c844bc6,0.058808275
ck_e6e7257377c37b28,0.035323396
ck_a2cc3910a641a808,0.8576315
ck_646e270e0195bf05,0.010272043
ck_baba5d66def0d770,0.071314156
ck_67cdcdda3033842d,0.012390931
ck_b5c3075c811a2216,0.02585591
ck_515379973a8044b8,0.028361632
ck_c0ce85fb4109567d,0.005694988
ck_fef850553862aaca,0.006385141
ck_55d7217b0aff9fa2,0.018142018
ck_8e139f8925ef7968,0.006107798
ck_9e35b908fca1e4d7,0.004828349
ck_59735f4ab2ad3da5,0.010394306
ck_dc569c1167ccec0d,0.60518134
ck_1dade5592f90a15c,0.01662083
ck_793048d11fb8b328,0.058831636
ck_545b71eb4fa594b5,0.019600222
ck_bd30853e9a57b544,0.01204522
ck_59f46321ecf6d306,0.00774432
ck_260cfe9141d249f1,0.27940512
ck_3365a0ad1a8aa83c,0.020073827
ck_b0ef193195a2138b,0.0073861056
ck_0f909705e2e60f2f,0.0083433185
ck_5a540b75c866166a,0.016523588
ck_87c26b2f41025109,0.9269283
ck_27acc9f320cda104,0.10259656
ck_a27bc31eecd9cb9a,0.0101426365
ck_115d86fabde77b65,0.008117522
ck_eeca179341d56f8a,0.5057316
ck_8e5999c436cf037e,0.0066289906
ck_510e7c5df1f95d90,0.97182894
ck_f1acf73363925958,0.007502783
ck_3c177f5970b68bd3,0.0051576677
ck_9cdfaa1c30cc9d32,0.0040358556
ck_c8efa1538b37c359,0.09486711
ck_a8a2e296f9804bd7,0.020232357
ck_91a0ca45f429568d,0.019147092
ck_5fdf8a0bdbd3ed62,0.006332339
ck_0f4e2ec66d50da5f,0.013520314
ck_28c53b214b2ee882,0.08943412
ck_003148504557f720,0.10836213
ck_01d840cffb870615,0.08228263
ck_555848d51f4b5f35,0.016148917
ck_df20cc23b8fb8e22,0.0052173133
ck_f9604adde929beff,0.012168933
ck_d66952b03591bdec,0.07643491
ck_ddcac1ab765ff61a,0.042074293
ck_347386629d96c664,0.010967788
ck_ab01db9117acfe3d,0.005954269
ck_58e5359efc52e0ad,0.010309556
ck_1a524b5cc8da71b3,0.19296858
ck_e9287b6d909d731f,0.0042911693
ck_bb41a66e3d90263b,0.07642754
ck_e95c8cc1864bd584,0.0065506278
ck_7a3f2961e9a8b6dc,0.009712984
ck_378a9df82b1e0bee,0.18638207
ck_42633573639a3f02,0.96489424
ck_2a5a4c18c2c7274b,0.0056866403
ck_77549c1a41f837c3,0.0051747835
ck_a26704b5b26258b7,0.0046989834
ck_9874ad160efddf50,0.0034481005
ck_9111e3a04b14dfba,0.008748344
ck_651e076ee43aea85,0.0055961283
ck_391639c0f13932f3,0.008488698
ck_02dbabda93c8c13d,0.036481343
ck_0adcb1fffcb0a34b,0.020372808
ck_7a43ef9c7b1c67b5,0.017301247
ck_4b9dd69946438d0b,0.009813472
ck_90bf017cdd37b66e,0.030674417
ck_61c74163eb36556e,0.009178934
ck_13376c59b5bd6943,0.007678744
ck_62337eccb1672737,0.021195022
ck_16077934338472bf,0.006738042
ck_0d4dfd93086e7330,0.07007881
ck_3865b7525b910893,0.006861224
ck_7e2ae8b69ebd5675,0.0054865805
ck_b4384b6c11766ce7,0.08726128
ck_3d7fa32dfb9fc692,0.014697873
ck_f4a6a7cadd6e0603,0.083306484
ck_212525e2828a6c45,0.08437608
ck_33ad8d53394ba77a,0.50703454
ck_a5051eafe8b51224,0.027854234
ck_f65e5ff7da565f91,0.0068408255
ck_5c37f7563fa7591d,0.0062765726
ck_f1e0a006068aff29,0.030206995
ck_c646cdead6fb79d0,0.0036820476
ck_f8b3cdffef535330,0.027654182
ck_e5cdbe3aa12c97f6,0.005990617
ck_986e4e61440506d0,0.10257115
ck_6da9c5912e15d9a8,0.012672763
ck_51d842e6dae74c71,0.0043949313
ck_5fc65c24e0736d5d,0.7260764
ck_babb95a76c69509d,0.027186032
ck_86a2d852a9715432,0.01679918
ck_db4083a0d043def8,0.35284936
ck_96953b8945b7d403,0.0075256317
ck_7831ca5c31fb3859,0.053747356
ck_60ac5e5f375daa38,0.014969654
ck_05d44eb1f5f085ce,0.008025095
ck_432cc19c7eeaa46e,0.009266481
ck_7fc513033af061af,0.03368587
ck_ada6ede84c111719,0.019076372
ck_6343e0d3b1c2962b,0.0064628436
ck_010264ae04f2e902,0.048928667
ck_e9dcf535f8c289eb,0.01191679
ck_37143d9cc296e6fa,0.010735512
ck_61fa051192f3e810,0.009192199
ck_f9f93d1d41be1468,0.58489245
ck_c4f4f28457be8a74,0.0037095011
ck_323a71f9452d21cb,0.40325814
ck_170f4688e0acd875,0.03169873
ck_869b1878d09d230d,0.06895597
ck_2f6b33bf46976229,0.0071086152
ck_b11e22e75d9b99de,0.0063909516
ck_123d75ffb75b606d,0.13447158
ck_94295287a04c85d2,0.029747466
ck_1b0434f096795328,0.04852093
ck_0a4e191cd0a57ce1,0.013643193
ck_d2fbd0df99634676,0.011549611
ck_d51df5e9fbbbcc94,0.24273947
ck_2d3d7d64a6f443f8,0.00474572
ck_731943c682c9394e,0.11947201
ck_5ccc0c94e5e1f849,0.014971939
ck_c3476080516db25d,0.013890984
ck_5010ffb1c94187b5,0.012907023
ck_7ef666d67bc70223,0.0075199213
ck_c1b493527224a27a,0.03018644
ck_5d1e25d7acc5af9a,0.0062080724
ck_ec30b61cbf517db8,0.006517659
ck_79323eb5d2e5efae,0.0048866905
ck_4085cd3bf2661518,0.0060950834
ck_2ca91214c357c072,0.12833484
ck_7f3132d6be389657,0.015521824
ck_e7a6b925c8f39a85,0.05965777
ck_c886adec7bac250a,0.030776115
ck_c3f360c2d0ea0a37,0.008324174
ck_a7acd5b015823793,0.0077032833
ck_9d64187c0800f84e,0.0129205035
ck_5d4ed73b9efd7d11,0.004824497
ck_874eca6776b34dec,0.007955365
ck_96a9221a87be93c3,0.021918789
ck_68dd79a51eabf5e6,0.02037268
ck_8311cb6755b2016c,0.005032583
ck_16fc77b2bcf5ec03,0.9068438
ck_ad9e2088a33c8c72,0.0029418936
ck_7176bbc97b1e42a1,0.0059822607
ck_80dfa54b30f65fff,0.6129793
ck_31c54d540b128843,0.019316755
ck_43ea894480567274,0.011043017
ck_9c9e8a38bd5a6c88,0.011515658
ck_1c2dcae19539e148,0.12467363
ck_b0fa8b84e94d8ae0,0.018353123
ck_4ceb43ccd0a81c2f,0.006758724
ck_ba845332b730b596,0.00938349
ck_73d3e8c6077f61e6,0.115258805
ck_b5d0d223ef56473f,0.012667556
ck_949f08f8e80e93ea,0.004160991
ck_73de0b49709e5f8c,0.008536796
ck_b5935e9722a39819,0.04851253
ck_96247fee0eb44420,0.0052844887
ck_a6def1e4b2d57e0d,0.01151581
ck_aecdc5a96321a2d8,0.011139212
ck_bc61c59970f8de49,0.012682468
ck_c43b4175fc9ac5bd,0.71616125
ck_8ff7a9b23a55fd62,0.005518548
ck_20c99b645f462449,0.009621336
ck_a5ce2ae36fb410d9,0.0050601517
ck_96fb9bf556842bbc,0.016554674
ck_b5e4c6dbbed1b773,0.015874678
ck_2085433978e72ea9,0.02756951
ck_2c6b174b063ec637,0.011493263
ck_b20b81b88dabe28d,0.016545067
ck_243c18dbf150831c,0.011451694
ck_2bb6a17e8eee35cc,0.031830475
ck_66147fb994495396,0.24111237
ck_73f124f075ede0fc,0.0105824545
ck_2e315f1b1e533dab,0.07313815
ck_16c7bf94ed3e7a6f,0.008599073
ck_4a0eae220a762ac5,0.026692757
ck_dc16f939c2f44ad8,0.019493561
ck_817926b449754917,0.007950155
ck_0c0dde42ab64ef87,0.008835876
ck_cb3a40594da6a2ee,0.014799223
ck_d0dc156441fcfdcb,0.009402329
ck_66f0945add423e9e,0.018525425
ck_a74f6a3030f5d495,0.021637458
ck_1ae460f331e49ae2,0.0066162827
ck_2d177b2f4f0b40c9,0.23990543
ck_92e474e4368c4791,0.007971035
ck_3dee83fa2d109484,0.015669024
ck_80e5ea27848069fe,0.0041987994
ck_ed0c4a83701ca230,0.007166618
ck_0b8b7c5c581fd161,0.0033409898
ck_60bf8a2870956fb1,0.010194696
ck_73a54b56a2bf35fe,0.652341
ck_2296d7a563424883,0.0043444317
ck_bc19c383560c7477,0.019264344
ck_861d8e3d88f1079e,0.020495158
ck_3f090fc96c24eb28,0.04282767
ck_9a6a1f8102febfca,0.023283388
ck_541b6ad5d2fa5a39,0.024442406
ck_a760d38d1bc4de97,0.022405937
ck_7dca4d7ee10b4eeb,0.005006316
ck_15220e78d1545e40,0.017791927
ck_ca24bb0de508efb0,0.022466203
ck_56b389627d8f02c5,0.88086444
ck_48a6754977a44db0,0.029979989
ck_333a43ec339a04cb,0.036087234
ck_f22aacaf86a65d7e,0.016375152
ck_04bd8a1ffaf3ffd8,0.007721993
ck_2737a72de6b700f3,0.018933801
ck_c35e03b0dd0c3454,0.004714027
ck_e0571312f395cd94,0.015206198
ck_09fab6b9825001b2,0.007420653
ck_18c3a095606209e8,0.0074849124
ck_2a97db9377d01e36,0.0038509252
ck_f29dbbfdd2786bd1,0.0088166995
ck_35d6c510ad29362e,0.40314355
ck_5468fa99c945d785,0.022609688
ck_6f8102f62c876cc9,0.019113021
ck_91955aab3424ad16,0.0297791
ck_9a43c0c73a39d759,0.014806587
ck_60b023af6d1e30bf,0.31579694
ck_9704c5cf8659cedc,0.011344679
ck_7e5f02b51b9f78bf,0.09498784
ck_7d3a88d1aa649708,0.81795424
ck_8250eddc1ecb07a0,0.032255355
ck_d979ef95ee44023d,0.015022599
ck_5e5461dac83531ac,0.033592485
ck_d1bb8890081e0a31,0.018973624
ck_32246c62640648d9,0.015117752
ck_77a40c7d2f862a32,0.028620312
ck_1c8b94efe9238f5b,0.0091973
ck_eaf3b6d11bc3cb11,0.013226661
ck_a4a7ef3ad799c380,0.17183231
ck_d5bd8f68da073cd8,0.017137244
ck_6e6258227fc8db7f,0.008257829
ck_c35d444e05799db6,0.035445463
ck_74665e1209140ae8,0.013063732
ck_353a272478f7e903,0.0374781
ck_a2c9796ea229a4e2,0.012870373
ck_e0171f91cb3411fe,0.016066998
ck_703499f5410280f7,0.025445268
ck_ae3a763997f8f385,0.04440169
ck_f7ff94c3df5ac874,0.00841367
ck_f3c16d8f747db046,0.0065487605
ck_7ef019ed77276496,0.03607687
ck_d6a4faadab58a3de,0.005198477
ck_ba7b78d31d74c794,0.013650029
ck_36287d063350ce9d,0.016456448
ck_5177fc7137ff26ce,0.008501333
ck_dfd4e79aaa967b63,0.016500335
ck_fb44d15fb93a7157,0.0064820237
ck_fca478361870a4ca,0.073945366
ck_e57b94fe57341058,0.010958352
ck_5448c946cc4758fe,0.0054973504
ck_c5ece5ffb8800ad4,0.0054973057
ck_11cb98211b2ed134,0.8372001
ck_f655399ac75c4450,0.0058363355
ck_c817259019588d30,0.01831444
ck_8740a14d8096c6e1,0.00862638
ck_0c5ba86f4e05b38d,0.018750189
ck_ccc917533d4b73d4,0.007322647
ck_9eb80edfa43203de,0.01782802
ck_d1a1cf4cf61d6801,0.017025389
ck_b17c239f160e6017,0.0056533157
ck_410c3e13b48e0415,0.0095345555
ck_ab553954435e8854,0.30341354
ck_bdbb4230c91e1604,0.017031932
ck_8fd4937eadd64fb6,0.023220327
ck_e0e90b196bef3c11,0.019649757
ck_3dc4d464386f0eb2,0.234124
ck_51bbbf8f8e8ad005,0.98675203
ck_c05737ab74cf03c6,0.077407934
ck_dceabbe04d99afc2,0.011696167
ck_5b86fd14e85bc9c7,0.17985547
ck_d4febf0083800424,0.6772712
ck_77d9f86dcf251739,0.003862024
ck_b4dcebc543deaafb,0.044360507
ck_cb856e75c949b0cc,0.0032908046
ck_61b067de8ffc1ca1,0.016523782
ck_c0e8560ccfd9dd9d,0.0027597658
ck_173e1198c341087b,0.003239572
ck_b4d55bc809000276,0.021603355
ck_839bf139296b5cea,0.0048122914
ck_78cd402a2a4f2e35,0.009892135
ck_c2925c50ebacbdba,0.0041149524
ck_5e3bc76eddbdb0a6,0.012401895
ck_b7793edca26fc512,0.007190455
ck_d79bdf04d6f31cd5,0.038707618
ck_4b97d19ed946f503,0.009293491
ck_37139b41c5370523,0.1525267
ck_8c346eeefa9ce692,0.007768666
ck_2ab7eddee2d8c49e,0.005800876
ck_29da59ea3bffb9d8,0.084581
ck_c1d05ef0ec6e4be7,0.0049020317
ck_3882423b449f6291,0.7226244
ck_5647030283171ed5,0.23612647
ck_efbdcd9c181e72ca,0.006912386
ck_192fdad892782daf,0.075718105
ck_0bf2e13b9f2601ac,0.023080107
ck_3d6046a533057795,0.021792827
ck_279a1d3a3836e5cc,0.035005677
ck_c375e929becde422,0.010403841
ck_a59e90219939a1f0,0.0030286931
ck_4e9fba1ec54c3ff8,0.009420805
ck_bcbd8588a13f5eef,0.007498768
ck_5f9a7ff990341bdd,0.020257775
ck_e0403d507519b7d2,0.012627643
ck_c9490cb61aff5112,0.012597808
ck_41dd44308e6a665a,0.104949355
ck_76c23726cd7ca947,0.008421658
ck_9be551300209fa83,0.010144034
ck_a98848eec6c9581e,0.01312242
ck_61176dafb33b2d8a,0.53939223
ck_92de019e05971ce3,0.010104533
ck_5d644224135d7c65,0.005855368
ck_c767fc454fa215d0,0.037853695
ck_5df85a8924e11f27,0.030436277
ck_da2729307af06ed5,0.01309121
ck_7c6b577174af7a78,0.008532395
ck_893b8afbe11301e1,0.0041325903
ck_e06f6fed020ae014,0.008178614
ck_386680372fb54857,0.026251875
ck_7a7f3c4fe0c9d2ca,0.017268458
ck_f908b527c4db422d,0.036740184
ck_ec2eee6a133e9a6f,0.024398476
ck_d98934f9fe0b02b3,0.004601709
ck_398a1ed77b0130e5,0.0056899493
ck_d960af7a55b892b1,0.0118266605
ck_4637e54a9f79e2e7,0.022039382
ck_02b9f418524f6650,0.017927358
ck_d4b23804cebb045d,0.00768748
ck_35b1939c48182a9a,0.013783116
ck_2dcbb71e39d64305,0.021244833
ck_47a884dec960ff2d,0.04615072
ck_71fd8c346fde5cca,0.019062532
ck_98e1992ac8e7d2de,0.061569914
ck_ae7780327e210522,0.008415349
ck_e6c584b4b1ad6d9d,0.0074830563
ck_344b2e326a6c3dcc,0.04232114
ck_9aa899a5230b0963,0.04343597
ck_e48d14d5b70ef5aa,0.0071756523
ck_59d380a0973b3951,0.011188113
ck_11318f7c041a5ba9,0.0099974545
ck_7061786fe2f22f5a,0.010396995
ck_e77529651c416cf7,0.008464323
ck_7f79878197340435,0.0025527754
ck_b0a0fb0ee9ebf106,0.04316913
ck_70c7679199776a90,0.005382538
ck_b9facd2210daca5c,0.010754153
ck_9949f53c155b8dde,0.013228285
ck_1c607e24f2c4397a,0.02280296
ck_aefd1ce3ce093cbd,0.009084222
ck_5a29b7018e43280c,0.008021072
ck_69eb0b2ccfbe5f95,0.008620819
ck_fe037765aa465c58,0.012026554
ck_5e512ef5362a3dd6,0.028710343
ck_544a9e80b7fdc279,0.022181746
ck_7825494e654d5695,0.014982772
ck_f1f2c3c623553f0d,0.012169076
ck_52730906e5b461eb,0.8213998
ck_01e0689157fe9617,0.039738532
ck_9da82e567074da9d,0.0124497
ck_6a17384072f904c0,0.012289696
ck_8d84d771a21942a7,0.008500992
ck_39638880292782a7,0.005594298
ck_7d51c86e0eec72ac,0.0065663303
ck_45f4c821c70d134f,0.6707736
ck_0af3c13ba56ce57c,0.0037160711
ck_0789a05e061b2784,0.22363672
ck_6ba091eb42ffa9fb,0.063153826
ck_265accb3c5c32620,0.042147808
ck_179039559ff7566c,0.014203806
ck_17c0a6a92b5765cf,0.006720553
ck_59371c9140239fd7,0.007966519
ck_f9c4f8b4ce2691f0,0.013966607
ck_a2637e4872cf4811,0.09774416
ck_1de43fd6c6c22a5f,0.05935506
ck_6e4f31bd108571f0,0.0054353895
ck_da06d97db0b18851,0.007150172
ck_e0346d5081e640e8,0.014835829
ck_c1c7d4e62c9fcded,0.029674292
ck_2595669e421299f6,0.010067992
ck_3b6057d51fd4c7d6,0.0074457293
ck_c5f8ab515840a0fe,0.0042012106
ck_435cb24538c6f77c,0.02504387
ck_d84b5403da4cea7b,0.02680912
ck_c2b61a98d1c8f6dd,0.2129583
ck_c9dcd92b2f836b61,0.071006596
ck_9eb5b3f5f672c2b1,0.0046321293
ck_e4cf189a8d31649a,0.008205059
ck_6b114f2a48152b96,0.013558756
ck_3fb95862b70f505c,0.020427935
ck_7f780f465c29398e,0.005033422
ck_ee387f9da79e67ea,0.0105110435
ck_fa3b1e85d27af2ee,0.022647547
ck_e739eaaa7a1822f2,0.015302424
ck_dfa0ac11fcb1dabd,0.010950943
ck_6e8751b571ea54d1,0.014539917
ck_2d695f8358383092,0.009234422
ck_e7dce27edb700f27,0.006659963
ck_e322da8b213eab52,0.005358562
ck_d0b32e039abb8200,0.015157427
ck_b354003302b272ca,0.0062582316
ck_f7485cba392bc294,0.1561739
ck_d6a290ff8362c7b9,0.19845557
ck_c56a44fe315c0389,0.007853425
ck_f77dfe6512eae322,0.012844707
ck_35fe969c58b9e70b,0.09064988
ck_4c518637db2322d5,0.053772233
ck_cb61902798ecc4fd,0.011246024
ck_56e6cfa32156a916,0.0048817047
ck_343e6ed2b9d35c01,0.0057241344
ck_51440f64f7250ad7,0.016230403
ck_295bca29c34cfe2e,0.007840784
ck_dd30558576b45e7b,0.00811781
ck_3a30132a57181fe3,0.010616519
ck_4a733aeb833406f4,0.006394686
ck_1b0b7c3d35ab1259,0.018527254
ck_962c3bbf27cd4b80,0.10370376
ck_9528e1d6b1707870,0.014004607
ck_b3263e7f31aab45f,0.0077353073
ck_e69195a3c885053d,0.008122238
ck_a907fa8795cd4baf,0.010083963
ck_205c3405045bd835,0.0047625056
ck_e81fc223bed3c46a,0.026969206
ck_363751deae40edfb,0.061898664
ck_6176baea8cbebbb6,0.0041360473
ck_633e6579f5c74a5c,0.82419586
ck_ddc11fc481eef58d,0.0075795436
ck_e975002c979e12c7,0.049267422
ck_8e039b23acaaac00,0.022873795
ck_1d6990d94a4d2ad6,0.0053247777
ck_e7b583acaa3171a2,0.02911313
ck_c0133f60d39b2fb5,0.011207272
ck_7d6bff85e7a694bc,0.034236904
ck_d305b4d82f63f647,0.0065545575
ck_22bd0fc71f95e048,0.008147477
ck_9a65fcfc7916f93f,0.011892184
ck_d61c837b0106085a,0.037509143
ck_be86a1db08dea456,0.008786087
ck_90489c405e6886d8,0.010124365
ck_0add2c321d579d75,0.019006139
ck_482dea6eed92cbbc,0.015442514
ck_c24b47184534cc2c,0.9830724
ck_fa04ac31e596e7d6,0.012364303
ck_084322dc5a3a86f0,0.0054075723
ck_ccb72a33cc1877b7,0.010775674
ck_afaf374009d3b248,0.0044541163
ck_b53084ffede19a8e,0.0026202742
ck_4760216154c8cac2,0.017476637
ck_37ad3a65db673e70,0.011401762
ck_0c2932cc0d553694,0.0054407273
ck_86b853c52f20fef5,0.0039990814
ck_38703b7546d35a80,0.016284708
ck_218b7e6e6dbd2da0,0.0073448983
ck_402db4184982fdf5,0.019250493
ck_f917c82af80e4a79,0.024209239
ck_3c6417a233c68c73,0.022388414
ck_98068c397d70dd3a,0.020291556
ck_b1cbd6679c0f8d95,0.0037634878
ck_9e962f9bb0e7bac2,0.009347691
ck_b08247c3ad567d92,0.47412926
ck_3ef7a03ebb81cfe3,0.0028534296
ck_5d7ae0e3562e99bf,0.038276907
ck_c91a628236baf91b,0.15281144
ck_7f8e816ca51755e3,0.5167953
ck_5aadd286d188f5c3,0.0048531597
ck_a037aff5f8128c73,0.004202126
ck_5df6529ce8290906,0.014359669
ck_5f3609511443e5a8,0.02570324
ck_a6f61864fac3c8fb,0.006547423
ck_2733fc6ba23ae46e,0.052872315
ck_22bfb9246646eb41,0.2624155
ck_bfc2a57d8fd1610c,0.2514721
ck_49839e761d0e74e9,0.0047956244
ck_aa4ba931dd37481d,0.005338815
ck_2f9fa0d61829f815,0.005432384
ck_5b82c774df10d49b,0.01901994
ck_411219470d0a195c,0.012223639
ck_d07485ba10514a2d,0.2741404
ck_219bef979ee21bdf,0.009968976
ck_eb1006e7285184a6,0.011751892
ck_fd242b18575e3063,0.034172148
ck_95188150ff059c70,0.03325765
ck_a9ca2f447b984a6a,0.009472143
ck_2dd39723c4088b64,0.005115595
ck_aa2b4c662ff213b6,0.008963939
ck_1867b1199c864db5,0.009090323
ck_850ec97a5a0dab9a,0.26389602
ck_562320295fa35875,0.01477309
ck_bab5759b07fe2bea,0.0068041664
ck_b9f1465d803e57b2,0.06873442
ck_8f21f2690c32c691,0.022609867
ck_df87d6f61a63eb21,0.014224786
ck_770475876d0e7e6a,0.014705423
ck_b4c014d5c0cc9eb2,0.009233195
ck_3add4d23124c9290,0.006977381
ck_bce5b7fecfb6264d,0.03466995
ck_604c17cb97dc89be,0.05470203
ck_e52cbcd9aafd26b2,0.0044195405
ck_0ac9114076f5bf3d,0.0037865853
ck_dcc125b178b79566,0.009092372
ck_4e333c09f0c37dee,0.18829365
ck_ff7e31ff8ba731e5,0.005555349
ck_8d0532d24f1070d1,0.00572734
ck_3689fa41748a6f6b,0.050207186
ck_7509eb97c1948b16,0.024812745
ck_a9161cf1ca22a6bf,0.0045029903
ck_bed3e3db135b782e,0.013635296
ck_9040edd974ef8e3f,0.66453314
ck_fac32d76ed40f683,0.005794398
ck_3d7b1078e2d57c69,0.0059176655
ck_dae09c4e074af5dd,0.25304097
ck_fd84507228467b40,0.027333288
ck_e2a2ce9b8cf44c63,0.0054627163
ck_cbe716f351d660d4,0.0095356
ck_cba4162ef29a6d27,0.004271472
ck_4f1e962ff8a29732,0.018399408
ck_39a81899dded61e4,0.00525452
ck_25382331551d22a5,0.017590573
ck_6d64e1c07b19856e,0.012515674
ck_165a868bdef28ad3,0.026574438
ck_88774ae52e30e877,0.0048688077
ck_fc7a9d0643570053,0.004265783
ck_c2017120b3b88a46,0.11692725
ck_d115ac6b9fd62a7e,0.0042512408
ck_439cf7d51ec7de0f,0.00896777
ck_2468a7e9e68a0927,0.006391651
ck_7c418947124dee8f,0.033409897
ck_fb0cf32c4a56f740,0.012430515
ck_694eb6c43193afd4,0.024912259
ck_993beb188dd4abb6,0.039096862
ck_77fa39d3b733c226,0.039237212
ck_49969a9abc47cb69,0.015130885
ck_d3f44bbe2f7e9b2d,0.014808605
ck_fcf5b8216d0c18ef,0.0037610463
ck_daefe1e2d2bc362d,0.008828099
ck_9c9287cb28950eb6,0.040142946
ck_c1d1a625b885a975,0.021070689
ck_71b37fe47490b4ba,0.008536893
ck_5d16e257c0635f7e,0.35136917
ck_15918075563eb074,0.011417709
ck_9a15fdefc47e8d11,0.063850775
ck_6f04d047d1dde75e,0.003904022
ck_1af2c0b3b8d202c1,0.008177206
ck_174be2231c5fd2b6,0.0074052606
ck_bb0713a2a1d65982,0.007375119
ck_0daec63bd5b0729d,0.019247094
ck_c0b5cc3e8ad2ff44,0.058555085
ck_35bee1fc12664644,0.20416291
ck_a1c7cf63467df4c2,0.006958864
ck_ecb1e15f0b185ceb,0.016014293
ck_f280d31f54a4710a,0.027754629
ck_30f4b2ee8abe1342,0.09607552
ck_66bed631354de5b7,0.0031498082
ck_c2d3ecd7278eba2c,0.005431099
ck_e901dec0e09eccbb,0.0059427926
ck_5d038ecb3c8748a3,0.009684415
ck_283c5bea94b21e80,0.005306247
ck_7956c251b85f009e,0.11891243
ck_9f5f81d771146aa1,0.0036231896
ck_9323e6fc1e168eda,0.3221968
ck_10495d3a635b8d69,0.022850553
ck_1982d571cd36eb0c,0.00916275
ck_4f5d7985bcc2eda4,0.015171669
ck_7df526b2b4410bb4,0.011158168
ck_dbb498b1a346a402,0.010291399
ck_ef059997563e3330,0.0053768046
ck_02ec4e06709e6b82,0.021902887
ck_9782c86ba6485f88,0.009968162
ck_d69de468b44143ca,0.0039012658
ck_6430a8792f400e0a,0.0037752287
ck_8285bd3c90af94f6,0.0097123375
ck_985c9ca112000e9a,0.033110615
ck_e679fbf4f4f4aa07,0.040420063
ck_016e8c8eaf9d511b,0.012715415
ck_bc996c523944644b,0.019055312
ck_5b8315726f6204e0,0.0073043057
ck_78181f8e998e442f,0.007188283
ck_71c68dfd011dbbbe,0.66634375
ck_db32c95ce2b6f502,0.8137488
ck_755010362a9b1bc4,0.003998519
ck_114141d85256c9ff,0.0057626804
ck_9d1a5cf5a3b87e48,0.011363342
ck_ab640420858ab5c4,0.0834149
ck_97a8dac48dd62488,0.16319984
ck_879cc3166fe1bada,0.008064059
ck_b0ed11080076e381,0.00718781
ck_7334a9ec656263b2,0.008230935
ck_6494f0ef13ce44d9,0.00695415
ck_724e459b9ece38f4,0.012833116
ck_7fd8b1470401695f,0.42909566
ck_292f81186358b0fa,0.005104042
ck_fa7de64d37287615,0.02251994
ck_d00e09e66ed6458b,0.104812555
ck_b8d210e741be186e,0.0027707403
ck_3db59982cbae4410,0.16632913
ck_69887d0a9aaca6df,0.010389471
ck_4feb21e2fb0b3977,0.010222241
ck_08c6cc1e143475e3,0.017487226
ck_fe6e168cdbb46b9a,0.01871282
ck_07f1734be7fac56a,0.011703495
ck_d66d59981307db93,0.015084575
ck_f928dba0d587d7c1,0.005649899
ck_786448fe3004cbd0,0.0058801016
ck_29ea329fa40ace62,0.006686235
ck_7ea52b6f27edcb73,0.021359203
ck_18bc51bbf3ef198e,0.027863508
ck_44950df09ff14ded,0.009484096
ck_c1466b52c0a10b93,0.010907286
ck_6cdac067cc4db5c5,0.06900953
ck_53f55c6e8cf2d432,0.014072568
ck_95945f48453ca532,0.016860234
ck_87cce4126e215153,0.010005288
ck_1ecd5516c92caa4f,0.008265952
ck_819b482bca14c068,0.3487355
ck_a61a879dd46fc9f2,0.012525815
ck_af70aa32c009c3c9,0.008375802
ck_f4fe78e249092ab1,0.01566873
ck_12c46bc52bf45b36,0.0099882325
ck_f05f5e4b40afa52f,0.027957477
ck_0f8cb09d3f4fc980,0.03681598
ck_80a64a7f0275a71d,0.007473751
ck_683af7b1540a0b22,0.010647778
ck_51fe0b613c076cbe,0.017073678
ck_da1a2450219dcf19,0.023959331
ck_2a7eba01ceba6c2c,0.035156004
ck_4e329e29dfa743ea,0.1386535
ck_0274d881d6db82c8,0.016718479
ck_0af5b7d128035b35,0.009437324
ck_ae0a7be6b0a0ea68,0.014088569
ck_de5bb7a4d091386d,0.2927955
ck_2bb7c17168a9d17d,0.119892254
ck_0ffdff7b2f5fdfe4,0.018947454
ck_718a8390b3d42d7d,0.0038010764
ck_7c4f12d70f184533,0.0035707771
ck_d3e2c26b8adff099,0.0077049597
ck_ac9d3d9754104cf0,0.009214771
ck_3b1766a1d51f8f0e,0.15285309
ck_a9bf75bea912027b,0.03813664
ck_687eab3ffe1f8cfa,0.037714273
ck_25dd0b02af5b2f37,0.012554849
ck_1747fcc466f0ae38,0.008694793
ck_f6e9d14dfb6f3c28,0.014424081
ck_c6a7bbd0adc4d5f3,0.030818988
ck_46656a23f4456d22,0.28711432
ck_7519260415c2998e,0.017324716
ck_754f30ea19df857c,0.0162869
ck_ba88a244d5f7380f,0.017071502
ck_f268416945316815,0.0056055267
ck_21860dd2159dff28,0.008346968
ck_7a86ef4e2beaec38,0.007464447
ck_0414507baeea936a,0.013893649
ck_60796eb60fc3043e,0.009412843
ck_1e0841ed17fe0562,0.009055461
ck_0d641d32658d6e0f,0.024401037
ck_b36086ae6d87eec1,0.007980981
ck_962e65ab33b5c311,0.8653654
ck_b046a42684468e63,0.007109944
ck_ab3426435b0017d6,0.023029367
ck_fcfe06e44d09a344,0.011201974
ck_0f6d916c92189516,0.007615121
ck_d4c8f0d957c3965d,0.017578011
ck_2ca83dbd728af019,0.006169957
ck_2857a4ce9f72fbfa,0.007216693
ck_a60e6edc48e3d0ac,0.08056894
ck_0cbd3b27063d4415,0.13922547
ck_612089ec90c37219,0.0043558488
ck_ec4e597f17f473c6,0.00683299
ck_1c93cc58f314bf71,0.014249071
ck_2b359a979520276e,0.011939034
ck_1496568ddc3b2d56,0.013162178
ck_41d91dc9f5063566,0.026364623
ck_4c5ff58afe3d7a67,0.0121477535
ck_81709736281fa3eb,0.005333073
ck_d89abbab3d4957aa,0.0032173526
ck_52453401f88935da,0.010839114
ck_a477654d34783e06,0.0141986795
ck_72dd0dbdf808cb00,0.036907922
ck_c183dff3781746cb,0.025671793
ck_c8b7f241810b45e5,0.0127472645
ck_f88028c3f306bc70,0.023163628
ck_91d48d69e4f5d9c2,0.005139796
ck_b74b9ba6d7c9aab7,0.03779103
ck_03e904682dc73bba,0.010987559
ck_fc6fed6ea96a004a,0.0049118013
ck_51efdd240e34c642,0.049726244
ck_e78ab4ff52b5fd2d,0.003601628
ck_4af7b97c24d89a45,0.016969776
ck_295c0072eca7f7a2,0.0075822338
ck_8abd1a50a9227463,0.012253447
ck_ecaa6f13304e3dc5,0.0077065863
ck_de436e7b319be1fa,0.98233736
ck_c802cf8f61466027,0.0043549016
ck_3d83e0a3c1cfbf8b,0.007843185
ck_28d2003c2d16e4b6,0.0060190186
ck_8ddaf745bbb9cd62,0.004235117
ck_493b6256091014cd,0.028398387
ck_a2245822cfea997d,0.01940337
ck_f7305b3c64cf8a03,0.0111550065
ck_9937dad93a0ed3c1,0.018134864
ck_d654449f9231ad76,0.005424543
ck_850e2b59bc535490,0.009740988
ck_e55e5bdfc0242aef,0.012441982
ck_d35c51e981b98c5c,0.016766928
ck_27cdf9c5e6f0915b,0.01085652
ck_d328db1e1052d820,0.0061271903
ck_0ea30eff5f361cba,0.08391202
ck_9994323f97109f4b,0.97329265
ck_09054e97bdf9624e,0.0031141853
ck_723b4afc388113c8,0.021862986
ck_588f6e6a6a6d93e8,0.009908088
ck_e1d563fab4d6116a,0.015925301
ck_53aca610e20598bc,0.008758643
ck_c8131ddc7ed33448,0.007613417
ck_899f88464305824a,0.014805837
ck_1c17c65804f8889e,0.007934807
ck_45a16ce12893cf9b,0.009629927
ck_f9d481aa4f9b2808,0.6383289
ck_1d5d74169cf892ef,0.01755853
ck_aba32acb61c1aaca,0.028608125
ck_ec4dd3675a8d28cc,0.0040955236
ck_5dcd443fe0bbdeac,0.010079762
ck_3a47e3f54475e854,0.002915524
ck_a9aa5c344c315532,0.014890219
ck_9652283c9f61fcec,0.00790568
ck_752dd3d2487f78ea,0.008284022
ck_a821980ac4db9943,0.26921514
ck_93e0d6befb67f7a1,0.03105373
ck_e7a3881c3e36bd51,0.013853495
ck_12631b78f8a03df2,0.004638758
ck_57b8226610b48854,0.021698928
ck_352657008983fd4b,0.016556306
ck_0841a5c24fd3dd28,0.013752109
ck_db9b9d5d30f74070,0.5717367
ck_a9dded7f6294e44f,0.023541663
ck_91a16336ce3217dc,0.008596724
ck_371bd9388b287677,0.0034938878
ck_f285e5e1912a7c62,0.0063330587
ck_368b65fca69fc415,0.016102549
ck_d27a73596b6500c2,0.007179196
ck_2d963f9b2c4d11e1,0.013531455
ck_7c500e219af39486,0.016164979
ck_7d025dea5951cba7,0.010466646
ck_32f632706608859e,0.0117226215
ck_53816231f3ffb48d,0.021626841
ck_9dbe184e81c1ca8d,0.05208689
ck_d74123617f22a21e,0.012611636
ck_275386782b1606f8,0.0022107721
ck_0b0e79d33e50cba5,0.014434287
ck_ba93cb604f792915,0.02725779
ck_a86cd653472eccbc,0.0036546371
ck_87771861e0447210,0.19367883
ck_212380e0371d8a6d,0.011351734
ck_ef0d702d7b0ed745,0.0064924695
ck_2b8f33e22f939372,0.33926764
ck_480347ad92037105,0.0071690814
ck_20124c3a16c53ce4,0.0075087505
ck_c9e1e3229baae708,0.00547974
ck_b1befe967f7a5ebf,0.009305053
ck_4672167d7c989bbf,0.096036
ck_f0c44ee5e3a42e3d,0.03708393
ck_c416357d20238a4e,0.04905981
ck_d0f470f8078c91df,0.016550988
ck_3a70b4ee59084715,0.024605706
ck_179ed66cdfc1ce27,0.013932573
ck_387e5a7f163c7837,0.013331468
ck_08fb463e69f647c8,0.9782023
ck_732f725747393ec8,0.02180664
ck_7cc5e0fa3ca5a713,0.015730457
ck_ad4a4daa826ac68b,0.005624216
ck_472e0be7a3b533bb,0.013454199
ck_7190177963eafdd9,0.0062915417
ck_647ac26c5900f082,0.0067248363
ck_272ae2179bbd8e58,0.0042267297
ck_09b0d8af304646bd,0.0032945385
ck_ca0cc8ea9f344408,0.024834637
ck_332ad134fb909869,0.015798865
ck_fca2798914627dc8,0.040719934
ck_4450b55f462ae134,0.0036689027
ck_d67d9dfb60b286b9,0.0035870147
ck_a9d2bb4f2bde7052,0.0032073474
ck_929bcae878a3ecb3,0.11366788
ck_59a9e000fa275e1f,0.017735843
ck_57f17254e2688637,0.018365571
ck_0508908697f60ce3,0.023606585
ck_946afc2943298d26,0.003674668
ck_7176d12b18f2cc0e,0.012981484
ck_5c47b49c26cce286,0.016339416
ck_b6a2bdb2d335e1d0,0.9771484
ck_1d58f6caaa4d012c,0.004313881
ck_71c917295020ccc7,0.013737739
ck_bc89644ae3688995,0.0040482082
ck_e7c212f16d6df272,0.0071590766
ck_c6d2e11a368184e6,0.00603424
ck_eed7f1f7548df15b,0.014555442
ck_75b69034000ca7bb,0.009544468
ck_38da3bf629458682,0.008160346
ck_90114c891239d821,0.010284198
ck_8ee08f6777cc155b,0.016291264
ck_bd86132499defcd0,0.0054267915
ck_b95fbf2b5640aa82,0.0052164
ck_c530235393360e3b,0.00917611
ck_be52a7ec43241ba4,0.019497467
ck_d96eb3cc55f2772f,0.02583096
ck_dd34f0a844fb115d,0.0542035
ck_17cc7b411f448e66,0.0142501425
ck_856ea65fa27d06dd,0.019221656
ck_056d5f0301c30902,0.06007379
ck_e662b14b2bab23a2,0.110348545
ck_209f574c8d92274e,0.016190602
ck_62720b81617896cc,0.008476165
ck_041614694b77e599,0.005096106
ck_461e3f7b97db8d16,0.0220318
ck_1b74b798eebeabdc,0.0061657066
ck_0ed2739384f1d644,0.003439372
ck_5a4d19f1b83feeb8,0.0048156492
ck_463937167965a1f8,0.014675372
ck_9d7151dbdf100e0e,0.014720417
ck_20a7d1ce6cc27312,0.0038124744
ck_6031211ff118cf0f,0.007983023
ck_a6fc92aa91e99b77,0.8147075
ck_0aaaa9d2f75a0518,0.1302968
ck_ec26e327cc1848b2,0.007831375
ck_0e6bebf8ae9b9b03,0.016149085
ck_e107537a4cb738f4,0.008701746
ck_e8ea56e122a5a487,0.011283626
ck_98149ed45d38c4d3,0.032138634
ck_0e719b3a6906b8f1,0.0058242898
ck_0c6e7bd357e4a348,0.00707324
ck_d3b2b250da61db19,0.906531
ck_8bb6b0a292754576,0.048467793
ck_87d70f5fe48a6128,0.028573083
ck_ea9edf9c107d429f,0.012317349
ck_059806c52cebe4f1,0.048229657
ck_a72d6df666e1c21c,0.009227701
ck_1d2b80ab6c4944b9,0.0049382825
ck_60557f077abc42ca,0.23609488
ck_e5f5cb7dd6ce4a37,0.010111408
ck_4c4a939154446053,0.010758477
ck_50ede3eb561a202c,0.006523111
ck_6d03a542922b2ae8,0.008004463
ck_d6fe761ed0db3270,0.01140446
ck_7f0cd6ea3096f985,0.016161976
ck_23edb6d938a3b87b,0.019122802
ck_799aaf9f2b9ef621,0.010000168
ck_f8f6a03613b6dda8,0.006158911
ck_7cffb189f4f514ec,0.9378812
ck_c081e1967dcd811f,0.017025268
ck_583d6ca78c97d91e,0.4893512
ck_9332bbc7125219a7,0.0048710587
ck_956b5af6d7d86c65,0.8881313
ck_2d634e3f24681c0f,0.013257828
ck_7b35d218ed0c5a60,0.008637655
ck_ca5b1057f8248f73,0.008312614
ck_ec5ea81cf813597c,0.009836235
ck_eaebaf4d28400fb8,0.012795535
ck_ae2ab6be219219aa,0.0070904773
ck_d99a8b4c820eb46b,0.010394693
ck_bcfb7ffb7cd428bd,0.022122012
ck_3dd542c2d31be2c0,0.0061171055
ck_c7dd84401e29a7fc,0.014191666
ck_c4bcc7cefd40f8e2,0.0133427065
ck_c251898b5d51e3b0,0.010114406
ck_36d37be780c1291c,0.0042381827
ck_99b4f266b61ae7ee,0.012307741
ck_c37f03995f0f0169,0.0062786583
ck_65a23ac8e44eb901,0.018231291
ck_644b1c1149eea9e0,0.031792782
ck_9cf44eb0237c2429,0.054479495
ck_20541686a94fb71c,0.01375359
ck_c18245be844680f3,0.029211646
ck_56de216eda6b7fa6,0.00330053
ck_406c4442dee45cd1,0.005634896
ck_df1585c7d72a96e0,0.013999394
ck_b8e8dba20676d87b,0.010520361
ck_0ee6965e68efc177,0.012204401
ck_c2a5c54ad8d0d297,0.019786125
ck_bf6fb7e6470e95cb,0.0055643227
ck_27fa694569140345,0.007603063
ck_e04166b0ce66393a,0.0070167203
ck_8742114f4f0cb22c,0.16525397
ck_6eceeafd56b42576,0.10724585
ck_34f9951b0eca1965,0.008849387
ck_384ccecd342a24ad,0.032540772
ck_49c98bebd1338879,0.010720087
ck_6c26c12071c91ff6,0.018970205
ck_01e5986ebb9a78f1,0.037044756
ck_121db7ba3be29ee8,0.029990038
ck_039e6d5a330cea1a,0.040795773
ck_ae8c9163cf957d7e,0.013269841
ck_3f5e8f3f1df0c8c7,0.047471076
ck_b1c51fdafcd80122,0.02497834
ck_12e2b5ebfe8986b2,0.0069484757
ck_d55eb81a4d543c59,0.015613609
ck_f85155ca5c312c7b,0.0078675
ck_133d8a1ac7c0e301,0.9515704
ck_04212a9bb9b28696,0.9875036
ck_4cc11c7d3ca61f73,0.015075482
ck_2df4854186ec515b,0.010124876
ck_aa9b28e7fc43af79,0.0870806
ck_47cad6c3def4c9e4,0.011639465
ck_fbff7b5da8111567,0.0037434408
ck_bd25ea782e375b22,0.022455389
ck_7989376f8cf64a9d,0.0037370957
ck_675c0ca1ebb1051c,0.0037537497
ck_1436f6e11d4008f9,0.015829567
ck_812cb3a4482cc618,0.0059029376
ck_6e606f73a1094afd,0.004008326
ck_1b708e2a4a0584dd,0.0053076516
ck_a60d6b324bae0330,0.008161547
ck_706a4f673a9fda3b,0.07376008
ck_a75ece9a9044eed0,0.009657447
ck_9aa45c4e03c8c57a,0.013440648
ck_9fe9bdce982b312c,0.030013932
ck_c6fbdc5ba68a8466,0.019884143
ck_ed0cc1b1c28f9511,0.0430427
ck_a4e2607b4c8021e8,0.0055157775
ck_e02f93f51cc8caf3,0.028672019
ck_7084ed3cf20781b7,0.018736122
ck_cd4c63155570d6ea,0.0056195674
ck_d1b9e5d32d2d789f,0.009140581
ck_68f56f6560a7a933,0.0050192946
ck_8bedacc6233c6269,0.008788387
ck_ab7cb50407d6b13e,0.009195206
ck_f17ed7e0fd687742,0.039304037
ck_b0fe4b92fc70f72c,0.008673345
ck_84d62b8196da2452,0.009845165
ck_9e298cae167f4693,0.0034994553
ck_405b20ef9ad0ba5f,0.08034762
ck_813e02e1ababd177,0.011922485
ck_f234ab47061ba7c0,0.008188398
ck_22b587c18363899a,0.010637962
ck_4e862c2f48c38aeb,0.015404384
ck_b89cb90a420c9075,0.010832858
ck_be2251640f27a3c9,0.25673744
ck_46bec0bff167ed3f,0.028209964
ck_c0032232c2868328,0.003202919
ck_030cf09525dba4ba,0.0063234125
ck_6ecf56236789fc09,0.90848154
ck_38d4ed52cbe6d123,0.011068684
ck_2d923d957ffd4d53,0.006532964
ck_3af1eb88728ed8c7,0.006414361
ck_2f8120ca80a1592c,0.036738444
ck_6cabb1a133f0b151,0.0097496305
ck_bb6cf7e7b707731d,0.34251145
ck_c8307fecafa90140,0.008754955
ck_75f968be67f46d24,0.0180779
ck_df6fe4ec5a233213,0.02300873
ck_b53e88c0e927d896,0.0028557817
ck_f0093064aa28f4d0,0.013749289
ck_ec9976cabc63ff92,0.0062407567
ck_30dac0a58c5590cb,0.091860436
ck_348a525791ae6475,0.050863408
ck_b898d912d1181ef9,0.008852459
ck_f5b1200dc6f95760,0.006499834
ck_54978a073e7a0b1a,0.0057760663
ck_55933936536a4071,0.058700036
ck_d6ba7ffd2ae08863,0.009518628
ck_404e2217fd87fdd2,0.0086662555
ck_dfaafdaefa5716b6,0.04029278
ck_556c62e92d4e7e5b,0.06877065
ck_7ce44f4e06d58111,0.18397926
ck_465cb8ce232c7670,0.07441682
ck_237508ca4fb37268,0.06392945
ck_ba4a6b9aa63964ef,0.011748038
ck_4802a0a7a1882c88,0.015870588
ck_9478dfe4114c30f6,0.00678608
ck_5138f6c575dec64c,0.0047243093
ck_aebb42afe430e2e9,0.0040827114
ck_004efa95555437e9,0.0065982426
ck_11af112667c98394,0.021978578
ck_44e9a18a8645c9d3,0.03328929
ck_2605fd571219e28d,0.005285343
ck_dfc933493561d84f,0.0076379185
ck_67674348e68d1f25,0.037545726
ck_dd97429277a2fa00,0.03859977
ck_d3eab7a06eb48348,0.024081577
ck_0b9fcff9667ec05a,0.006848651
ck_fc4bfd6e739bddea,0.015689585
ck_43292f70a03ddf2b,0.02421295
ck_5ff6108056a3fef5,0.03529471
ck_767e0be086b5f601,0.082940586
ck_b8465b1a5666155b,0.022565583
ck_ab2e3fc56f5b3aae,0.006697087
ck_1833c81d693c1e07,0.7012691
ck_0308e0602b856445,0.0139510725
ck_ccbdfe744acff8bb,0.004937191
ck_b294aa27a0b586d7,0.01594214
ck_a3747201f377626d,0.860788
ck_edde1d7d1db24725,0.016106714
ck_ae3b47d6e1063704,0.00974852
ck_3aabf5e0f4defb41,0.010056227
ck_f034adb57391f3d7,0.012590486
ck_533672fb40531607,0.1036799
ck_2a244f1ae08ef83c,0.0056532244
ck_a35d81bcc54ece2f,0.012052888
ck_78a61215675b38f0,0.00937413
ck_e013d88ea7939616,0.011510427
ck_e5018f9418e0102e,0.031974267
ck_d4e024fcda401a31,0.01083665
ck_f736cffbdb82db34,0.0039228476
ck_1507f5aa50cdf3a0,0.013472857
ck_18270fee7c8fcee8,0.004307254
ck_95ffa1a805a1c9d1,0.019470125
ck_11132d245b94d045,0.03767736
ck_7b93a622e40d8b14,0.055298097
ck_3854c08d17704347,0.04371639
ck_7717fcb100dc4b5f,0.008496793
ck_ba54e0a1c328119b,0.6524701
ck_a7afdac4ecbf2de4,0.13843556
ck_ecfb771ed2352085,0.008397589
ck_68be4fefc85a6b64,0.089358635
ck_dac7c50bd6d0148f,0.006422255
ck_87cf36a03bd63c24,0.07060785
ck_8adb40b168b59d7c,0.01991331
ck_8d2f62930777416b,0.012863578
ck_9958b58da9e3c21c,0.010826938
ck_9440335375701f44,0.008905397
ck_e2f88e202b6f700a,0.012328283
ck_4c7c50684827a2cf,0.011091454
ck_8a6ea4a79b1c7a8e,0.009131089
ck_186dbff4b24a3bbf,0.1264206
ck_220fda3c11c59b6c,0.09878302
ck_3acccc69f8b1fd14,0.035542846
ck_9de191bf79afd676,0.008919941
ck_6de6b1663f9457f4,0.004318422
ck_062754f8b79b86e5,0.005094629
ck_aa153a89a52f7eb5,0.034867775
ck_34a6bd3be642f15c,0.019816922
ck_9371c700d9830326,0.010174267
ck_a99e0c258ad7576b,0.0057220203
ck_0a7ba51d626e932a,0.0064929924
ck_852c50bbba1ead13,0.04749688
ck_43dc13b6b6d31297,0.16758971
ck_7d81b59d615a6649,0.018112807
ck_39a3f1da060e88bf,0.038525797
ck_6fb2d142c09ed3ed,0.025344424
ck_6e5752b87324b58c,0.017582871
ck_9441d48a12e8a4bf,0.024795767
ck_09e9c51eb538b255,0.018733256
ck_8d0cd981ed3a183a,0.006346414
ck_57c07c45269ca8c0,0.015456469
ck_ccfc9ab888ba933d,0.11912011
ck_9658a6ef471053f0,0.019844124
ck_dac3852758f4ea89,0.031742506
ck_b1ed2278f5f14d82,0.028737362
ck_333544d173524f70,0.012315377
ck_fd4582e3853ef23f,0.0075809173
ck_614d936cef98db04,0.007993377
ck_6bc351a3d57aac54,0.008537801
ck_af5842fa7202ff25,0.0097398795
ck_81307759252571be,0.003737204
ck_b4d2f02d2cd45720,0.08761469
ck_1bd753a4681946c8,0.9747688
ck_46d8c029d46867b2,0.0066993944
ck_b7da6640fa2f49cf,0.13453028
ck_9ea3d5a5a91fef9f,0.01876121
ck_7b922518f667f76a,0.005168805
ck_2a5b31594206eb30,0.21063432
ck_d9506476ad3f9e08,0.014785506
ck_c8791f7ebd4d93c7,0.019028803
ck_b5a3e20fd210017d,0.0058958735
ck_8e54386f4fe22cad,0.0075234487
ck_75296704f5806f56,0.008803775
ck_0fbbc7a6af300368,0.017262675
ck_d19bf4dc0627113d,0.0070811813
ck_7951bd4eb99a0175,0.009107008
ck_059e4fac6b7f704e,0.005938769
ck_2ce8931af02a2ce3,0.0058688233
ck_9e665618a4860306,0.031649303
ck_6fce5a893613fd2c,0.0071265046
ck_9e3fbd04e3532f32,0.39139903
ck_55f2ef0de3420e3e,0.013449934
ck_8d87658a6f5d204c,0.46148318
ck_6d6ac1f5dd882aa5,0.009792809
ck_55d0c7012d7ef236,0.041533757
ck_7738eb085e5753d6,0.004895635
ck_0e6e05c3cc8c8242,0.0075669675
ck_8d27ff8383d48132,0.0125768045
ck_9afc3bb849f3a64d,0.008450372
ck_27eb86a9898cdfe3,0.020114237
ck_1d40e4fc541abe93,0.03308356
ck_4fd9dc00e1913587,0.96817994
ck_b26cdb2b7b165d2e,0.009946317
ck_a79a27767a02e31f,0.022240464
ck_f0c18cb9f951a71e,0.010105143
ck_50460e0189de6274,0.9458671
ck_5e5280539257c986,0.008020381
ck_eeb854318b3a6f0a,0.0056627323
ck_943f66f28dd24750,0.0033564668
ck_984dd7452aee372d,0.05805413
ck_ecaa6de0aca5e9a0,0.07659243
ck_8f1cbc432e2774f8,0.010844991
ck_d91d9f8445b9769a,0.20017757
ck_73c18e03e3c7612e,0.009894686
ck_aded05ada490da20,0.0069454755
ck_f744e208183971f8,0.011414453
ck_02d4cef6358ad3b7,0.011295064
ck_08ff5bd467226a5f,0.006845431
ck_f824b326d5089885,0.0825507
ck_3420f2fd520890f3,0.015624106
ck_1838cf8d00f5b1e1,0.0062908675
ck_a85182ad90b6f1e1,0.0056719943
ck_fecb39c82c43e76d,0.021563089
ck_162513e73782929f,0.032446995
ck_2c27b77c59d8f23b,0.060361587
ck_4221e07b17388fd3,0.0328918
ck_adfb8472d5c3d669,0.008675826
ck_0742fe64055d686f,0.011796839
ck_5060aefcc8b6f958,0.009274815
ck_643f549b4ac78a26,0.36211985
ck_dba767885bd6ad69,0.0062180622
ck_0dda35c0c64c7073,0.9747645
ck_38ea56d43afa5660,0.0146432
ck_d813e15ac91f487c,0.11452432
ck_4c840e5585a7b167,0.19415566
ck_cb8551453a7bb929,0.07097433
ck_05a00b1dd5a03359,0.0048401286
ck_837cc7fd48453a01,0.006639499
ck_49dd816b31fba6b6,0.25842404
ck_86a61d9a39768e87,0.019590456
ck_cd0e76f0e7bb38cc,0.02239501
ck_dbe58392635133ca,0.01568829
ck_3caec7dd6f8d02c9,0.0104486
ck_bfd9bfc5b6ab4a54,0.04214672
ck_2103399bdb2898a6,0.0031255437
ck_329f7de7279e74c5,0.0039276616
ck_9bf0d28119fc42c8,0.009560473
ck_f781539b1042dc83,0.008120088
ck_9986c7d781ac6b4e,0.0072029037
ck_a627734880aca848,0.0025340337
ck_2106e509d77fdb4a,0.5645617
ck_420d1a9c604293ce,0.016195197
ck_fce0610c527e2b56,0.032082394
ck_073da541ec3f9d3d,0.013254366
ck_aa5f3ab48c17fed8,0.14189683
ck_0fc1086e1c9e04b6,0.0074633206
ck_5c33bb46c1a5945b,0.00971397
ck_500948a8d4bd8e13,0.010905418
ck_19becd44f2c3d2b5,0.015704291
ck_7d0fe77dd5ddb656,0.016057163
ck_f158d9e5f101bb35,0.011079733
ck_cdd7c77823c2257f,0.05142655
ck_6c7b41374f9b2e55,0.008549636
ck_417090dbffb1a63c,0.0074626035
ck_dd0e17605f970319,0.008708243
ck_3646515079e6be55,0.008328911
ck_89c8b06aa8c84b2d,0.01730771
ck_e4d6dedd97233c07,0.009751103
ck_bc82fb1895fddde5,0.040873747
ck_88a8b1d442ca3686,0.0149280075
ck_5791f8f76a629a4f,0.07961938
ck_9cf5e88e97c8c7ea,0.008043899
ck_58fd684aa5a6f289,0.005744227
ck_9800c21dfbd8e811,0.0069915983
ck_8ae64df60ab6ccda,0.010444598
ck_e535fb0f0c00418d,0.0489238
ck_48011996d54855ac,0.08284839
ck_ac79c72a8fe3fdef,0.04640827
ck_b8cc2df5192bc49b,0.016635356
ck_e96a5e1f08f8a867,0.004981336
ck_84df6770549e43fa,0.0051218215
ck_e5f7b99ba6ec5767,0.008458035
ck_8347455ab53ff620,0.00379185
ck_a84f2cdf695a71d6,0.004307279
ck_90456160115f9ef4,0.0132507235
ck_ebd178b3f3a9c50c,0.007950456
ck_e1140be6157bacbe,0.005006981
ck_744ffc11d32b96bc,0.021035401
ck_e12a9f7d027e3387,0.0022511093
ck_cbe525da0b69f18a,0.011057311
ck_aa59702537557ff1,0.24715748
ck_0348cc6908f7f3af,0.0040176534
ck_120e995d50956bee,0.019601107
ck_9fcde1ff46cbbea5,0.0063110893
ck_54b0b070689c50d6,0.016127847
ck_966a167758fddfd4,0.01956595
ck_d5194f2e92fd6427,0.010891093
ck_2ee84f3fa27f2cb8,0.00425219
ck_57d0a7eb7eae2eaf,0.0116396025
ck_6a2c4edd82e10969,0.0046416656
ck_96e4d38ef670eaff,0.0076788827
ck_52cc2fd5095b169d,0.010186635
ck_4b088920f3a844c1,0.059682164
ck_8f3ccbd20d59f1f4,0.025891671
ck_e5e5dc431bed6f9d,0.009665186
ck_e8b5bfa6838e28d1,0.008055638
ck_4bfeb78b47b7c6a1,0.04760301
ck_a705c61bd679496f,0.013956294
ck_731869a0c39cb2fe,0.015633168
ck_259eb102342057ea,0.013634007
ck_47a6005fabc33551,0.020065753
ck_682262b455a9edd4,0.0071003805
ck_e839d104854945f0,0.003747793
ck_761989aa4c47d746,0.01919696
ck_44211dc210139ed3,0.15527608
ck_9915ceedf63a5289,0.088283375
ck_da59ab47cb6284ad,0.010336627
ck_e5cdbfcca2456652,0.02913621
ck_13f2560c6a1ec62f,0.007412151
ck_a0543e9b3abe1001,0.08211775
ck_11c7a58e09e6547b,0.021801649
ck_69587a134d43a4ad,0.018624552
ck_28dc0de0ae291f37,0.0149970865
ck_298922703c5bbe05,0.008330309
ck_fa5ba9ed9ed6a343,0.028480884
ck_c08e64d424e56c05,0.027109895
ck_598e036a28262aeb,0.02836387
ck_3f7c870510083a51,0.010233397
ck_364f8203a3e98d36,0.32481608
ck_7333cedb61506ead,0.007602404
ck_1d96d7fd65f208b2,0.007975229
ck_63133a79f23e2627,0.048450705
ck_901d820e0b72abae,0.0061803893
ck_5dd80b3c01457bd8,0.017581133
ck_c0b8067c144ed6c1,0.010559612
ck_cebb8aa8c8f62c60,0.03085019
ck_79749eca42ff1f5f,0.009094413
ck_2cc1d9b587f6da31,0.45699522
ck_ccc7916b56d42195,0.004049429
ck_e43e53cc7b8b8e41,0.026084652
ck_4ab74a6e7450416c,0.02826583
ck_6e44024e9de301c6,0.0037209329
ck_dd78cb6ae2866cc6,0.0048674634
ck_c363d3b050baf3b8,0.020326726
ck_2d46291975f0dd08,0.009053553
ck_76ebeb5aee42f041,0.02000857
ck_8395f004cf4d4c08,0.00397084
ck_de7259c3741db179,0.009589632
ck_3938e92585df2b34,0.011789365
ck_af69bfcf4f07d932,0.004939743
ck_1723900ab9afe374,0.32958913
ck_3d58628d1c853c8a,0.03052936
ck_12a074db100481cf,0.028063606
ck_8716cbf892c50e29,0.006636594
ck_fbf7351958ad9615,0.004851951
ck_a50370907e6b397c,0.08313385
ck_937402a60df0821c,0.007763562
ck_8ce9c5807acbef48,0.013021305
ck_acf7d65eaaa4c31c,0.0062788846
ck_ec3eb6dd0967cac5,0.007281763
ck_fc832b0c90c9bdb9,0.4462994
ck_8129e81cde280131,0.0046575633
ck_52c0ef68aa2fb8cf,0.004021781
ck_06f042e9b1b662fd,0.024093177
ck_0bf35dcf7b38f650,0.011517803
ck_615763afc2e17a7f,0.007058904
ck_e72db9d4b2fc9997,0.9745548
ck_13757bf0eeb353e2,0.0035179562
ck_abaf371ec8249c4a,0.0794541
ck_9b7167da0920c37b,0.0890308
ck_2e824b0b27494a17,0.018305063
ck_9a0b605e9c3220c4,0.006524406
ck_a5276af466b681de,0.0035567214
ck_9e0383e1fb6e214d,0.05685661
ck_6a27c44b691dbfac,0.007914054
ck_af39767cf583905b,0.012329374
ck_243b1b9fdd3f9a74,0.008109805
ck_c0422e638a9c6046,0.0076122032
ck_e0f3ea3373dfc4aa,0.008382094
ck_d56ee1654378ffc7,0.009129627
ck_20cd2f5666719baa,0.0073042335
ck_4dfa1c1e9b69fcc8,0.0048867064
ck_5d22e9ca1d15180b,0.01489145
ck_f4a7ac178fd55f0e,0.0318705
ck_fd5609bd23a1eaf8,0.010620497
ck_49c3bf13dc9471ce,0.015557255
ck_724085c3452d4693,0.28493765
ck_e5d1462846154a75,0.01714053
ck_c69ef0f3e7d6acf9,0.06247902
ck_a2d0417791d4132d,0.0068312557
ck_00a07fc2a9183c3a,0.017806599
ck_781b8288e54ba8f8,0.03973332
ck_d74a62ab3804a81b,0.004993307
ck_abcbde211b6267f8,0.03724928
ck_16dbafc035574654,0.0060047256
ck_018f780215ecaf38,0.016013624
ck_0b259620eac51618,0.0079969205
ck_4f875342394c110f,0.022341408
ck_399e45e5fe9beaee,0.070904434
ck_36224a2d394ebfe4,0.038918406
ck_c189b551bd111332,0.009637848
ck_125c5a720ecb177a,0.048003606
ck_76d010aa02eb477a,0.004947326
ck_1071d14c46c92379,0.30332777
ck_61d244b2cde483af,0.009427233
ck_2ff1860da2004c84,0.005667836
ck_c5b583490198672d,0.0058904514
ck_1294f7af22fade11,0.10175178
ck_e3a22799716df39d,0.0135167595
ck_c77e22834ef97005,0.7118356
ck_73d3689728270a2b,0.004925347
ck_295565fbf77ef885,0.005987367
ck_80c0a7f54ff4895d,0.0019111626
ck_f1ef5cf7f10b16c8,0.007452671
ck_a958b2461ffc21a2,0.12711477
ck_0e7899a57cd617d6,0.004356105
ck_9d4fed252718f58a,0.010748682
ck_83c2c34add971d76,0.011294941
ck_9ccc030ba2de9fb2,0.024669265
ck_cd691e3466fb3742,0.042653684
ck_49df70f908dfd069,0.027484661
ck_362ce13eec1e33a0,0.00979221
ck_2452a30397dfc54c,0.010745275
ck_a443d49c2b4863b0,0.012791266
ck_c8b2e2cb349dd0ff,0.05501933
ck_354909fecf5da8cf,0.0035639107
ck_841f598bbd54c83f,0.01076107
ck_cd6fbd4e8724f994,0.012791627
ck_e0b3158111370118,0.01445317
ck_4c2f2eb657c2c60e,0.009743022
ck_ef346071f0b7654b,0.011208647
ck_f3bc10e3decefce4,0.012381732
ck_189b6fbe9b9192e7,0.01550498
ck_5245cbc5ff4d4fa6,0.014424705
ck_cb42e3be6fe87f60,0.032312173
ck_966d4d713cbc7792,0.0073449994
ck_1c8c969667cbaab2,0.7696522
ck_d35e3aa9ef5d405e,0.03061392
ck_a1c39df50a5873b3,0.011187844
ck_a152165caf295b51,0.009522261
ck_891eaedae139828e,0.006521322
ck_1a46b56f4734d52e,0.03602337
ck_5e36042cfad96c99,0.111448616
ck_02a8582c2603e675,0.011073361
ck_6def9d0429e4ed4b,0.02161864
ck_e137400825a1e3e6,0.007477229
ck_d91ab840848a54fc,0.0081253005
ck_becb6e1c608e0078,0.006697265
ck_6fd8c86ac719d7eb,0.12404075
ck_3ed4d13f12fd9d0e,0.04690222
ck_007337aa99a4891e,0.005438388
ck_60c3d8306527a08d,0.014946504
ck_95458880a54df0b1,0.20292276
ck_b48cd8593533fc1d,0.35432675
ck_021c6a4a7e3f1f0e,0.0052441023
ck_764d40f865e710af,0.007122423
ck_4b84357ae8ec7777,0.0103486525
ck_3397c7856b4669a5,0.010570005
ck_920bb003b42e6310,0.0033349777
ck_8f59f11b512d5b7c,0.041041963
ck_a3acf4b986afa98b,0.044515282
ck_e89d25ed7bdeeaea,0.012963624
ck_70e6bca473bf6902,0.005741437
ck_186161ce152836f5,0.0051079975
ck_9191579254663f5d,0.0061675864
ck_1e6628879e9d653c,0.0048256665
ck_b498fa91a0776ff6,0.014208087
ck_cfc2384f22954830,0.06292114
ck_17673a1c2867888a,0.016027667
ck_523dce06515b072d,0.009502834
ck_c20638a325ead2e4,0.007429997
ck_d3877e1f907cc148,0.01675459
ck_e9a2495dea8675e2,0.008381523
ck_7e561caa5fa1f3f1,0.0155366305
ck_455672e652fe1abc,0.58353317
ck_7f8f864fcc90ca82,0.01683054
ck_1ad36046aaeb816c,0.006814286
ck_de056e37c82e8e00,0.027697237
ck_7484c214c889fe7f,0.040653706
ck_32430e678c4f9f53,0.0031901742
ck_6276ece8f80ea799,0.03820015
ck_ae8e5dc4b725bc25,0.007926426
ck_f01be92dc78a2dc7,0.005404618
ck_233397a8bd40d38d,0.0031484626
ck_f8124911450fdf31,0.44811285
ck_aa0a3179f1111674,0.004821158
ck_2366b29ed9887a5e,0.004101047
ck_1f22f04dfc08cf27,0.0047358186
ck_b62276c3426d680c,0.026518976
ck_d099fca88691f66f,0.012520679
ck_166bd1dcbaf4d6fa,0.00482585
ck_7b1660e942436e12,0.008264322
ck_4a9a791a1d409a3d,0.023924025
ck_b003e5b54df65db4,0.009122512
ck_64b4dcbf436f0b75,0.0060734567
ck_26e9a7bb2061a58e,0.023104845
ck_08b77ad5f8f73007,0.007604337
ck_366616a725afc6bd,0.0065818597
ck_934fb5064b6eefe2,0.009131749
ck_c6abd5d57b1009d2,0.0059155175
ck_edcfa9e1cf29d813,0.028140865
ck_c30201ebd003fdc7,0.007779071
ck_c54643d94d3ce355,0.02051516
ck_02adda6e91e49650,0.008759098
ck_5b73d7c5255e58a3,0.19311126
ck_129ffae92dc01408,0.009563531
ck_fa321945ebedb916,0.03317093
ck_8da980cb2e1e2bfb,0.020488795
ck_0576b00d728bdf19,0.025561513
ck_c543d82e22b3c8a5,0.018733835
ck_0027ba644f9ae2cd,0.15151758
ck_8dbf61df902a6bbc,0.010490705
ck_90eeca1cda79fd41,0.009915196
ck_86d7127391d4e01f,0.00933295
ck_73762038c7ff2f6f,0.00985121
ck_a1484e6215fac651,0.74970216
ck_cb83b9f806e90dc6,0.185401
ck_8c6f059c95872126,0.0075774603
ck_3174419a81e7caf2,0.017916875
ck_6a0f8f8fa4a3c2bc,0.014244236
ck_b5777605668bfca1,0.007323139
ck_27e4de495abb4d15,0.038121767
ck_7f6fa79c7a107161,0.00791033
ck_c36ed9f8e6792ea4,0.008311914
ck_67a1aa88d2ea554a,0.02323457
ck_09748dfe4df3d540,0.0073490157
ck_27fd85b1e38b675a,0.013054432
ck_2369689bd795ee10,0.004308015
ck_4eb1c12f7d092bac,0.0031817907
ck_01fbafc42c8e33f5,0.0052156704
ck_93c4e05699b3b7d0,0.0076562427
ck_afc484d1b6907983,0.0049460493
ck_1b2d9cae92a1aab1,0.049921975
ck_73b729cb161487f2,0.0040618503
ck_fe3c1d0ac090d960,0.081533395
ck_408efac1d3885ff8,0.030216228
ck_ccb4dd9d0a48a76e,0.0057395943
ck_2987eab34ca7805d,0.019588754
ck_1dbf1f15193197db,0.045490336
ck_4ed711fe4053e74d,0.48066753
ck_6c54adce174f45f4,0.0102233505
ck_a6c740041faf0bd5,0.0037064096
ck_b05c4d33c4f43639,0.013670524
ck_032880f1114dd51c,0.024890862
ck_22311b037456a76e,0.00911223
ck_5866b413549765bf,0.0076569533
ck_0e808afe2570ecac,0.0056206174
ck_634276b05f4381f8,0.006894328
ck_5d8773badd0d4740,0.011211299
ck_82b5b79ce3517102,0.9007251
ck_b378b8d8100ee4b1,0.0102575105
ck_54e581f71be5430d,0.0042618252
ck_798ba4b8aa544fea,0.004680714
ck_3fe86b6331ff95e3,0.04735663
ck_81275d9d4c559e6f,0.0053380253
ck_99a4e5ef02d89493,0.013341395
ck_54e2eb018d947790,0.0052255983
ck_966901ea9c77cc02,0.008137627
ck_27d69ff4e0cb428c,0.08293782
ck_2cee2dd7bbfc09a0,0.64847153
ck_4136b00924695ab4,0.00208739
ck_59a164c40c03a45f,0.006100308
ck_3e24b026bc66789b,0.003729746
ck_8105bcf69a75ee47,0.0025897056
ck_7a1782cefe26a456,0.06139917
ck_970c7dc195161272,0.009971107
ck_a48ec0c00ae20e82,0.019580087
ck_54b374ade34e1dc1,0.008130863
ck_74e5dec189761d14,0.0149421785
ck_4717f24f2c6f40e1,0.017067382
ck_fc8cd8a8209e802d,0.006962958
ck_71db4131d7efe218,0.015447554
ck_45424ea6f0bc4650,0.20930354
ck_3716c6181a5035bc,0.008735168
ck_26de14b96bdad4f6,0.0070704133
ck_99c0a41ac9c73857,0.012691899
ck_645f15bbbcff3b4f,0.9619692
ck_b7e25ddd41514d4c,0.006688988
ck_d5c14e877ca7b755,0.01433693
ck_05ea4440dac6cfad,0.014532787
ck_c58bafff7b1955cc,0.011415116
ck_f0cf85b67a9b840f,0.022807732
ck_ce1500a7f0d03fba,0.0027342974
ck_d4972a775aadbbc8,0.0051984815
ck_3eb6146c262e0fc3,0.01200945
ck_afb23858a4ef42ed,0.97925836
ck_2c1def5c91c52a5b,0.19906038
ck_72e550559487b919,0.008182598
ck_0284dc2b4f856b3a,0.27757868
ck_03be334935e999a2,0.10829374
ck_e35a4b4a3cb4cedf,0.010273639
ck_5abe57dfff4b735c,0.044379126
ck_f5f87f772388efa0,0.014228516
ck_5a22cb36d612236e,0.028945802
ck_8ff1e6028e764472,0.82657534
ck_2ab28149b0986642,0.010077382
ck_c88fc1bac79fa6d3,0.022353368
ck_5b137d74bba6b1b4,0.0035253088
ck_11f362dca2dfaf5a,0.011503339
ck_7f960541e5174565,0.02195647
ck_d5458ba39ae94498,0.03482845
ck_0a921a73a90c2e39,0.014608702
ck_6ad56ef40086dbe4,0.006117552
ck_b68199ecccf2350c,0.0035686977
ck_6dac66c8198c07d8,0.0067647095
ck_9b9ce7bebc235fe8,0.012307943
ck_6b817117d87063a8,0.017805908
ck_900d62b3184378c7,0.0059853126
ck_eafe9b89857149b5,0.005318483
ck_e74716a525ee5b24,0.0070482073
ck_4e9a6f06ab134102,0.009009038
ck_b0d33b5a3716661d,0.019884942
ck_8703543bf3134306,0.0066621904
ck_923d6a0f83accef1,0.0077325664
ck_52e37e2170532e2a,0.5845134
ck_c1c5ea839c58958a,0.006337117
ck_660f0006780e87e7,0.02610814
ck_830b2c5d1818ac07,0.0313844
ck_b080ff636932d1f1,0.005121697
ck_38730aace405f2ae,0.97816485
ck_9790138467a06223,0.0037116427
ck_10de0b0d86b17839,0.009183219
ck_c3e37a4d3382c32e,0.009665486
ck_dd8edfefa1eba531,0.005094781
ck_8153cdadd300d234,0.004696388
ck_74d0e7c2c6b63d36,0.86652094
ck_c478aae3031bb328,0.026690733
ck_cf301f2194975866,0.0063206144
ck_f4de03f44e3a5bd5,0.0200427
ck_b06ce826e593b210,0.013163813
ck_2fc70b6baf6a0e26,0.008177585
ck_d208494cf5c90047,0.021128599
ck_086d29ccae565e5d,0.009656262
ck_d5ef6dc116dee408,0.028332245
ck_fdf0c5b722d83464,0.003587272
ck_de8494b13adeffb5,0.008916847
ck_556786868599143b,0.010835193
ck_4940e78cbdcfecf3,0.009138327
ck_d32fbbfe32c00416,0.012152413
ck_bc7710f7e9fae649,0.0074985833
ck_416f7ac57da081a3,0.007833436
ck_6fb39b60c67d5475,0.014615478
ck_e40a156511345d6a,0.0052601486
ck_49ab879b5aa7fccd,0.032458987
ck_bb643194d1cbc47c,0.9662526
ck_b3ce8f1bcedfa043,0.008957173
ck_558ebde8c29132a4,0.009933318
ck_e6222925762273b8,0.08785727
ck_bd80546b4807dd59,0.33648485
ck_bd21164bd2bbb635,0.007430482
ck_ea835557d7043667,0.010671362
ck_1411a80a157ff39c,0.022337737
ck_ab973888c20c9120,0.058855742
ck_95b48972061abe82,0.005177755
ck_fc4a43f8876bf10f,0.010775817
ck_f34fb7ccf82f41e5,0.007189063
ck_5af9934a56801ac0,0.005083096
ck_fc7445ec76389a58,0.2995848
ck_1eeacc26f02fbba4,0.019555433
ck_4f325dd15c9bd45c,0.015916748
ck_5009a6c8bbaf15ba,0.03630472
ck_0f3de7f074bb33af,0.025885612
ck_2cbc2f93a32eede8,0.02792978
ck_4bb90a61c21a303b,0.007349489
ck_3ade9eac7d7b0dbf,0.19949226
ck_4859a58629622915,0.08680991
ck_5fed957287ebca03,0.0083445925
ck_ec01ae5351500355,0.013538509
ck_703b41624ae6a5b6,0.006761439
ck_97c38e7f61c27e47,0.009980743
ck_db2c0908150cb2cc,0.01912179
ck_64ac5e6fed86ab60,0.91819453
ck_da1c853b0a061e83,0.0054858266
ck_9a36916b60178ded,0.66669625
ck_3715bfa7fed2c675,0.02031923
ck_dd3feb77d7d4f6d3,0.0034629856
ck_982ebb24174a4ade,0.0060064616
ck_f6b7a10d47dd9a1f,0.004641478
ck_1f56fe99f250cdf4,0.015203479
ck_deb3ac0606d6f6db,0.0057829926
ck_e666629e5a41b39b,0.0043441225
ck_756d2c13d02b3e09,0.012939509
ck_7bc752ae7cf5d55f,0.0118501885
ck_fc0cc4b25e6a8194,0.004361508
ck_9b2b0e286de78a1b,0.009567109
ck_24b0803447211bf3,0.01263573
ck_82eed68d05a42128,0.019443212
ck_c8a03c516ed5b05c,0.053826597
ck_e914974cee1bccb1,0.06277375
ck_0c533ff2d0f9962a,0.0145062655
ck_c12805fa5d970a83,0.013310022
ck_fc2cb29918631f10,0.29070038
ck_c20e89afe575549b,0.019385768
ck_e1ff9e31becc27ae,0.037316397
ck_18116d0ac08f1996,0.96143323
ck_885a83975cea5e64,0.010921173
ck_a0c3059a959ba5d1,0.010930237
ck_75257ca7d7da2861,0.021345975
ck_2210f7a0d13bdbef,0.030343354
ck_9cbd9ecf8374f65f,0.0053674667
ck_18f67c00ba21fbde,0.003843077
ck_2d28f14d3973d8fb,0.0133315185
ck_8b3401b44aaae728,0.011601085
ck_9d8e9ef37797d3af,0.69671404
ck_9f50920c894f64e1,0.0066679046
ck_4737e0d56c6fa0a1,0.010604065
ck_52c311f29ca3aca9,0.0036155183
ck_6a4981bc721df37a,0.010590396
ck_823539d936c55fc6,0.011524352
ck_df5aedb4118020bf,0.86178684
ck_a911a066ff0f7b56,0.025346704
ck_684609767df4a14b,0.019307518
ck_f2350bf355dc919e,0.029719105
ck_8452b6cf97c65a5e,0.0075430525
ck_084cd84501012218,0.67068434
ck_ace6b72e5bf3e93b,0.13567573
ck_2afdd69094c955c5,0.018149564
ck_fa7d5be26bf7b31c,0.22869237
ck_4b041217690fca2f,0.023990333
ck_9fb8e3d38cdf276d,0.9289101
ck_c1ee56d65a42f59f,0.14191501
ck_fdeaa1cd085691f0,0.022210972
ck_5de33a7a87e9aa62,0.03195674
ck_7476e7fe1ff45545,0.022649627
ck_b0a947b498e47018,0.014974667
ck_e3894ed88a7977e4,0.006055438
ck_c7e07ebfb0bc15f6,0.011432908
ck_3a3daa8b376f2a18,0.0072680437
ck_87809324c2675b0a,0.005642007
ck_7eb4f33260f1dcd4,0.032751054
ck_ab9f0e08af030060,0.030693762
ck_5b8fc4a76f340797,0.030472886
ck_0e7bf10ef49aa818,0.009521559
ck_a44462a3853ac67e,0.97316056
ck_2d14bcd2e0fc043d,0.004620527
ck_df1f2dba802296be,0.94706583
ck_466a7316eaf149b1,0.009271053
ck_50df50af592b0c06,0.009445016
ck_5f9e34c849704b95,0.015997771
ck_7836bf6def26aa87,0.030070247
ck_ba175b1bd8efaabf,0.012991752
ck_1a0aac7f7b94b1be,0.039547373
ck_6768c4b2aa8ce586,0.007815715
ck_eefcf0ed15897898,0.021087041
ck_7a6cb27e390b6ceb,0.008893041
ck_5275be4e1577c1c7,0.017983522
ck_6bc0e5b8c0b7d2bd,0.025604466
ck_4874bdec79f9106c,0.013063443
ck_a678731156ad7bd2,0.069813766
ck_db906debc36a5d1e,0.048212763
ck_e87897767c612942,0.012645526
ck_45ed5ee496ef8a67,0.034222532
ck_ae20e28f9854f3ee,0.005628632
ck_9ee044b73943a90b,0.0057040737
ck_dab34cf6f0626c9b,0.0073502543
ck_64a02b7b96149810,0.007038902
ck_c417d06f3e94685d,0.013940226
ck_3e0149cdee4cb294,0.010749635
ck_0e6046fc30f81705,0.014680448
ck_c383aeabd53e9c89,0.0075488198
ck_2ef76f1f36e8b869,0.22880594
ck_43948784650bb9ac,0.006438432
ck_bdb966f43ac350ee,0.04795619
ck_5bea0e0ee0b094cd,0.003459808
ck_dff090f03ca5529e,0.005576373
ck_a4691b57f837d88e,0.009698556
ck_99ee90946395d74d,0.47156578
ck_cc81dbc83a8879fd,0.0069165244
ck_f3dc0725621b3a35,0.0049818326
ck_1bb212d1288b9689,0.012361737
ck_9e7278fc7679f002,0.0363443
ck_3ded7a8720d7e311,0.008230826
ck_798157bcdb9453e1,0.0112778125
ck_9fba80f56f357fe1,0.0048934584
ck_f1e1c8491f16f912,0.021113263
ck_7b1319a5ca2f63c6,0.9321757
ck_124432fd5c92af7e,0.6500513
ck_148cb0c723284dc0,0.005264272
ck_b56c62c950eda009,0.010442868
ck_a0498755cd8d7188,0.007023532
ck_5379452a9d74efae,0.019020403
ck_6c2453229d608183,0.023297425
ck_f9d8b4813a88c1e6,0.005061758
ck_c2c7d1e45a521857,0.04318222
ck_4364a83a11743888,0.007125152
ck_2cdf5fd97ba75e06,0.03706374
ck_71bc01291e0533a0,0.039246272
ck_a725d7aed2a0bdc2,0.007178853
ck_a9b0c4dbd7db6a91,0.008890158
ck_a4258806a533efa9,0.0135632595
ck_905e460591d9a278,0.07708687
ck_20de8abfd8960ee3,0.0133433845
ck_252b0a0f1119b220,0.0054165474
ck_95e4bef65c36af1a,0.0031158554
ck_5ab68b434ad53fea,0.0068550105
ck_13677a1957078827,0.0076447926
ck_d251e9fa09e542dd,0.9888889
ck_700cb620f300dd47,0.005975689
ck_39a68c55a1bd3ace,0.05664999
ck_61a59a7944d6c53e,0.22811472
ck_db6d1c6d31da967a,0.01673567
ck_650020c500b1b50d,0.0054013208
ck_d812eb6930192793,0.006904662
ck_92f6ebc11ebca89b,0.013453179
ck_d87e26eb5bc84b01,0.00417519
ck_66439e697695224c,0.008710973
ck_f21efd504faa654c,0.012551036
ck_15eed0f5652f0352,0.0073530236
ck_bcdbf57d98dc0d27,0.040622603
ck_873ceb8004d3a9f7,0.033627998
ck_70bef9ddd4bab005,0.0040326025
ck_7560f1891d66f294,0.011539278
ck_f439f16f8693883f,0.009616511
ck_14f9535e53f9c7a6,0.014340817
ck_5984be472d2bc267,0.061606694
ck_ed01be7504dc4187,0.013936674
ck_dc3d8b5c17b67ae9,0.0072154556
ck_9dc23031b6b494af,0.06725046
ck_fbdac0221bc03f66,0.0071800216
ck_863708a99b92ef0d,0.009463879
ck_22b52654776a1ea8,0.10539434
ck_a0714f98001efa0c,0.009878046
ck_9c56114f84e9a541,0.023614742
ck_e155cf506b2fb699,0.004224609
ck_65ed7e72f24731e7,0.018222427
ck_822d6e8e43befc72,0.04408469
ck_b1182471d9ac6b26,0.006731012
ck_821446adc95e6da5,0.0041076583
ck_ff182f033134dbb8,0.006393568
ck_9c5feef7647b0588,0.012476374
ck_df935d8bdd44883e,0.0075994157
ck_01eb24c18ad11fca,0.261654
ck_00d6730134a1eb51,0.10382904
ck_79ba8e85678d0224,0.0057129585
ck_97e3b04a1350f6e4,0.0069112927
ck_74e9747954a46eaa,0.012433115
ck_397d5fcc9972f909,0.040919345
ck_9ede89e8a43c3f53,0.1475918
ck_303b33910d67f306,0.010950712
ck_3c17841636f6f7dc,0.003735282
ck_78730527f8ba1438,0.14446558
ck_5ee32bc6bb5d1d4c,0.050722077
ck_a13fee8cd925d0dc,0.0037462355
ck_6f847263379f2e43,0.03253757
ck_9b9d9e579e7b55b2,0.015668318
ck_87c1d0a79e79c84b,0.018071929
ck_bfc453eabb472f91,0.009621008
ck_978c21bb5fe3171e,0.007585217
ck_dd882323474431d4,0.010416943
ck_533c4f7400d5ab22,0.4083802
ck_5f217bfe28954e75,0.91003895
ck_ae96d35465b3b4bd,0.0064040157
ck_512ebe97c0af94dd,0.22778004
ck_f558fe02bb0219b8,0.014626462
ck_84092e23d5ef4d51,0.016532727
ck_17d3022ca12eacd7,0.0053601246
ck_8a8f81bf3558fd9c,0.022280794
ck_0ada6fed1864e7c4,0.018491006
ck_21fe7bc59dcd78fb,0.012465152
ck_e136e20c1c74fe38,0.0115346555
ck_e7a530e09d113dd7,0.010365975
ck_7cb0c9ded4d63027,0.017783523
ck_102db9615e722c9e,0.010022821
ck_129e39ddfde92eeb,0.0060610487
ck_d730ff21bfd7769d,0.00860877
ck_54459b45d2be8459,0.014514537
ck_7f1c20319eb60aa6,0.983677
ck_939fede90473e412,0.004275266
ck_e0f9506a6d5f4a1a,0.017467575
ck_9a4967cdf49265cd,0.055558834
ck_b9eaf03453ac7d5f,0.002753271
ck_522477be6376b450,0.050989285
ck_9b6282e3bad50710,0.0073388275
ck_a0e3a2facd508e49,0.012697398
ck_97ffae702f7c3d08,0.013336789
ck_344a95cb7115ec67,0.015006894
ck_1f2760764afa45e8,0.010007295
ck_720cd658d11ea428,0.032708477
ck_04e32ee9834c088d,0.072618894
ck_2bb1389e5e72c8f4,0.016255258
ck_961e7dbc217cfbbc,0.0104313195
ck_f3bce4eccfa6d6bb,0.004295285
ck_e0ccfa0d689339be,0.0038706502
ck_98217aeafa0bfefd,0.016673623
ck_a02aeec1914c158a,0.007652994
ck_20a17e8f206a14c8,0.009796899
ck_114c32aad4b6183f,0.013928381
ck_79f5198f0decef20,0.016820766
ck_2209de229b4c71c5,0.0069920057
ck_6ee939b7f396975f,0.0041843634
ck_202f0c14b07ace01,0.0110168075
ck_fa24db9d416ab904,0.0059311455
ck_cf6aa24b92c4d33c,0.48255718
ck_45f57fb8194cefc8,0.08581286
ck_d5eb179dc45394c6,0.004518021
ck_efb24be983342f75,0.008671226
ck_245f5d62ead5ef28,0.0131329335
ck_15fe2a47fa7e92ea,0.01014605
ck_b6527a85fd682554,0.008443494
ck_11f9390a11ce9ff5,0.020613126
ck_ffb4d892c5158201,0.013209812
ck_d4c1da5a1427fd6a,0.016966308
ck_2c041b1efb1c5063,0.005021376
ck_ecc18f40b33be769,0.022751521
ck_0525349f3945375b,0.103320196
ck_0bfe62e0c7eab9c9,0.012041185
ck_b7c37d410b1646c2,0.0070470218
ck_4b15b0746318cf42,0.12942575
ck_e5ee006ecd8ff661,0.039062943
ck_ccc83cf66365357b,0.019199003
ck_34a33ffe8339f66d,0.9592298
ck_4e39e3b165edab58,0.87288123
ck_1a71f8081ae00190,0.8371603
ck_ed8f1200fc049c40,0.86767066
ck_8a5a57858e8c77f3,0.013915204
ck_fff9fdc2adf5100b,0.09652142
ck_c76f1bf40f3b787b,0.0024577044
ck_1a6ddfeef82b1b1a,0.0044822358
ck_478d2667aa9896d9,0.09345879
ck_641c8e7694b21f3b,0.033376783
ck_293581d879f6663b,0.29273462
ck_1bfa8abdb22be8f0,0.1486385
ck_05ab5b03d0bf9ce4,0.14643969
ck_35694db37f0cde7a,0.0032540672
ck_fe33eb743d714c03,0.006715714
ck_abd10fbcbaf2b038,0.030623933
ck_46d51648c1bf80e5,0.19506352
ck_5c8390017fabfaef,0.024811039
ck_87d55ca333f22072,0.0049326858
ck_c39c6a1453e2b92c,0.0042067897
ck_69ff1b0aa143a168,0.0070314347
ck_e57c79eaab35ded7,0.015328649
ck_463ae759e2b6ad1d,0.016172867
ck_0dae4a7eb587f3ba,0.00940954
ck_9b12fb56529ebc4e,0.016136702
ck_1af547077ba2dd03,0.18442059
ck_de13de941bebc7cf,0.00298976
ck_83dde7da2bf647ac,0.003520518
ck_c80a94d4660041fe,0.10672533
ck_f39cfeb277ef6528,0.009133195
ck_1cec1ed1512a2d3d,0.0038048178
ck_7955a359b6448799,0.00454867
ck_8c0955dad13c3ca1,0.017405324
ck_6d4cd2de601a2308,0.0130859865
ck_f4536ba8dd2d551d,0.0131576955
ck_b379c198d6db2d62,0.053800214
ck_76ea90ebc74bcdc7,0.023221934
ck_734f06bd4aa92781,0.006020168
ck_677e1d0c14cbf569,0.020761695
ck_259271c70f3fbcbe,0.043151267
ck_c0b744eb9e7d4eb7,0.007299505
ck_3d41faeb96802f68,0.010508281
ck_8f604fa70fc3c8e3,0.007452798
ck_0b3c3bea0e0ed339,0.008195178
ck_be5df076b8a86409,0.008627848
ck_6a475fe324d7d790,0.04242974
ck_3ba3fa5387bacee8,0.003179431
ck_324b9939d9c1c31e,0.0045405
ck_a7fcf7b592f68ca1,0.019976962
ck_5b2728f7cca414ae,0.0042688544
ck_5f4a25ffd0b85a47,0.011982673
ck_63d4f5076fe4406e,0.0041610817
ck_af528d66c86f0cb8,0.009130908
ck_ac7cdb9b8da7b5dd,0.010415713
ck_3bece63711407e25,0.016519947
ck_d4e0b2a12fcfc35e,0.02823043
ck_ee3e7c9d3a9c74b4,0.062389642
ck_50d7c4dab837bf66,0.0064154128
ck_ebcb93a2990fc914,0.07153506
ck_2329cc9702cdf7a0,0.012331901
ck_db1fa53d588bf99e,0.0137525555
ck_44e57a0bad5a0745,0.011033512
ck_472c81a144f4631b,0.0079021985
ck_1658429acd5306ba,0.010471373
ck_466103ec5bd9444b,0.065878116
ck_9757163e25262b74,0.016096763
ck_34ed59bc2c9b0186,0.0030682965
ck_b7bd3a7f263f4f29,0.0148215145
ck_149662b09d632e41,0.0033690773
ck_a9ffd6b3957bd41e,0.0063775945
ck_ab80466ef615e85c,0.005649891
ck_f2c824d3473db24c,0.008286546
ck_a4a01fd45936b078,0.02804859
ck_8f6ce158c2902877,0.006999744
ck_5189a302cfa7cefd,0.006141045
ck_430a3d03be588201,0.020728623
ck_b5f9dd00914b4db4,0.017152006
ck_52dec82e9cf6135a,0.029967606
ck_95e444a01e2ab4a5,0.011239265
ck_e37cee7b123692af,0.0135325175
ck_d68d42858a55adff,0.016601855
ck_3abfc010091d679d,0.01070727
ck_cee4e4e1b62bf82f,0.02488126
ck_9ccb17c35e636c5e,0.026142996
ck_f72a5a3b0d6c1177,0.0043580825
ck_7508aa554fae6afb,0.1339108
ck_003aa842b7ca1d77,0.6560258
ck_83b2b192f41ee2bc,0.09336258
ck_64796b6b2c3c7f06,0.007473946
ck_6438ae81d43cb196,0.00787024
ck_2bd73d9098504760,0.019937392
ck_aa8b9b36a099e4c8,0.016165365
ck_e5ece47d0dd10526,0.0041996883
ck_16077ac345472e6a,0.016759925
ck_a4d6e152b0076964,0.0047427816
ck_d90b1d03ae151f62,0.012516493
ck_18b36d342b530af4,0.006150596
ck_2a01e610348b84f8,0.0127845
ck_0a93ed76bf36c8b6,0.016282234
ck_3d56b477fe2370b6,0.024919037
ck_17ab3068fa303682,0.015816536
ck_592a3520d841d11b,0.005481507
ck_84d07028b5fca2f6,0.014034327
ck_f4a2bb10afa85743,0.0065494548
ck_4fe4b072f03f2c1e,0.0022603578
ck_9ad08fcc183ea1e7,0.0066382065
ck_130d3848b9dcdb05,0.006811269
ck_bb399ed6bf28c230,0.018848725
ck_a31a64a39a2c4941,0.0058886535
ck_c49f25dfb39909cf,0.013865154
ck_55f50a9ae2db8ff7,0.011061463
ck_09faa4e771cf876b,0.058483887
ck_df520a7a6e405889,0.030333178
ck_8c8c98cc694ac900,0.009780486
ck_7f0c4f609673ef62,0.009742373
ck_f51fe59cd445d2cb,0.0029594162
ck_b3fb83f0d772a831,0.01084547
ck_d6e7e257751c299b,0.01771585
ck_0d362ddb4a1cb6d4,0.019753976
ck_a574a08edaf81781,0.0033157947
ck_a823f5bcb0e4b9df,0.0042644157
ck_f792586ad0381eac,0.018266557
ck_54bfd70022c66983,0.0041764393
ck_fe0a9372c9372de9,0.044295337
ck_5691cd6fdb6d8147,0.009148933
ck_a95f212a02433d23,0.006520389
ck_f5adad75e1c06731,0.027871206
ck_e09c97520eb0533c,0.027755067
ck_a1e13c0d58560340,0.004380408
ck_cacc2ca410cbe80b,0.008125324
ck_c0dde2a6ef1e08c5,0.007908418
ck_a04403073c90ce38,0.003566689
ck_03d3026107175dae,0.026605973
ck_50176dae5b1b716d,0.0024787737
ck_6c084bfcb38e96c3,0.012611476
ck_36d2be9012f7909e,0.014876663
ck_958acf84c6137a22,0.033483632
ck_114722e12db90a73,0.013314676
ck_203c2a22c0c165ac,0.0118567115
ck_2c44ca550e5cfa82,0.017432362
ck_df0a8f20ab8f14f4,0.017388662
ck_826a27ff7555192e,0.0069439006
ck_09a988ebcf062297,0.024617689
ck_5c82444b3b9160ae,0.008162736
ck_f6a4a7ed27fe76fc,0.012407876
ck_17de46314b5c6a92,0.029290205
ck_335e63101b1e6c4c,0.052805223
ck_c5eefc0697451de9,0.057619803
ck_49a0efb5d4067b6f,0.112388015
ck_c1f4509c8f5dac5c,0.0061487188
ck_57658eda1c59bc52,0.0025388882
ck_0d5c0736ec76385a,0.004171785
ck_e0239e6ae30795a7,0.021947498
ck_e4459115cd8e5e4f,0.0069879247
ck_bb4aec09d4968dda,0.14987023
ck_a1b4c96faed3e0db,0.025978476
ck_8247b79ac67aae7d,0.0070329322
ck_fe2fc7d6e5d83f09,0.0036831882
ck_f6aea576cde8d592,0.0058243535
ck_b7e7f7d0cd886412,0.05891684
ck_ca7b993e8286af7f,0.010174815
ck_47de038381a9cd65,0.0072206017
ck_d38f941d09eec820,0.019047795
ck_d9ba2a6c0d926b4d,0.024846008
ck_cda72f597330d0f3,0.008644558
ck_16d2d27fadeeacf7,0.0093779955
ck_be05447853d423a9,0.008984865
ck_cd92852d7376a4a8,0.004454931
ck_2faf7ecccc9fec58,0.0037153207
ck_db8733fd92f20cd7,0.031045003
ck_a9989a3a94c26634,0.011906823
ck_957fb25437c75e41,0.045205396
ck_e6a6caf6e7de17c2,0.014288293
ck_f7bc569b37e8bdda,0.0064593847
ck_703b375dd86a6124,0.013753641
ck_d3cfb3603f2c6ca3,0.033090822
ck_07cb2b6f2a4303e1,0.017414933
ck_31631e2028d4f855,0.0056293523
ck_1631bab0ba1256db,0.00913979
ck_5fdafeaec036f016,0.017358046
ck_6eda4c36aecad602,0.037730023
ck_bd1bf9e3e29de281,0.02302526
ck_bf378ea558a4125f,0.48145062
ck_7aa2deeda0e57412,0.9804397
ck_d229cf7f5a3f38ca,0.004785869
ck_9e109edd124492a5,0.024963005
ck_779491819995625d,0.011905982
ck_b89c6fa2ad0a12f5,0.006738118
ck_1d01b4a609918c4e,0.87472296
ck_714c5d7cb17bc9f2,0.012575188
ck_269f1746f2609ed4,0.0045140013
ck_4be03a2aa62b93c7,0.004680545
ck_cf920313f6dd28fa,0.03537977
ck_fb00aae4e17740c5,0.0059420182
ck_085d8c42739e2b10,0.97541976
ck_c72a7d0d03cf3e17,0.056325015
ck_8f6ca5d3b17eac6e,0.012821093
ck_d9573100bbff4014,0.22068241
ck_79d6793d1d0cf43c,0.010191323
ck_91fa5032f7aff0f1,0.13786069
ck_87110d84872c0fed,0.014399129
ck_8220da627e9992a5,0.011313925
ck_2ae44938847f3852,0.009074582
ck_b0f191e44f9b6f35,0.017808292
ck_3049d744b527f4d0,0.0038256575
ck_47d3e8d1dd3fbcef,0.02326189
ck_ddf787359d2b5deb,0.0023201958
ck_b27a9e39726b26d9,0.008735358
ck_80c4e9274cf976b6,0.97318244
ck_c6afa913168ce8fa,0.010051049
ck_52427b3f8478db19,0.02598252
ck_3b810f15ca0eaa55,0.0032478631
ck_0c9e420f97baaa06,0.6840136
ck_f8540cf3a8b2f8c9,0.035690043
ck_1402d24dd623df72,0.0050940104
ck_eb4f4267e24d042c,0.017699784
ck_6f661b428d6fb8e4,0.0102922
ck_519a26ecf3d29c90,0.014062921
ck_e886ba71d4a6fd73,0.024340125
ck_437f9ecd2016a1a8,0.014434748
ck_f01af1b0c977cc06,0.0067319428
ck_614f777c2eb5d537,0.0071497723
ck_b804e784cde9af8b,0.013762545
ck_c2dccbc1b24b137b,0.06766745
ck_1df4a1781a0f6999,0.012919658
ck_bd2cdd53fca26171,0.0060475594
ck_424c254249a109f0,0.054094903
ck_cf2ca4f286e289ba,0.041018933
ck_6c33cb15b0d8af54,0.005856331
ck_311d395fa9b8550a,0.0090700975
ck_9f792e7e721ff7f1,0.011285541
ck_4c37586080edb7fd,0.00394153
ck_7c4f42c5397113b0,0.040126972
ck_fc418f53ce4aa579,0.90027523
ck_1ba28fb7ef726ce2,0.0044609304
ck_d932f98bf6b83956,0.027572233
ck_248b3659a9239240,0.033577923
ck_6a92cf5f4cf5de38,0.015558191
ck_65519d0fb137e0c5,0.020961052
ck_ddc3fc99eaba2064,0.038909532
ck_7310cda3bc65a73f,0.0052755354
ck_c01c85bd631d4054,0.0037999502
ck_b4954d16b9749829,0.011253778
ck_f301f6758e170d66,0.017912604
ck_9bf95f8c47e7c7b4,0.004676222
ck_c91b7fccf6aeb4a5,0.08822792
ck_785fa45e86bc5e95,0.0051941485
ck_2a65f1cc23f1180e,0.026576202
ck_a49a2c1f881a3560,0.018488608
ck_def344d68f06d749,0.0066321436
ck_abbd1465fc730d78,0.021377526
ck_07a5610ed28162fb,0.0059433365
ck_7ecdee2d7127be8b,0.11496104
ck_67858bc00e81490d,0.006411897
ck_b4ad165ace910222,0.005494043
ck_30753ffe481a1b8c,0.28494018
ck_c401a26725b17177,0.009185389
ck_819988d8a7f26415,0.0026637046
ck_3364a1d9261b3638,0.016346453
ck_c484c5bda389bf20,0.008698271
ck_ae416325fef92c9d,0.44964206
ck_5517b9a865960542,0.005252656
ck_a0e96fed380440b2,0.0069660544
ck_e83409471d2b0b44,0.01376349
ck_127273af97d7827d,0.0044439873
ck_aaa9861c91bd14dd,0.008238459
ck_a378c58294001a36,0.815181
ck_abb9d65ff1f95b64,0.019400783
ck_a5ecbefa849ae569,0.0087068435
ck_aa9953c0ca2bed7b,0.0050548874
ck_40bc6de252865f32,0.0028924677
ck_9fb11688dcfe1513,0.015593965
ck_ba68841ca2ba073d,0.015205062
ck_1d3e561a7d20be0a,0.9481453
ck_99a92d710a29c1d0,0.0059197247
ck_ede2e887697ffac0,0.012215196
ck_e6de67c0d82a7b83,0.012609385
ck_6b38763bf5ddbcef,0.0040071616
ck_8dd44eead7d765a5,0.009386283
ck_30bf5b0056eea9e9,0.09115006
ck_2981d16f8a51a8ed,0.014957129
ck_fc60f42c68c7024f,0.021246897
ck_8e2b2251ee224aa4,0.00635651
ck_1906f0dfaf6e9bad,0.5604881
ck_dcbe6814fc4ca0b4,0.032933157
ck_f7e958a286ae3b57,0.031872243
ck_713649668a7ca824,0.016874308
ck_6f73cdbf9305e2ea,0.005398731
ck_dd1c490050cd9051,0.010933269
ck_e30db36e376606f7,0.34519646
ck_740d8fe8028b5a2e,0.033210408
ck_ebbc9418cd41f692,0.014594128
ck_7b3cc6cc3f250f39,0.012001463
ck_1d30eef7110809e5,0.12247333
ck_77e0589ab339ca66,0.020693144
ck_15ccbf8ff7d14086,0.007139648
ck_246989b0c288664f,0.03581125
ck_fc2a6e27b10b10e9,0.011590199
ck_8afc1112c12f5402,0.0055953376
ck_a76e8d83b9141364,0.017677663
ck_51d3e8dd7465c015,0.0036705083
ck_e7b4016909405981,0.009186451
ck_e7a3cfb9bf908e80,0.0116294855
ck_2bb49dc2388cdc1e,0.023913706
ck_94f4266ee7871345,0.0081706345
ck_b2c896beec146477,0.030311013
ck_fcf5d4a4748cdd53,0.025835125
ck_fd0483639811f62e,0.15176353
ck_9a21d183524734aa,0.03014291
ck_1df4b46c0a4c317d,0.023138572
ck_638df9e8a22dfe0b,0.0034673195
ck_65acc43a6dc3e65d,0.011454679
ck_7c67b73196e3d0d9,0.062374886
ck_b0ee3a98175b462d,0.011495452
ck_20fad010969f1abf,0.008978506
ck_54b087bd873af8b8,0.00558425
ck_8007824431fa803b,0.013278479
ck_23aab322810b9fec,0.0060035987
ck_c8001bdb9aafc8a6,0.003861848
ck_3a34c3ac83cf84b3,0.008937702
ck_60187ac2c473a662,0.9620094
ck_6a0ccd7357979f0f,0.012928289
ck_27f20337bef5ffe0,0.012087453
ck_f9fc468915afe49c,0.022641774
ck_1eabc15a94bd9009,0.012507397
ck_26896c494b2768ef,0.0056623025
ck_348c874eaf0354f4,0.004427035
ck_be9c46acd216b45d,0.010476305
ck_a3cce46d15cc20a2,0.015057997
ck_70804f60d9704128,0.019875418
ck_a019151ca8e7527a,0.046638582
ck_571133b2aa8ead51,0.019861508
ck_0afa4449f20d5196,0.020952655
ck_4d503c41cf4e5034,0.0074333707
ck_d6fb9cc5171e3e9b,0.23750244
ck_05ed92a7c3e10e5d,0.026021125
ck_bfb067986660afe3,0.035456184
ck_c1a31690c8573226,0.008239826
ck_cb88ef3dc1f42225,0.0087562
ck_21e3b3bd998745e5,0.014792655
ck_cf52e46fa54e4540,0.005519535
ck_b72c7ac4208052ab,0.024491329
ck_e6465c56b337e6c2,0.0077609546
ck_5f87eb05d18186c0,0.011059402
ck_263f6c5ff26b5e98,0.033242673
ck_e0b7e2c0bbe228d9,0.01650559
ck_b657ae3c146cb7bd,0.0097258305
ck_abac514d8167ea58,0.3621909
ck_024dcab126876002,0.0071752314
ck_5d8481e2b38bd99d,0.009948806
ck_edf229c17d25dac1,0.06561659
ck_6cb7c97b72d6b5d3,0.0045617186
ck_c96ae2c28086a059,0.011683475
ck_2f241b97c0f8389e,0.0133084
ck_9158bdbb63ee8987,0.00549857
ck_e7b40b60786c1530,0.0057052523
ck_66d38518f68e6194,0.017670931
ck_8c9b57ad2a991416,0.035615854
ck_cc91bd7152d3e9ba,0.031552155
ck_0d846660c7957a88,0.01974356
ck_60896cdac2212bea,0.031266954
ck_dc4db8b932df49de,0.053885236
ck_2dc31db181150e20,0.0057023726
ck_2f138fce1171e277,0.019242685
ck_68b8b859a6ef505b,0.016845569
ck_c3fe0c6c5e1f40f6,0.05590995
ck_15886fe84866de92,0.021805614
ck_ea269b35406473e8,0.0041580363
ck_3ce7cad1f69b71d6,0.00987384
ck_054ed4288ee58d6e,0.04332701
ck_3d4913a86f207fee,0.037812732
ck_23ff85f9d2355e8d,0.009151462
ck_d87ab3261322216a,0.0035705685
ck_fac046ce336fe39d,0.0769096
ck_beb97e498e6cf8e8,0.05334098
ck_1f517e0ebf397b51,0.07986373
ck_0af57ebaa45877a1,0.003564905
ck_f99bc1732ce5e999,0.043859232
ck_abb056a9deab275a,0.018031226
ck_0bfc394c5faa65cb,0.0067567304
ck_ddc865af1dd5670e,0.014866205
ck_68b5542459638b56,0.019152008
ck_0b1d84252c0b46c2,0.003212611
ck_520ec32c4f253604,0.01378919
ck_79ffcfee599d77c7,0.0057940357
ck_eb224c0fd146253f,0.028548919
ck_0e477084434da450,0.0076040737
ck_07840bba5570785b,0.21449727
ck_6b67fe8e310ab865,0.01394357
ck_e2a1068c2fa22525,0.035663355
ck_b9c6b32f6bd92a3c,0.029535612
ck_c1e7d1021ae58f00,0.007418391
ck_5d7801201749ffde,0.018116843
ck_c8806749e263f70b,0.0064262603
ck_c9eeab826781dc91,0.011007911
ck_309a432c160a17b3,0.0038069838
ck_b22e3337b8e3dbb2,0.008103367
ck_79c30169c71b8033,0.7563482
ck_5a6593d954085775,0.009735953
ck_70b9b79ea1aacba8,0.016047975
ck_63743141ffa11f45,0.0071062157
ck_dfd3dbd0d97a642b,0.010106035
ck_635646a661f05b4a,0.01299914
ck_4b123d6931b6d0d7,0.29075503
ck_f2b0e7a47f442557,0.26726037
ck_1b1df006b81d38ba,0.0074467193
ck_360237c1bd30f4bd,0.0031673203
ck_5e84bca0e362da20,0.015266361
ck_142dba210ed2f3b5,0.037544124
ck_a3564236069e3524,0.0562887
ck_cf36d8b070ded782,0.00805382
ck_ddd6625c5eddad70,0.006596186
ck_ad54292a0b2f44ef,0.021813208
ck_45cd5ef6b359e9b4,0.0033744196
ck_982c2392238b7be3,0.41372412
ck_083e4ac78685c3bb,0.005292305
ck_729cc0b46cc2e546,0.21740828
ck_f2b8995fe5402759,0.004661993
ck_73e24f5a8da289b3,0.025877504
ck_bd85f30c36f5998d,0.065526955
ck_ee4ff3aeadf912c1,0.010844428
ck_63d2978706e193d2,0.016969498
ck_6a0684436a1e66c3,0.062307432
ck_182dc4a2f5a366da,0.004270286
ck_e6fecb82fc2a82de,0.0044818316
ck_cfb06f07394dfe64,0.004897247
ck_7bbe1dc8add17ef0,0.008186404
ck_5cacad76e02c8e3d,0.47150058
ck_ca68dec0c7df5a12,0.052721106
ck_e4c0fc52c82065d3,0.004702611
ck_f9197b070416f443,0.004495097
ck_2a07c7021b71cf65,0.007892567
ck_4fa85cebf707de2c,0.005891178
ck_0063d2a9507467e5,0.0122388415
ck_ec986285fff05b7d,0.008598052
ck_279d43303708109b,0.0054890974
ck_a406bf11e48cf8c5,0.06734486
ck_064b2aa3f0bfdb6e,0.0040552276
ck_95790440bc4bd2d0,0.008542699
ck_70066eea13b4c34f,0.008708206
ck_19468fe07e26f992,0.8827568
ck_86bfe328e0a533b9,0.69910383
ck_ace3b96c977a7560,0.13830076
ck_642344e5c652d8df,0.0060181227
ck_074be35c951ae10a,0.0076261447
ck_f14dce41036486a3,0.9867582
ck_5cf67a3a747e684d,0.062103022
ck_f7285b92648c1c81,0.0050259167
ck_bef3193f124fca5c,0.13542522
ck_05c4dcbb45de1f8d,0.025473153
ck_d7c28eaa05bb7144,0.007520145
ck_320df984791a1b99,0.008325903
ck_f45bad1606fa00a7,0.0060579013
ck_6f81c199e986d9fc,0.0037722834
ck_d0c9633fed57c344,0.2525655
ck_a3c25d6cc7478068,0.005877688
ck_4185506d12cf9fa0,0.003414156
ck_7a02ee1bfba7353b,0.022908319
ck_1b52590757c0fbeb,0.0039190226
ck_a0e5656e1cf9cbf5,0.0035427778
ck_ace21f6daef94f6e,0.0052013355
ck_646d8d0834782d6a,0.24981444
ck_1f136a4476b5e775,0.008756569
ck_325c7643cce02da3,0.14021663
ck_9b5e7fe28208f5d1,0.004827206
ck_05d81b1a150f31c5,0.013139573
ck_0e9ec486bff403c5,0.012115317
ck_ee13c091bc379188,0.009099446
ck_f7a7f8f5903617c5,0.012633149
ck_96c3a3517153390e,0.014224766
ck_538dad7f096458ad,0.0034131452
ck_8758fc6622bbb7df,0.019351175
ck_f7e53af3c91fec64,0.0065623187
ck_80b50fad7f255e1d,0.009551403
ck_9645e7adc08631b5,0.013054881
ck_e007aedbf37d6ec7,0.008911884
ck_2951d76c41de2569,0.032385632
ck_9439bff87e616d4a,0.08106407
ck_a73045e96af0e4fe,0.011565658
ck_7b382e533e2e925a,0.018851303
ck_730226c2d216cacc,0.040016994
ck_bdf837d761a7cec2,0.064203784
ck_0b34197335ba3341,0.0070352843
ck_49170c4b31a20f5c,0.01092276
ck_cd553ba6589d8bfd,0.007902767
ck_56b992c6f136fa5e,0.02302477
ck_8beae3d7328fa41a,0.026397955
ck_1a065ea906ae3d6a,0.027954847
ck_e9e3381d5e0e5051,0.0042414363
ck_a6d4f998dadc90c2,0.24894217
ck_d36733da917115a6,0.0118089905
ck_e738e920bbd74a7d,0.009958062
ck_af65eb885a51048d,0.003613992
ck_73f4eb09af29b1c0,0.009081578
ck_8fc641b1750a2542,0.034388095
ck_41b954c7a948c060,0.0508005
ck_25fc3010e8a0f6d7,0.097691014
ck_a2624e0387974e0e,0.008719867
ck_5cb9d7b2329d5ab6,0.020201258
ck_6c83aa1d100a7cd8,0.009715902
ck_67025c64588abd1e,0.007940289
ck_f5dde68f6f0468e1,0.012414369
ck_46bfb2cfc29a6d2e,0.1600118
ck_49dddb894d33f6db,0.060698047
ck_f738b633b8862d18,0.0026510668
ck_3d6c3c00d854f5a4,0.022250388
ck_cdb8061d8d1a6c5f,0.011273348
ck_5e1b81848718bdc3,0.0069550923
ck_8def763034187436,0.010015211
ck_8f8e4fb9c6190272,0.004620393
ck_368b968b5f33431e,0.0058920626
ck_ba7e347251ea399b,0.011024442
ck_9075432001a64e75,0.007318967
ck_73c5371635aca173,0.53743845
ck_81793387b38047cc,0.012497159
ck_0cf220816e320ac5,0.0032813733
ck_820219bb9c761b52,0.00969369
ck_70a932ab39d86a24,0.0138103
ck_2c4be237a7ed79c7,0.008753937
ck_acc764b49ef02826,0.3723223
ck_74c3c3452e4e7cce,0.0054591508
ck_34dfb57e5bf31d2f,0.012022899
ck_6ec39903f765956d,0.021092337
ck_5986119e7d81e831,0.015733816
ck_2ddfc948b8eac752,0.60891056
ck_921ff5ceaf40a968,0.05366678
ck_fb3b68b4424b5f92,0.023621272
ck_c3db1b3ad4f16679,0.006978534
ck_124a197be41687f5,0.008825375
ck_c58d9151834f5bad,0.018344946
ck_389607982eb6b701,0.8533864
ck_fb0c138c003e933a,0.0065287533
ck_50d0bb7edd8c69c0,0.015452093
ck_c6cb651149dc9a8a,0.0070378655
ck_81e21354e477eceb,0.027114196
ck_7696e38b3e4197b0,0.019055506
ck_586001d3ed9e7fbc,0.0035780491
ck_bba413492dc46f2a,0.0061386535
ck_95b894380ad2702a,0.037742153
ck_277621473369614f,0.9847305
ck_a50621b5eeca84b4,0.009277655
ck_bfa7ba218b988cde,0.01600211
ck_5ea89567dfe78e4b,0.016319532
ck_6c679602a6476ab2,0.04162921
ck_d3885e286b3b11d2,0.025779946
ck_cdcf6671b37c9c92,0.012148916
ck_b5c93e6d34f8d366,0.007479342
ck_c24f61925dc158d5,0.21902673
ck_cd09375e6c81d2c4,0.008642711
ck_a95afc7a00303a26,0.1781564
ck_8e89ca8b39f3f8ad,0.01697669
ck_9a84b396aada3fa8,0.046570837
ck_5124a2e415384945,0.023769885
ck_d66bb1f063357f99,0.017327508
ck_0fd9312411b0ac55,0.019018654
ck_ad8cbe6e27e47ede,0.014706887
ck_8398adeaf41f9cae,0.0121994065
ck_dcf851e7bb5855d0,0.0038371084
ck_9affb0f26776b642,0.03155159
ck_f0424b3b36bdbef0,0.015399908
ck_66746d1090d6d9e9,0.012864899
ck_e5f8c8a5824db594,0.010191805
ck_3e91dcc209431984,0.016700005
ck_126a82e8d42e5ce6,0.01639548
ck_38e4a74ab256e2eb,0.010940945
ck_1225a97fc413a419,0.010501219
ck_9b5ec0f78e160e65,0.019091425
ck_7c5529bcc079600b,0.014455289
ck_29640fc2fe81c251,0.031882852
ck_160e9ba0a3f7c1fd,0.010961603
ck_bff090cb4ab76b9f,0.25353584
ck_aa06ed358e43db69,0.013225491
ck_7264486eb512d84a,0.017623978
ck_f5a32e6160b28379,0.013527502
ck_4ba8bec14c2217e1,0.0070242668
ck_610815786d729d2f,0.09362638
ck_e267999226b6321b,0.011048163
ck_f3996a3c8eea1ea0,0.008367877
ck_e9b75ed7567a3f23,0.016857032
ck_d21612d48bb4f7b8,0.005011221
ck_1f871df76c6a995b,0.06529412
ck_953bd5de48ccd70f,0.1918147
ck_02a9104419a6dbaf,0.017010901
ck_1eeeee651e05d535,0.09264859
ck_e2ab04136a442a98,0.016131578
ck_f0d806624ef3d359,0.006048706
ck_4b68b38c1b3326a3,0.011553008
ck_74e60495f8861156,0.012253672
ck_398f3f4cf05c721b,0.010917528
ck_f761b7650a0c1a85,0.2481467
ck_7dadef33f5e2d94f,0.9292621
ck_6ff6883633b8c7ba,0.0062707467
ck_4d2159603045109e,0.008964389
ck_a38bd07a5fac5c9a,0.016435329
ck_f517f06551e69507,0.0063075195
ck_a7ea00a1760ad561,0.97570443
ck_31fc51d5a3dfe16a,0.010011444
ck_bac5233623b25ca4,0.0091917915
ck_385188ab27784fe3,0.036253013
ck_9947a323bab5cacd,0.026457021
ck_7973edc9f22ee7b6,0.014999249
ck_f97c477986043755,0.016876714
ck_1a3fd2cc4b4de196,0.002989463
ck_e18ac29ea62cb435,0.010925115
ck_9720a472a3e0140c,0.006002199
ck_668c7fc7d7e47c0e,0.013254011
ck_214af0806470ef48,0.01545163
ck_a46c1773f01f0be7,0.108247705
ck_f2bdcfb4203ffdee,0.049070578
ck_40e84e6ffe788a4c,0.028338382
ck_dfc6f5712d8d6678,0.108783886
ck_01ef1036b2e66a4b,0.01086424
ck_3acfec10eec32f9c,0.0032983283
ck_084a85145c15ed77,0.012718276
ck_fcdb4fe2f095fba1,0.036455933
ck_023908db0a193076,0.058162447
ck_fec0ff92fd622253,0.0066725835
ck_c009c97d5fafbced,0.04030725
ck_eb9f0c06ee017ee5,0.0068341102
ck_d7792b429620fc24,0.0051778923
ck_5e9e149a3b69c726,0.004565416
ck_ce927322ef8f651c,0.011167868
ck_b8fd61a8e82bce32,0.97608733
ck_9aafc33fba1474cb,0.007790095
ck_ce81ff9b8b35562f,0.05256705
ck_25bfca1d8eaa152d,0.006977771
ck_170c65860e2a7e23,0.07541777
ck_952da7ca9f33decb,0.018700724
ck_1ebd574406235957,0.009151462
ck_589109a188adc2c1,0.011527976
ck_f0cbd5383bb07778,0.026112426
ck_242521e261148fba,0.003758387
ck_509cece86a558de4,0.025000129
ck_0dd7c5925d28755c,0.011447554
ck_a7e669cf1c3985aa,0.007185343
ck_acb84dc2351eeb76,0.012561128
ck_b837c7dac2a9b931,0.015719911
ck_18eb1f9181f95df4,0.0029816325
ck_b0b9047dddb1ec84,0.008688043
ck_43aa136bdb0a2832,0.43630934
ck_3e47f8c56c811700,0.020149851
ck_77c587d24695ea15,0.03211079
ck_20578ac693ea4e93,0.0148048
ck_b9f6040eebd1605f,0.024457071
ck_ca9d86f65cfdf018,0.036947172
ck_a4fa8833995c716a,0.024768554
ck_f589f1e29301b5fd,0.009185735
ck_961ddb8ff55d868e,0.007198738
ck_5662492a54e6688b,0.32199556
ck_ad48826c1c26eb78,0.5238975
ck_621c9ddde6bf2eca,0.0061546136
ck_417a3500b2c717b3,0.013279316
ck_c7e129058beb3ac1,0.0131258415
ck_ec1c902b9b9b9c5f,0.060019415
ck_317360ec0a67d27e,0.07797617
ck_3e3ea5d8c4a229dc,0.013689304
ck_d11d27de7bf0b973,0.00776393
ck_d37d56e931105db0,0.017096251
ck_4863077723cd6ce1,0.009805992
ck_479a065d5903e9c3,0.0073658046
ck_e66ae4fd586fedea,0.0050371694
ck_192bbfd0d5720134,0.003287328
ck_3b436cb29af99f3d,0.010891904
ck_7c7ca54969eed187,0.05373837
ck_826ee896c9f1144d,0.11047099
ck_ba1f6dd43fc8a0b1,0.0061128307
ck_49685deb63e4e8f8,0.009668874
ck_687ab5d5554bfa79,0.015755098
ck_41346ccd9242cc8f,0.003870459
ck_8f8e5e2b9dfec3d1,0.026715253
ck_94d5ce61a0c50465,0.011798762
ck_6b954c75aad8c012,0.006342359
ck_748af92828c9d288,0.0045046685
ck_dddd14091ce812c2,0.006043749
ck_723323f6870fab59,0.012653524
ck_dbdf8d0708cc6718,0.0055637136
ck_f04938570a154de3,0.007278341
ck_58afa1550b3b5294,0.012006768
ck_3b150afde386ecff,0.01499996
ck_666b95e75d99ec4e,0.8340222
ck_e00332597cf1eb24,0.013503116
ck_9a9e3dac79280d7f,0.12544666
ck_e8d37262e859d9a1,0.010176063
ck_895bb39d24bc1c4c,0.007448535
ck_b367449195e36499,0.0050887545
ck_d23f9a50d1135ce1,0.033255838
ck_670dc4910cf476c2,0.004264562
ck_3ecd8a5ce65e21ca,0.0034673426
ck_8584fea2df4c6317,0.0236336
ck_0789ff4562202b20,0.01122681
ck_749e0e50c3907be8,0.015294557
ck_c3ff6790cc6d7e34,0.03235591
ck_75fb7e56432ee4b2,0.007923722
ck_529fc3170fd11abd,0.11561763
ck_34a69b3b4a681796,0.17702389
ck_255f0e5888ae9e23,0.03116403
ck_65be698386474170,0.010769104
ck_5eec9ed855c26000,0.018479122
ck_5ab39bdc9610f6f3,0.42884883
ck_1b5b75762f033462,0.0069023445
ck_d3e208671cf37f91,0.7208034
ck_5068ee554ceff971,0.008988817
ck_d7d50fb57fcb2d0e,0.006553431
ck_ba6e1115fceaa067,0.020538323
ck_d07bfb16a4a7dac0,0.7197645
ck_ead68310311690c8,0.043349806
ck_ee53ce862bc9c111,0.015414033
ck_97e56e6037024dff,0.0054344507
ck_80b04344c98ec072,0.027319632
ck_5954f45a2ab45f43,0.0100516
ck_18ddf7e836256e3b,0.009807367
ck_89a1a780144d808b,0.015565479
ck_a7331e8b808c39aa,0.05195047
ck_a1fd0ad03ff9b776,0.03299146
ck_c0cf50eef030b401,0.0045578093
ck_074f20921189e7d6,0.0054128626
ck_e2aa7be60794593d,0.05355971
ck_72771757dfb7f7a8,0.017494552
ck_a9cd84a6dddfe584,0.013011411
ck_142c00f9f8557504,0.0235034
ck_221b5d40358230f4,0.008902935
ck_a2d7a563f520b7ea,0.011589908
ck_66cd34bc568d95e0,0.010660786
ck_a17128972d3e507d,0.005812143
ck_bda299466bb2136e,0.011754168
ck_2b699066665abe8a,0.0062309224
ck_0ac9848bd4ba0c14,0.007954959
ck_98d2f9a6ba3a3077,0.8462053
ck_a872df31b28a5f7f,0.05539066
ck_7e73e1d44ce82ed9,0.0057650763
ck_1a415416f620d49d,0.054681074
ck_c95c786d2f8b8edc,0.007622086
ck_e45012f22b7f91d5,0.0058958735
ck_aa0b083e2a6813eb,0.032419648
ck_4666232ddbf77756,0.02678614
ck_e08e9c8ec5f23d8b,0.0068127657
ck_31d4c0518e5f52c6,0.00614855
ck_c1ab40638f04cb02,0.008951926
ck_4c1fdd1669c7cf51,0.023612428
ck_11662cc7940ffc82,0.025494985
ck_2e679af24adedac8,0.014849678
ck_454b9e21b7f25a4c,0.009293043
ck_355c4f29089731e8,0.23420137
ck_507e40760a24d2d5,0.011623162
ck_0943e0f305078e34,0.9721271
ck_abc54ed7111e9ed1,0.014349961
ck_a60fe02fc04407a9,0.060004756
ck_244b897bb4d57c1f,0.008136861
ck_8c84fcde93a04334,0.111727476
ck_9eea37d2de633b27,0.0637433
ck_b2cb9e6610eca967,0.0066088466
ck_09aadb4c41b166f1,0.06077324
ck_8d94fbb4828ef326,0.04267182
ck_089e3a07abbe3b8f,0.004656111
ck_dfee9de05e3971cf,0.026990449
ck_6abf8302ce052451,0.061020847
ck_6ffa90143838a4a2,0.00873888
ck_325caeab5c7a9c3a,0.004403864
ck_1964ee9db929a173,0.8344548
ck_942b95988a6245a6,0.007737768
ck_913ecdeeb8e21a9c,0.013033591
ck_ecf9794349eb4b3b,0.032337826
ck_b6cb8d6ae828eed1,0.07415601
ck_2f82ea66c4f53b33,0.062931284
ck_6e676daa4855b58f,0.013149878
ck_2a37fef48b44e9c8,0.0063668825
ck_3bd12d468fdc2450,0.0066646086
ck_1a28b6a40a6bd3b4,0.016275575
ck_61b79dec96d15713,0.0066896086
ck_31d5e3daced93d3c,0.0065265982
ck_e6c8611c0cf233d7,0.018440655
ck_f04761b4a937ac3b,0.005470901
ck_38c1c75cf055031b,0.027580429
ck_59a561f3df01441a,0.011864162
ck_04e40f556a5062ef,0.0057138773
ck_8409716d174635b6,0.10529568
ck_3019afee83342701,0.028316792
ck_b51a58e7f032c9a8,0.06012506
ck_5043e474f848346d,0.01850996
ck_4388abce33ecd01b,0.27067056
ck_c93def7392f0aff5,0.047127273
ck_72e7b1acc19df820,0.2084263
ck_f253130dc3ca5b3c,0.0041265152
ck_eb264d1b180d4b4c,0.20721292
ck_c2504f5a113433ee,0.0029679677
ck_c16ab1e4dafb4910,0.037202545
ck_4bc42878fa180991,0.013415255
ck_1c771a7c78f6622c,0.012069576
ck_d523f0e50a2747ad,0.00284318
ck_9060f4e7ab7a1b0c,0.009387033
ck_6b55ec4e87a5e22c,0.015365745
ck_55fc62a5f89a7251,0.018484239
ck_bd2545c62f258231,0.037325535
ck_1ccdc69d0bb712b4,0.013311775
ck_710f867a3bd5898c,0.03372164
ck_f91d48c40337d375,0.015878895
ck_f76d929541ed41dd,0.036743645
ck_e26a6659c237b650,0.00919339
ck_184983177b73dea5,0.017678954
ck_6d0d081bfa8a0022,0.019670352
ck_2f6e64f638da0f97,0.016828598
ck_15b93103ccd38609,0.00705726
ck_094d10439b7b4eac,0.018652968
ck_d2ca47180a926ba2,0.01646962
ck_a69ca7b9d70972bb,0.0024062686
ck_68914e67343a7d32,0.0056107147
ck_8176616132458c0f,0.0125865545
ck_eee99af3598311b8,0.030857995
ck_94410eedfca91304,0.039891932
ck_cfb11a0a2325bff5,0.003574822
ck_75217ee144b715f8,0.041539643
ck_d56fc799542299b8,0.0035269256
ck_4c352dd3e7c81269,0.023809364
ck_e23e50e02cb3904d,0.014024705
ck_b921af37d500e139,0.008388176
ck_82181b935360dcbc,0.94862616
ck_22a7cf3b99c5e5fd,0.011948369
ck_f67ee7910d532216,0.01396253
ck_5f48762a14a0326f,0.011373246
ck_1757fcb0e6e3f88e,0.056724858
ck_2c2f080ba185016e,0.028143119
ck_4c25570eb72711b8,0.017569244
ck_a3be871ca22ac416,0.012267715
ck_ab70961e7c6695b2,0.007105936
ck_a1cdebfc42a52448,0.0056412076
ck_f1b80b821a20186d,0.023344034
ck_ae668e4564cd2aa1,0.016854892
ck_0e2bc3a5afa439d8,0.022010366
ck_3dc378f37d0b74b8,0.011485449
ck_9f9555197480d1cd,0.0641089
ck_bf4e7d48770a4a8b,0.06618399
ck_614ef655f0685060,0.0073516183
ck_04d2ea38ee27770f,0.011367441
ck_e03a9d8ac94161d5,0.009903439
ck_d4007b5b26d9d854,0.004653897
ck_2dd147ce6d61749f,0.015578974
ck_ff45764ea7d6619f,0.007719122
ck_dbc487cb0a6c18da,0.7542789
ck_791d5392bbd80447,0.009866244
ck_b4068439c413b150,0.08533764
ck_85df7b7de9700aba,0.004209503
ck_001e42551cd06e40,0.009106492
ck_a6c02ae50932cd9d,0.010521433
ck_9fd0be2c018ff5e4,0.018413968
ck_32a495128395fde5,0.006423938
ck_b6f2a2fd232c141b,0.20954409
ck_28dde633692904b0,0.029062267
ck_a1a93c5f375f6021,0.013102661
ck_e3982142336782df,0.008520551
ck_a9812ff3c111ea94,0.015344254
ck_f04062216f95fa00,0.0052362704
ck_7c560467daca735f,0.0021048007
ck_76ee10d6e2dba70f,0.05682989
ck_3521243bdac61178,0.005244732
ck_28588fb03b320520,0.026549637
ck_580dcec33ec232b8,0.037299287
ck_7109923fd7dab20a,0.011762246
ck_7c872c99481c1e9e,0.0055271387
ck_46f4e1f5026f4d1b,0.0032590632
ck_00d1ebc31ec4653c,0.030267084
ck_aac70764dde15168,0.032085665
ck_648c03f9aa4e45f1,0.00696365
ck_5478eb69ef912785,0.048113856
ck_79b8523137bb2603,0.026658656
ck_795c49f312640019,0.0045691123
ck_89184bf7b7fe41cd,0.40185356
ck_97d4bd922996fa10,0.13414618
ck_1cef30d08f3a598d,0.005527479
ck_2f9fd36a4a40a6a8,0.0069913473
ck_40780fc0f8d6f309,0.011401423
ck_9083ca9fec2a7f4c,0.0040180082
ck_62081bc35aa59931,0.009975482
ck_2e1b46c5fc56b863,0.03994952
ck_3d139692c51b604a,0.02719489
ck_b5e54e22e3d6960a,0.0048062187
ck_c0c4be3f44311b04,0.007913436
ck_82a8bdd2692c2a5e,0.004411357
ck_bdd2da300b530c5a,0.0057685925
ck_ee40498cd97183d3,0.005616376
ck_70b9274473bd6dfe,0.0031863085
ck_473d6314ea614b29,0.0066326815
ck_7443d6dca8cd1352,0.015718404
ck_3b49768b448b071e,0.011583994
ck_b43f04431c267dea,0.0067185485
ck_4424a5223ba2fe00,0.009191601
ck_819bf3e8231f4081,0.015710557
ck_91d417507a8c58cb,0.13462418
ck_e88e86b19cada4aa,0.026506126
ck_59684167f9c6bf4c,0.026102794
ck_d5f5b0dc97b9dc27,0.29294756
ck_13d1b192bbff8f32,0.006685234
ck_b21d8630387cabce,0.0026100024
ck_e4ac22046699b99f,0.010973707
ck_74b848064f2ff45d,0.0024320115
ck_166aa980cc87fa77,0.023913303
ck_98e337806104dd88,0.012622109
ck_66eb09be007f0755,0.010981447
ck_3ec9b9d8dd7be11c,0.013033113
ck_8b8b9de339d75d0b,0.0063397386
ck_6715139e240007d9,0.0028755588
ck_a0255ab46e122d2f,0.025707047
ck_66e81a4190c33510,0.00932633
ck_5d75ea4f5c9080bc,0.034988783
ck_df69858b8a8b3165,0.0147652505
ck_e15252ebd7553422,0.010481042
ck_34d6d74bb3ed11e5,0.0055002263
ck_c2608f78f6851d10,0.011629545
ck_bb99071e8f58c8a4,0.044461027
ck_06010f0df5b7cef8,0.022824401
ck_8c582eb0f6c0148c,0.0060129077
ck_0034d010d28aea78,0.007510581
ck_01c1f06692566ca1,0.0077856514
ck_4807726e797fb893,0.0073658046
ck_edc9668282e3c8cb,0.01895688
ck_5486768475af7bb5,0.61413497
ck_3fb9813849e51837,0.0102006355
ck_861af5a9a9a6d619,0.0053484715
ck_da39653add0f1109,0.0057354025
ck_74a4244eb1f162e4,0.0036720799
ck_9a930faade55b8ea,0.00715177
ck_fb6e06ca88519dcd,0.009017382
ck_9776cd8263a9f415,0.01876348
ck_b3dd1198ac5aea73,0.01589761
ck_b6675a04df1a4276,0.021294605
ck_5c7ad6e731b69333,0.2575345
ck_28dc0fdbaec00580,0.09595399
ck_8e7a32f7e3905f4e,0.0052332287
ck_8563fed6674afc77,0.009908364
ck_9a2fcccb82da663e,0.0041771196
ck_6a519bdac0d94527,0.009265952
ck_a0dab7aa9c4a39a9,0.01247255
ck_a3ce05e9e5e32142,0.0062222923
ck_7a7e40ee3f97c035,0.02532925
ck_9e9a830785112a73,0.013420733
ck_ab1bb02f6b189304,0.021492086
ck_7b8cb0f90fbdc8c6,0.006303845
ck_b138fc249e659e60,0.01320264
ck_e73caa3771ec5e0f,0.054935634
ck_18a55b06ccccd88b,0.009636059
ck_fdcb1d9265d8fec1,0.17288399
ck_e21a900556b382ad,0.014821417
ck_c6bf67470f526771,0.009077241
ck_b568ba3837afb39a,0.0025531568
ck_a2858979dd5645ef,0.0024001205
ck_1da9d40837ebaa57,0.0150436675
ck_9341c7959543c542,0.009922675
ck_c8ad86806b9a2369,0.08099785
ck_5c85d93ecfed4b0e,0.023497416
ck_f07b09879d697b82,0.008718317
ck_fe43da07608b1749,0.0077536474
ck_4bca22b5926b9c28,0.002880395
ck_aba573aa942b1d41,0.0039033305
ck_57c14e32fa4683bf,0.006866824
ck_891530b489ce402b,0.011080685
ck_5e74fdadb93ff293,0.009571239
ck_14436a409ebcc90f,0.007282729
ck_00013fdfa0bd37dd,0.004740455
ck_7dbe24ba01316775,0.037138965
ck_0e3f80c1553c591b,0.013658679
ck_3edc45db58760d76,0.0052179843
ck_29076a13f539187a,0.26822826
ck_b1e81b58b9a545ce,0.045963626
ck_3f8571d4f7420b2a,0.01971153
ck_7dff6abe4bd644dd,0.36279905
ck_2884bab237af16b7,0.009263282
ck_231e6dd1fe708000,0.03225661
ck_33ecaa7b892e73df,0.0061471392
ck_b109ec4c63503030,0.005190693
ck_a7f522382509cef1,0.006543554
ck_748b3ea941d8b3b9,0.025598556
ck_29f3a1737a2d9634,0.01761513
ck_cee8d42475a0f020,0.0044097845
ck_c6b6ebe145a8ffab,0.02408365
ck_21c99e1d6b881894,0.008194665
ck_5ad798286384484e,0.009063248
ck_b621b6ffcc7f4848,0.00759985
ck_ea819e337233475c,0.02136482
ck_9e3896c2668ce06b,0.025908103
ck_501dcf1ead036d2b,0.14996314
ck_8d5eda29a2cffa3c,0.052077275
ck_4d3aa36ff83f1132,0.24874268
ck_8e9faf94e3e6c757,0.0062412387
ck_ce0ec41f96951048,0.015736254
ck_f09165d73ee903b1,0.0051845405
ck_a432b1bf1d3b3d5e,0.5241434
ck_ea618f720ff0b4b0,0.011789515
ck_7584e7bd755cb28a,0.0040162266
ck_e14681aad43e1a72,0.020374516
ck_5e18870d8e30e379,0.006019586
ck_ff7c26a62bda8089,0.012115558
ck_cc5a35175d381d5a,0.02654376
ck_3c25029e40aa8a84,0.006727133
ck_771247b5bc16c12a,0.0028419555
ck_664b5e02759f985a,0.005115515
ck_692a9e8f504b9762,0.0022508886
ck_df8ad2deb0a4ffed,0.019148516
ck_eb48c0bcd12ea654,0.009611377
ck_7c77e597c951cdad,0.019422023
ck_4f75144c6f3b13ad,0.008720386
ck_1bcff399166d7c43,0.0028764259
ck_975c2aa3d4a8c51a,0.0053738146
ck_bc6f07b06aaa4ce3,0.29924774
ck_80b072b7f3c7e8e5,0.005325379
ck_471e4018a23b4e56,0.03793329
ck_53cddfba570b4a3b,0.009257078
ck_630530e50764f229,0.0071132947
ck_dcef7887a4f1e435,0.022012552
ck_2795921a055643f6,0.0049570166
ck_7456df89f3792235,0.0070291404
ck_5014a3b07e1f049f,0.38359994
ck_d4ec44760cbe03f4,0.008331373
ck_96810ad39d4cb7b0,0.013077381
ck_3222ea25aa29bfa6,0.010804415
ck_f6c42001b84a10cb,0.04383347
ck_5ac86682385c86b8,0.011003785
ck_4280c33af57eb4f4,0.00767249
ck_05f79ddd8eefaa56,0.011439938
ck_3a57a13ce032a6fe,0.010825564
ck_a721f0d635fad68a,0.004745033
ck_a3f821bdf408c326,0.0071117184
ck_0ada63008be5685a,0.014249635
ck_8c949bdc6e8720fa,0.06322691
ck_c0d2c56f9c722e99,0.92314005
ck_5d2b9e6e087b8dfc,0.9867676
ck_5217b55593a332ca,0.08874362
ck_7a7bb9be5a7e48ad,0.008107949
ck_24cd0d779e866287,0.014608475
ck_7367917891a63771,0.01582004
ck_4b31a8862a857e6e,0.69714195
ck_81429c4910ca46cd,0.0055448087
ck_b35d803568f82d9a,0.01123811
ck_4b00e75c2d2d0522,0.005741935
ck_77fced07f6dff42b,0.0059720986
ck_3c9a06eb07c300e4,0.0027729757
ck_b3867f7f494db64c,0.0030973153
ck_0c45e54897ab34e2,0.011754561
ck_507a6a580ab55c76,0.04187253
ck_291bffc7809f896a,0.005233462
ck_3753cc5b9d02e2fd,0.002877174
ck_4f63d5245b3ac1dd,0.011556221
ck_9dfb2ae78659240a,0.013325467
ck_90f6f5ced708aa75,0.008697354
ck_8b5b5a6b5539e39b,0.9150421
ck_4719112b55d20161,0.0056584673
ck_fec888a7108ca52d,0.9740751
ck_4f5d022c99f118b7,0.17391898
ck_e967ff05514b697b,0.041949924
ck_839ce35819bfa4fc,0.0039948067
ck_bdee1221b9addff8,0.008103168
ck_9cde4036d0914427,0.010778419
ck_5ac959cbcc5e98f3,0.006464188
ck_619842688294dabc,0.008350664
ck_7373d7b04c7799bd,0.007605866
ck_c1dd3feb9a0b6471,0.0066372575
ck_0324a4812ec319c6,0.010291764
ck_7f3685aa2933b251,0.044670716
ck_06aee5a62a67a84c,0.093695395
ck_3428910b44b9d08f,0.03556666
ck_c3ba7534cefc1de8,0.009376724
ck_1f1273a67cbad5e5,0.16316321
ck_124565a11b2f8bb8,0.009934951
ck_38e46bc861e0165b,0.036983125
ck_c8ad3f01319c065e,0.03806664
ck_3f94a34f5038f7c1,0.17703581
ck_cee56be5a502fbd1,0.19003615
ck_2b90b76cf4d162f9,0.0147652505
ck_884b2e463ff1d54f,0.016449464
ck_fab4f2f8531b4827,0.009673829
ck_4fc6256e0e60a926,0.061290715
ck_0a2f8b2f8a5b6f02,0.0046997173
ck_9c0deab8a8367c5e,0.00455898
ck_d3a2a4c011fa2554,0.011313919
ck_4108b4038f762817,0.017980788
ck_4df036e2aa7e1056,0.0052534887
ck_ec094eb1cbb3efc5,0.013797934
ck_09f8f51bfd2492c6,0.0068467376
ck_b60fb9a10d6f4489,0.010888391
ck_3638bc3388dbc1bc,0.042733442
ck_7a58e0cc9943c39a,0.019557184
ck_37dab6a0a536ed49,0.023969008
ck_adc576690df5b33b,0.024634968
ck_1383b2b1875000f2,0.014732172
ck_43c1248db37a2eb0,0.003080841
ck_29c11bd68858e923,0.0048254747
ck_9401f9e11f65337d,0.0802407
ck_ce5ed372b1a2ed6b,0.06620837
ck_08b4619490e751a8,0.39501515
ck_44b9125526acb05d,0.004444295
ck_ef1a1de20d2124cb,0.012233166
ck_e5e2624b7fc89774,0.02990876
ck_f5100511609b92c0,0.00381874
ck_64f3bb17101b7c42,0.005632612
ck_ea1e5b5128ecba2c,0.011690602
ck_516163fcf04d5e77,0.008701047
ck_7f9a748110d70005,0.012314849
ck_d263b55f0a681cce,0.023825077
ck_0e962eacf98a813e,0.0033994638
ck_0406931800e0e2e6,0.016618313
ck_0e9b982afc88a3a9,0.984726
ck_8bbb625384edebd7,0.0042167953
ck_5eaeb87bf6207406,0.89727616
ck_cc3318839c4b0745,0.008904257
ck_08a0355d1f1890ef,0.010417331
ck_af7ffd1a822460d3,0.23914424
ck_2a09c7aa870edb6b,0.0109005235
ck_bc04f51c23290bcc,0.0043912814
ck_d3a8333cb389f4c6,0.008080412
ck_88e3dd3039508332,0.013339569
ck_b8c7771de9b57705,0.024878679
ck_585ababa02383b50,0.007814476
ck_e988c108754cee9c,0.010315697
ck_4a691892d9d6cf89,0.015588748
ck_7cdce37d895eefb8,0.003726002
ck_483fb981a1fb4317,0.0034122325
ck_c1e5182bd99e0e35,0.18213429
ck_9a1e3ec9a1839939,0.005795678
ck_5c3f13de0dbd5086,0.007648447
ck_f4f6f0caaab70040,0.01478381
ck_791be3378dd7d64c,0.0034869434
ck_956dd784525f5886,0.006294944
ck_098167eaf124c279,0.011171829
ck_33ecff7914349ebc,0.005413695
ck_e05d44e46c7174e6,0.006572267
ck_1b2ce474fa6582b4,0.019636467
ck_ab581082e8f72e3d,0.0030089815
ck_e63256667aa19070,0.01839512
ck_f568772b6cb3febe,0.01657924
ck_dd89a282375bbab6,0.13562727
ck_a39d0bca345b492d,0.01224052
ck_d12d2924d0f7a64a,0.011641845
ck_6a548da1728b5823,0.9707791
ck_6d64193681d2a94f,0.022062857
ck_ced6b6dcdc7c201a,0.005822187
ck_d1b0699d26282871,0.016212985
ck_58f757e40a9b8877,0.3625979
ck_3272c2c4a37d5220,0.5382441
ck_d94dfde9e03c9d1a,0.009238803
ck_08a6d4903a7fbaca,0.011743693
ck_6c72a36b05fa0f4c,0.010639211
ck_dbb4bd4eda97255d,0.007057473
ck_94b59bbc824b307a,0.019975867
ck_0229a07185f15469,0.006980722
ck_11bf1039f8b3025b,0.024405936
ck_36789ca11459131e,0.014530218
ck_8572c5f5c1447c62,0.013403628
ck_9e75c6641939f4fc,0.04144722
ck_b45e47c39d4dc7bf,0.009147373
ck_02903c48b6cfd65d,0.017526923
ck_b153386f1729de81,0.009588953
ck_36979996f33498f7,0.29541445
ck_3c02d4dbbf6716b6,0.011397205
ck_66c9a19963957531,0.07436582
ck_bae8dae7cfd8baba,0.00910922
ck_bba0ccc6cd968680,0.009607075
ck_3267fe3aac05c71e,0.045477748
ck_40052cac10562cde,0.015865093
ck_d973444855403e2a,0.004713014
ck_012519bb095ad36b,0.98329115
ck_ad7c256ea10c4a00,0.19083592
ck_70a60e095e9b706f,0.0038487655
ck_f2734417c0db4ee3,0.009202933
ck_9cb89cc3178e0172,0.008226145
ck_779cc0f2de4d5488,0.026088694
ck_35f8656bf93e3b3d,0.011715668
ck_bdd8eba728800e29,0.011404154
ck_002cf760d173f0f8,0.008485239
ck_b046067c6ca3831e,0.020623878
ck_a4a42d4bff8af645,0.009055427
ck_bce253d2396681a1,0.007279899
ck_00dafc060c8de32a,0.0077700326
ck_968a99e097ee78c9,0.028236352
ck_66949171b387bb93,0.009065993
ck_ad305286702b1958,0.03382067
ck_4732da7e0d2dfc7c,0.013587422
ck_17a95bba77217d85,0.108827226
ck_3e2516a3e35067e0,0.006895206
ck_0b615ed566da1f58,0.023531953
ck_d2b3ce1ebabe9f93,0.031518362
ck_a892252e4e0c2828,0.0034487396
ck_cf606fd6ebfdf9bc,0.010454287
ck_718865237134ebe8,0.035413794
ck_878522cb775b904c,0.05445775
ck_9ed53de6ef779ae0,0.008925448
ck_3f16e2cd7e6874cc,0.007822529
ck_3c59df37895ead2d,0.0069690174
ck_6821459b626d492c,0.00512109
ck_11c7667920541587,0.004754453
ck_23a016cf6b98d89c,0.058233406
ck_7137eeb394d200f1,0.05278334
ck_9c4886c5c90ddbdc,0.011004013
ck_1422a7bf7756294d,0.7956115
ck_7ebc5fa7f0d3b8f2,0.010948578
ck_fcc2059a8d5c41fa,0.064888954
ck_00ff7389d6a83e29,0.03509085
ck_03129b41457795d2,0.007986098
ck_38ba64efa7c38250,0.016956363
ck_57a6b56b09bff24e,0.0037046508
ck_e3b3c5a80a567418,0.02814381
ck_fc40a16adfced018,0.009712085
ck_9d4b5e6b43bad4d8,0.0088184625
ck_61129937ee466b49,0.020680785
ck_74112e47b8629c2a,0.026932629
ck_b4703ee97f94d7fb,0.0047003548
ck_e560f720a988d8a2,0.0355345
ck_708fea345f68037e,0.0028025922
ck_25394c1b83e0b803,0.05482078
ck_17ab24fe914ae44b,0.010861918
ck_16c501470d9bb006,0.016320175
ck_628f449e248c19b7,0.032499798
ck_6d64190623dea714,0.0050367587
ck_504a45ee08db72b6,0.0053385366
ck_6cbb011e0c70bc7c,0.0036708186
ck_b3225a98acd04f83,0.005276266
ck_aa37993f1c17cd1e,0.06653578
ck_558cfe5f77a55a9d,0.0042997207
ck_0d0a1a021efea5b6,0.011111592
ck_daf7aea023b7a8f6,0.017759949
ck_d75f25184ece2b51,0.029200166
ck_466d4b5366c50b98,0.0056292773
ck_88f27ab479063852,0.017782114
ck_66779098e78c1760,0.012038078
ck_b150fe4efb449b05,0.008907716
ck_9c3aa9f23d01fa1c,0.02018544
ck_6a01c375fc26705a,0.01459461
ck_002eb6552b504ea1,0.012311892
ck_affa5aa0bff9bb0c,0.0107897315
ck_027614eeba8b1a4b,0.003613379
ck_67e075c982add719,0.0070225475
ck_399b0d510be98bd2,0.012143851
ck_e9b0bca7368555ef,0.012716247
ck_59c29d9c57b4f994,0.02025664
ck_37176850ed68831e,0.008091296
ck_a0db4ccca08030c3,0.13800608
ck_aa188e5c25f7f42a,0.006436983
ck_7de6997178207800,0.0075942455
ck_c729d19053387be9,0.01468939
ck_f2d3e3d90608596d,0.26804826
ck_2db3fb565e0211ee,0.0061396863
ck_bed8a480e27e911e,0.014006299
ck_d7ad9921a4d25926,0.00704407
ck_2a59f23fc5194699,0.035494175
ck_63601a58a6120d8a,0.025001321
ck_efd7b9e22c6317d6,0.012482996
ck_9ab42875a0f95b43,0.066159524
ck_85cb5033fca7c846,0.017633863
ck_5249b223000915ec,0.028599024
ck_3efb0e9bf25612c7,0.005425011
ck_678e74532ac19700,0.008990062
ck_a980b296c95153f9,0.011068052
ck_01ac687ce0d696a7,0.005715484
ck_52e1418cf1aa9871,0.005237239
ck_7d28da4f1dab09ee,0.025775582
ck_010d0c2e6c1657fd,0.037302177
ck_b524f7a2e752b9d0,0.011705189
ck_cc447fcc24a0772b,0.24716112
ck_2cb3c99845e572da,0.003334453
ck_604c710141327a81,0.0030055374
ck_8d5fa65717d2e0c6,0.0063387807
ck_31199510b40602a1,0.004423615
ck_49e253ea12f4e922,0.014641893
ck_780738e0d71e7e43,0.019944996
ck_2cd21137a07fdd7d,0.005128186
ck_5e021f2a3b66e256,0.023262339
ck_efbc79246e32c66a,0.009027772
ck_9951bd806c13c7fd,0.009469388
ck_7a52674e2806d8f5,0.027421167
ck_1a319e509f1efa1a,0.0054970062
ck_c920901b9a4ba993,0.47521982
ck_b71279e807d0b3a7,0.004379265
ck_47e1032f490bb018,0.0051358114
ck_192579ecdca7ff83,0.013033843
ck_b1496c474c4a3239,0.013123864
ck_5e68ea2c5e893cf0,0.010086968
ck_f2ecab85d4693b4e,0.0152340075
ck_89d7bfc81c3df597,0.012988071
ck_7929284327667791,0.029594844
ck_494ec63c5ce8e150,0.008477148
ck_319b059bb2145586,0.027874636
ck_ccb3767c239018c1,0.0143559165
ck_a1c7adfe26e09a8c,0.007934079
ck_0e13c4f73818149b,0.0049114213
ck_c285a51ed6214f52,0.12460767
ck_916784595f028226,0.027433518
ck_6cd8e0196365c474,0.02225911
ck_57b657aba4daffde,0.065403365
ck_562c76a3753fc7da,0.5595925
ck_66cfc1ebc9a513c8,0.0023721524
ck_0f38d4aed68d7d24,0.028438175
ck_d8ddf5e99f7859e4,0.0052276636
ck_41bc3efa0fca700e,0.03693254
ck_40799e129fcf42c5,0.17718653
ck_786f079389126e44,0.018215787
ck_bb4c6b713eb0b978,0.036077864
ck_4f01f7eac0efaba5,0.0066910945
ck_47d29c01b20cf69f,0.01211893
ck_bf15a1f8d67a30d3,0.010032066
ck_bfecad7586f65e4d,0.0050548515
ck_fc9f16df35190eb4,0.3832787
ck_c09c914e416edd08,0.1279449
ck_c54c5d8e4433b0f2,0.005029165
ck_1694c28f44480e98,0.04010313
ck_1dcaa3078dbb7571,0.006436184
ck_af559f990c640e41,0.008114839
ck_9b436162039a77d0,0.004385748
ck_79d62ef181bd0cd8,0.008158876
ck_23caafc2cd34242c,0.006002176
ck_ffe2aa26f597e552,0.005012676
ck_e6ffd0754ac08661,0.014902408
ck_beaacb4a783db21f,0.0074842456
ck_9863bff41d24ce9b,0.005909223
ck_323b9cc5c49f8ea0,0.007221344
ck_ab3de3d3e41c2082,0.031609293
ck_35c93b2924900376,0.0023480533
ck_5a9d5f9901e37e31,0.009684095
ck_782b0be796164335,0.012317831
ck_11960b5f1c7a5e2c,0.004551983
ck_9a66cb13a9884cc2,0.0072116144
ck_ba666a425930615a,0.006532135
ck_40140bef4db73741,0.0143171055
ck_e05e91cc180063d4,0.027905438
ck_c7f6f45710bc050f,0.043155257
ck_055fb9f2e1c8c934,0.016037295
ck_58bb02d98e2b9cd5,0.02064997
ck_d9f8efa6a7800f76,0.08516734
ck_69691226c68fd50b,0.2821242
ck_6f2f0396e5b1c538,0.9631343
ck_78bc3f1d0f35ea6c,0.0088019725
ck_2d5a6b6636a2596b,0.018294211
ck_7878545739af0a73,0.007891141
ck_03c4fa4f3ed3512e,0.012605129
ck_1a9e51d092d62c84,0.17759755
ck_9f3861940d8d873c,0.031233558
ck_4684fdd61c6a0fac,0.017887365
ck_715966f86d5c913d,0.010599254
ck_77f293d44b4a3d2e,0.028346984
ck_24dae044dc05f849,0.010389554
ck_00b9818e2064405e,0.018136503
ck_c1c2cb49c3c1b0f5,0.3901851
ck_bed50fc64fbbf8ec,0.0064926543
ck_4f6ed5ea5ab7c429,0.016986322
ck_458531c22ec2f9b3,0.007421538
ck_51c50c4c443df31a,0.14580114
ck_732d45bd578dc39d,0.006979823
ck_783fe5bc20cd02db,0.012880222
ck_7f188aaa63d1d442,0.0032163942
ck_ef307a6aee38d1fe,0.50034046
ck_e37196b20968b73c,0.02584834
ck_4ef9de711c3d93b1,0.03876339
ck_17946516d5df71d7,0.034836225
ck_3534be0f4efd313c,0.016216574
ck_29fbabf855cabdff,0.012907113
ck_191673540d8486af,0.008863719
ck_5f52728d777ff2c5,0.006841169
ck_a045a19369016818,0.97589535
ck_4eadbe7298b15e96,0.0055755377
ck_a3a0bd59729fe619,0.007242247
ck_a1e77090b1c6ccf4,0.03903467
ck_69ab9d4784eb77bd,0.009949853
ck_baa47383ffd50f04,0.0058683283
ck_e35b2ed08b9e55a7,0.0048135202
ck_b6e3af0a5119d9a0,0.010747136
ck_a7c1dabf3869772f,0.024823073
ck_80b8fca67a14e0be,0.10061793
ck_dd9c5f0c42878e67,0.019409671
ck_41ef7967faf5ce82,0.0059950682
ck_a93560aa348d6225,0.009924416
ck_ffe91d6f0bd93fc6,0.065008804
ck_fbf630c960194033,0.18863702
ck_497ed60723283c0b,0.5945197
ck_2a46b7ca55239413,0.005646131
ck_1a4e5ace078dd782,0.009148915
ck_616cc31910f5de50,0.0046283402
ck_0d65bc749eb42710,0.008491528
ck_2408db62e4395ccd,0.036695544
ck_5d7721930106dce8,0.007084139
ck_e8a6acea22b20312,0.27621087
ck_e2f792fae128b18e,0.047253933
ck_e6d3ce445b86003f,0.01592702
ck_263334d722ecbc97,0.6747507
ck_8c5b29f6666d4874,0.09517098
ck_7ea0bf310fc20c7b,0.05554974
ck_54d463f7fd89ec3d,0.020213148
ck_79e45040dbdd6447,0.014964542
ck_60b4d59953505682,0.51393497
ck_fb00dd5021642507,0.012054847
ck_f409ff994a210601,0.024154987
ck_2ca0020038bfec58,0.11930691
ck_adf84b9df54c3d80,0.010494081
ck_942dbf632591b65d,0.015420917
ck_454a7e4d859a3409,0.0049782624
ck_2139062d4569aa07,0.01974181
ck_e949a0f4df0b3902,0.07593219
ck_bb113e3e6716ed65,0.00536651
ck_6a28ea6ce69cb869,0.071819454
ck_7df9910af2bba21b,0.01215677
ck_78aa4b731cbfe251,0.0053258007
ck_5839f5cbd8165b1e,0.019884365
ck_7158ad9e58769ffa,0.04773391
ck_acee218cbe61df69,0.03288223
ck_f8dc8473c2772729,0.079259165
ck_f34c93a8173555b1,0.017783497
ck_7cf301d075e4e709,0.049616266
ck_b87e88ee5512ea17,0.019471968
ck_bed0c020b10afa3b,0.010497028
ck_ca10102961f99eb4,0.0021619557
ck_393287947b5c8d79,0.009142978
ck_2fe6cac002142f67,0.024687767
ck_79c7f0d29b1db1cd,0.014758815
ck_c735b643d3cbf67b,0.0068551693
ck_ea4332c8fe48e2a3,0.0064883986
ck_d39864119cdd460f,0.01749043
ck_3b963d6be2773861,0.036974277
ck_df39e3b8a9fd0bfd,0.101996824
ck_6236a461dc0d11a3,0.011676666
ck_475ebccca25e30d1,0.01237462
ck_c10c8bcf5bcd516e,0.034931198
ck_49ccc3716a564256,0.005087333
ck_4e4f99102f6938cf,0.015604311
ck_a97b481ade6f7972,0.02600547
ck_3fa559c679751b3a,0.011532198
ck_3eba1fd2c7acc4c0,0.09398588
ck_18c179b4afc4fccc,0.008507441
ck_cc1c0b93d05b7d20,0.031936545
ck_742f7c28ddd019e8,0.020774713
ck_04470bc93b8a0d71,0.010179651
ck_6e8f8ef7a03cc6bf,0.006020996
ck_eb1ddfc353b4da83,0.014787958
ck_98831b57c7ca2e4f,0.008787735
ck_a6c7b8d6e8596d4f,0.012898119
ck_cd7d24e3b095e96e,0.07905957
ck_3f5ae4673a9f858e,0.018951418
ck_05f375fc8ae0afb0,0.01063313
ck_1fc98436281ee39e,0.0103873
ck_6c48c58678f64bae,0.0061623766
ck_8c95aeec6a4c75b0,0.023717985
ck_364cde38958b7af3,0.09274699
ck_85bf21aa1a00452f,0.005250661
ck_796d3eaabc667c23,0.98226607
ck_ac449ee0c315edde,0.014399744
ck_6f9fd15ac6b163de,0.0070486506
ck_4087065be2a45ad7,0.6741513
ck_ecf006bbc78ee3eb,0.06709521
ck_8ca808cc5a49cb5c,0.016124971
ck_94b90ab8b2dfb50f,0.018722596
ck_59fd11b3232de9dc,0.77844465
ck_67f3794d93e2dd67,0.060107674
ck_b7f5acf5df1bb13e,0.007472188
ck_fb04ecbaebb774bd,0.0056967814
ck_68ef3e7301c621b7,0.008821243
ck_41406cfa209b6bda,0.006154415
ck_b0f8f5408662337b,0.0046734265
ck_0d2901bfe585c391,0.1019341
ck_3398551e81dbf3db,0.029041223
ck_61c3e3e277629646,0.011061092
ck_2825e34dd3e7ea2a,0.0037646985
ck_20d7571ba830009d,0.040899776
ck_c98b16f9a72a6568,0.0075712623
ck_e7c8a9e4641eb9ed,0.0045633903
ck_254a7c97c36dab8d,0.007793372
ck_e98429675b46272b,0.0035588073
ck_c2fc0ac460786d02,0.0283522
ck_fba15647b3a140d9,0.009545076
ck_15ce50f2704227be,0.014205369
ck_8c748aaa4a4554f9,0.006620753
ck_e00e82a9419ff086,0.007202852
ck_832341c98254bd84,0.008058004
ck_27466468d06db4eb,0.02396014
ck_9d7b9e3ff1f3e71e,0.0025620318
ck_42c6973d3a6fe983,0.005623838
ck_877c85bad118bc62,0.019870063
ck_75d2a2715259c4d7,0.0524899
ck_37d3e5c681a2214d,0.25351742
ck_bf285dd49f372de4,0.00804577
ck_a5bdd026fa9c50fd,0.0061071524
ck_88d9244a9cf7a77e,0.31149614
ck_5881b174e49b04ee,0.012590729
ck_5b16d67c5ea89930,0.016359914
ck_b75b936aafac56b9,0.009069987
ck_aed2681e1646a0df,0.025727728
ck_f63cb5e8cc702bad,0.010474931
ck_1805fcfc4a9e4ffa,0.7541199
ck_25c355da356c730d,0.007893758
ck_70396398e4a96449,0.041745603
ck_0f743bd13373748e,0.01614819
ck_4b387765f0e916cd,0.0059118397
ck_e971faae8a10a260,0.012860859
ck_9eb08369e983abfa,0.005409991
ck_c30c5844512e429f,0.017367044
ck_59e77e3a81f1fa0d,0.007347475
ck_ca4465f2b5c1a52e,0.96585685
ck_c89b9ca398402f1e,0.010203023
ck_36e72ef9273e7a95,0.0064705946
ck_2bdd8616870e5e1c,0.008709281
ck_216e87a41de22b5d,0.029761842
ck_60f4fb44f5efe3a0,0.0077245506
ck_05652e8ace6ce6cb,0.014573221
ck_8c136dc691e65695,0.004748874
ck_a08f8dfadbdca112,0.019207014
ck_bda4041a3e90d860,0.004009924
ck_15dd3ecaa8ce0245,0.7132163
ck_3e3c64b3b7876ce6,0.015596607
ck_46225858a38b2e57,0.0063861026
ck_0cb9f54928f4feee,0.00711225
ck_152671fbf8a9a78e,0.025312588
ck_ee7a515e87d17d4e,0.006583089
ck_f7276091bf513d22,0.0067726756
ck_4f05daf1cf0d5755,0.013724656
ck_83a69c4a5d55ef19,0.012649206
ck_c50fed2a7c9198c0,0.0076237964
ck_70d19d5650ddc8f5,0.0069498676
ck_4b4d99e443618904,0.0077467277
ck_dca0b6ca93311ca2,0.029219111
ck_b7431d4706461ec6,0.0074325614
ck_7b59d22cadef3b05,0.082889766
ck_53428573abcd606f,0.010725055
ck_f538ab6aecf2adfd,0.0056549325
ck_d321249fb065d2fa,0.022513276
ck_72fdfc7e6d8e1436,0.013024431
ck_b52b99dad89ecdfb,0.007502311
ck_d2d4282f9d256b3e,0.04047676
ck_c8f2a1dd8a6141a4,0.024141934
ck_8d38747058d0aeea,0.38991135
ck_3ac528caac74f563,0.004469475
ck_8dbaaa00ad829ca9,0.013154953
ck_7c38ec898f0fc21d,0.018200034
ck_8171ef803f5ff604,0.011500909
ck_01a750db6fc1168a,0.052761834
ck_ceb017baa26e98c8,0.031770404
ck_e2c66c72cc0b0f78,0.051475927
ck_8d9518f64b222416,0.05069554
ck_804c5a1fa5753617,0.03724636
ck_fca7cc9c42695453,0.023341512
ck_3a632cdf2c19051b,0.032825895
ck_b2b63ea65edf1dde,0.0084536215
ck_27b07021500ee841,0.011296608
ck_9724718fe64c6557,0.97206074
ck_2786cbc3e75ec034,0.012534977
ck_d9c2622cb6df380b,0.01960637
ck_ae1da8ee98e402a4,0.026434917
ck_62967b91504149f9,0.022008313
ck_6b255bf68709109a,0.020173822
ck_c55afc68421d85e2,0.0069168326
ck_7c7266f6ef2a8466,0.008894197
ck_885cf685a9541190,0.526482
ck_1a4bb7d3d2ee3227,0.009272914
ck_b4911c42f3bff740,0.0041236435
ck_66f9f78d4c6a3edb,0.0143445935
ck_49bdba9ee1899dfe,0.0057652295
ck_79b235d51718435d,0.011373841
ck_d840db8cfe2ef6f1,0.0035666346
ck_610c7bcc1cd7ecb0,0.007037593
ck_cf49b6544aff6c50,0.5041417
ck_de05f97c3d40dd1b,0.09300681
ck_0302f67d75973dce,0.009150403
ck_54c2604c9ca6256b,0.008560261
ck_a1c88c0568f142d0,0.04627503
ck_5d72ff6cc2963d1a,0.012547709
ck_0446920a1004c596,0.0022723554
ck_71044c29ef071570,0.0060572606
ck_2122e9bb1afffef7,0.00414908
ck_d1e3de178601d3c2,0.013300644
ck_bec8324a3587ef04,0.004873084
ck_b616b6f45225f319,0.017696021
ck_ce1e695884511479,0.014810267
ck_a662b4bf900781e4,0.0058975955
ck_b5a84c5547378c10,0.010384546
ck_f80af368cfc6cb7e,0.077272594
ck_da3526ab6c5c884a,0.15603629
ck_bd20be9a3392d79b,0.0037050466
ck_b8266dcd90cbfa62,0.0027674562
ck_ac84b33304362c06,0.0047592544
ck_794d8935a895e33f,0.009029934
ck_8fea7d915259f1be,0.021479715
ck_7a1519ad5ff45312,0.0033196688
ck_9bf3ce30b65f75c7,0.06321817
ck_5f864d72d1eead99,0.017625257
ck_3c48e0cfc2a58041,0.58876735
ck_d902183f80cc81fa,0.010331263
ck_539cb0d117db8cd3,0.14288974
ck_28f530aec8e77130,0.046353653
ck_e7d903c50d353361,0.008272353
ck_d288b77d1e227970,0.03647775
ck_017208fcc01b5d40,0.0041921935
ck_7e3923d278a5106e,0.012574329
ck_9700a00ff9e66216,0.040719636
ck_5c36c78b7a4d138c,0.008099222
ck_c457e9c9224b773d,0.013835553
ck_1dfa91405d7e66bc,0.0075744125
ck_f1d8a2695a575e56,0.02970009
ck_3b92a46daf8d00d2,0.012423229
ck_aab23b5470469649,0.007879495
ck_ecdd01a391610d99,0.010419342
ck_abd3aa292f8edb4d,0.025380503
ck_7fc9a0776e1339e3,0.0051735565
ck_c0389ebeb0e65cb8,0.008141853
ck_48d0fc4f6a2109fa,0.9371024
ck_571dee4f3336c7ce,0.0068449797
ck_4cedf26628c84f26,0.013468813
ck_63356762d24aab81,0.018653505
ck_2c5bc11bb7ae5d2c,0.63918304
ck_6d26a152f900fee8,0.0029562314
ck_c972b0e781efed3b,0.01482311
ck_fa0ecbcf9a33d6ce,0.009734616
ck_fa3a766e49dc77ae,0.0035594888
ck_7baf1e55db0dc558,0.006760149
ck_e8bc49e6494c1f37,0.011065995
ck_8ef1d05cc1e53e7e,0.055139605
ck_cef2a485a77e0723,0.008940607
ck_228a583f23abff48,0.006308043
ck_ac32c6e374782b27,0.0578915
ck_b9485218cef413f0,0.014544646
ck_7f15503048915d6f,0.0027820321
ck_b62f5144db15ad34,0.00832247
ck_917d82c552f95a23,0.008713473
ck_fb4797045077bc6d,0.0061395527
ck_2cf8a44e041217de,0.056706794
ck_b7dd681eb3d2ee38,0.0054749604
ck_e9e8cacd2fa35e79,0.01039515
ck_342a79f91de5d1fa,0.01425758
ck_2c91f62c05685ed7,0.00962683
ck_e30cb64302939f38,0.04324475
ck_d0e95b90ba86da10,0.008483046
ck_1774faf414a5d49d,0.7114327
ck_2401e8ff89e574fd,0.44552752
ck_0cd8802264e0a1ef,0.011782489
ck_da84a0dfe947fd3c,0.017731655
ck_c8affb27ba7fb5db,0.02689862
ck_bc7ece8787ca7200,0.020627167
ck_469a0578d05990c2,0.0035889118
ck_eef67f8dea702338,0.023649564
ck_4f490e379e9ded9a,0.008051702
ck_354379de065a8ff8,0.0028744135
ck_5db1cb368bc41ac3,0.02318026
ck_9b1c3742dd6fcb8b,0.005445126
ck_63ce4f44c92d7143,0.0660484
ck_e15e3390f5ed45f3,0.0066872644
ck_da645ea91d66aa6f,0.30713442
ck_834ca727df855f07,0.0531675
ck_e1d5ad20c737c745,0.018043837
ck_ff8059ae5fa5f1ee,0.0027919433
ck_8bb9e75393954a1f,0.02144426
ck_4e1757d1347ab387,0.97341895
ck_af3f74b1d75a5d95,0.013689606
ck_6b1ab0742ff04c3e,0.019220736
ck_f56073911c9f1ab7,0.008955954
ck_51bd5f69b4fe0b92,0.6350986
ck_fc3d95030b81f416,0.004522123
ck_cf78169633a1600f,0.0066269063
ck_ad7269eaa65c67f9,0.009275131
ck_cc6d33890d47a6cf,0.0076092104
ck_bc8f31f4a2ffa1ae,0.007827679
ck_720776a46e56dfa8,0.012394222
ck_e2d1f212f259539b,0.004352597
ck_eaf6f7082c3db2bf,0.008561836
ck_773efe58c6278c3c,0.015130047
ck_c4a72c09f2fdacc4,0.034268163
ck_8982888dd6611143,0.011511757
ck_9d5049e195eda029,0.005845165
ck_de58ef6f9fe2b546,0.012935448
ck_c0b50c11e4f5adf7,0.03131653
ck_ddaf228487858bb8,0.036684174
ck_eb2323215ff70362,0.011466975
ck_168c96a1a636ea15,0.004074116
ck_9c46711b14d9eebc,0.014527201
ck_de8af660806b97b5,0.012481404
ck_6ab83f45bf16eaa6,0.009176956
ck_bf2228a052815840,0.01945795
ck_3f943f20a9da9bff,0.026615087
ck_3baae40454c00938,0.0054476187
ck_bc2e771a1d8d2dee,0.03511627
ck_e55f5ca37f30ce8c,0.025017051
ck_4ad5937bef176d89,0.03449553
ck_126531a9126c17c4,0.0048839063
ck_7ec423cb56257516,0.01748341
ck_54748ae0f2daaf10,0.008884215
ck_ff24776280ceeeed,0.14128964
ck_3c3a1a1365741bba,0.008134121
ck_615277c8a4e2b18b,0.004706686
ck_a96aaef34173aee6,0.06847581
ck_bea56db7f3e930e8,0.008762282
ck_ca491debd3b32a59,0.0064289155
ck_d9ea77f4114a389c,0.01524447
ck_322ffda3332d08a2,0.04707517
ck_c40ffefe4e30b001,0.045131184
ck_3b1d7648d4580bef,0.0315503
ck_23981a3261674131,0.0066933455
ck_11667f5b9fac7bc7,0.004034564
ck_646bb3c7be5f0817,0.10597365
ck_ebd0a45712dcf07a,0.010991591
ck_baf43bf1bd963f9f,0.010965368
ck_e0ca2c819658f6b6,0.97089034
ck_f0d6633d0834fff5,0.01469351
ck_91081be0254878a5,0.06384765
ck_1325000bc7f35b5e,0.008162017
ck_c624b9063400fa3a,0.03536534
ck_0ad6fa0e23c3bd0a,0.01676982
ck_6ddb55b1f23c6cb1,0.0066876286
ck_dce1fb3acd65562f,0.0049695564
ck_a9aa389688ee5aea,0.007969388
ck_5c5284c45d9ad8bf,0.01189632
ck_9ce743dd3e92549c,0.010506428
ck_8342e08cc2f9bcb7,0.0037462926
ck_25e551a0a8d2fcc2,0.037213493
ck_d4fd0e438c97e0c7,0.07611415
ck_ac7fe1c344190c50,0.0066405185
ck_ddd65711b5651f89,0.0073851063
ck_ec7406cb5cbc8f10,0.012369767
ck_1c65e8d5be3b9c60,0.19643193
ck_38ee42f15a573e81,0.0044165915
ck_0e5385c70c6de025,0.008479204
ck_d3137f0f7629040b,0.0050741117
ck_9129c92c12e0c8b4,0.009359343
ck_c86520a00e50a926,0.0135387955
ck_87f82b2b5fee757a,0.00817974
ck_643abfbd7548d0c9,0.054725733
ck_be51f4e5e6b85768,0.050633837
ck_132c16312f37810f,0.12946828
ck_c78c096ca8cb33ac,0.0064924327
ck_2ce5afbc014763b8,0.01369193
ck_50ed8f4e7ae6710f,0.006606771
ck_5a4eb535c9a11993,0.0047340565
ck_9b665ef46d785324,0.004839649
ck_e066f71f8b296b7a,0.036605798
ck_560bc6017870ab06,0.005001259
ck_fd78f8a8663646d7,0.005974281
ck_4af5ec61ddbde1a4,0.016575199
ck_c2ed04a9d218410b,0.008154243
ck_2455d43bbdd2bb69,0.007420653
ck_56eed7041add49a1,0.24745792
ck_5f0be7b468a72333,0.003690268
ck_19660cec756632ca,0.017842496
ck_fb90408f4892a21f,0.007908769
ck_833a65b86a5d9bda,0.011334115
ck_2ac36e1dff211d38,0.010758701
ck_c00e70606904539a,0.0047904043
ck_ba8affe4b9505a95,0.4719388
ck_0c3dd22587b08018,0.040047497
ck_618c4e5cfae99dcd,0.045412388
ck_c9690baddfc4177e,0.003979315
ck_59fae092fb0c4aa3,0.0072589586
ck_e03b7d0fa0b28f4b,0.080792114
ck_d451d24c780b5884,0.0032377248
ck_e980d325b8dbb8dd,0.014514714
ck_cff18e2d8c520272,0.01374013
ck_a0e46b67e986ab56,0.005979052
ck_3a469039a5b9d963,0.0056273853
ck_12cbb211ebd2b437,0.046999466
ck_b8cdd6d6dccc4554,0.004339742
ck_794ba5921cef50c9,0.027612917
ck_2c7667f64edec2b5,0.005206295
ck_7262b4e0c29c942d,0.005060373
ck_5d818522cbfe2a54,0.013307236
ck_de39c1947fb675ee,0.0666847
ck_c021495606b4735e,0.005355556
ck_1fc03ba33edd9e67,0.01293294
ck_a6fe344bbf67f14b,0.0072428538
ck_963762210edc5694,0.035788048
ck_d064428b7e7dc409,0.038318407
ck_59be61b53d971611,0.004809296
ck_ec8738ec663cd2eb,0.0069148606
ck_59d086fab5998646,0.012812442
ck_bd32dd3b2cbb7888,0.98225915
ck_ce0166addb93bbad,0.017212495
ck_7c0fdfbb447cdc04,0.13045098
ck_cb1bd7635968ed8c,0.17787854
ck_66f94903177f20eb,0.007398492
ck_1d7cd5dcbcdafd7b,0.029531661
ck_5e418a7c04437b4a,0.030232407
ck_631ea1ae91ab333e,0.012054052
ck_0a8029e79a5ae7ce,0.010404641
ck_c4cca8278bdad9b9,0.0055537317
ck_4dec3df58077a257,0.008167029
ck_609c249edd88c565,0.01109409
ck_02e5f9cbbbf2f078,0.024293724
ck_32e486859130458f,0.5475658
ck_21ed2ea6386c5a07,0.0043933084
ck_1242aa4496576a99,0.014388671
ck_475ea9aa6d3898b7,0.087516956
ck_fe1b1adae3be70a6,0.094915204
ck_c5414d7a8031d4f5,0.025035948
ck_ca1f6f01868e978f,0.012824672
ck_5eff0208c74ec714,0.009721371
ck_a315c9619a317609,0.015425928
ck_2b87683c90acb852,0.016921861
ck_7cd9f39c50748ed0,0.0038804158
ck_16a06d58d71935bc,0.023102803
ck_d116e0e7c19b878e,0.050484642
ck_931510e384b1d0cb,0.0024668411
ck_e7651fb87bb24132,0.01552864
ck_88ef9f85948e1a01,0.0054167146
ck_17bf38d51115a8f3,0.032081608
ck_2659d1d3762a2825,0.005463761
ck_a7285955e2852686,0.0104774125
ck_f2c33d5b65b321db,0.026897354
ck_83e5979334345622,0.019794352
ck_629537d8b4d0f395,0.012299466
ck_72022008a92c9386,0.011408929
ck_2973b8274f0bf69b,0.011630582
ck_565e3418d2f4061c,0.00875916
ck_54bb53b8f8ea32ae,0.9705367
ck_af0a6540ea7a36b2,0.0038858696
ck_888651bfc2c8cf70,0.005766791
ck_1dedcb48ac381a1c,0.3844346
ck_f73273e220296be8,0.008697576
ck_8424bf65223a5a9e,0.004068346
ck_337b930fd149a696,0.005908299
ck_8a4952de8a123ef8,0.036073577
ck_884168153c9c0c81,0.013443721
ck_fdda581aec411010,0.007834659
ck_2b7cadbc8b180d32,0.52472776
ck_8aa8b9968233a1ab,0.011153145
ck_0af18b3ce015d294,0.008657915
ck_8dde670a735d1e90,0.047994506
ck_62f46226f244139f,0.017166521
ck_f948e8a8fdd79b4e,0.010921153
ck_fa00aa0f3e859904,0.0049054963
ck_fc7935f784a4f249,0.03128745
ck_e7501307c0698e5b,0.0091421185
ck_549ed417f2834cee,0.029536726
ck_fb2a35571ec719d4,0.2911847
ck_25822068c86c856f,0.004132655
ck_8f35d229b62c8f23,0.031381562
ck_bdcf049c1e7d0c95,0.0068945107
ck_0aa9db36eb16422a,0.0050369906
ck_42dcf92e9e016922,0.04230265
ck_42341cf31c08c981,0.025229113
ck_0b20bfc515ba42a2,0.018804127
ck_0ec820b670d48098,0.008523992
ck_1f0bafec397da8e4,0.03893827
ck_82f07504ab59ed33,0.011381565
ck_337b24a474010abb,0.9791934
ck_703703bda38fdcf8,0.0070496355
ck_01e7960c63dca3a4,0.8114426
ck_be5bd81e3715cb8f,0.6719697
ck_197f8058cea1fbea,0.0046178102
ck_eb3fb1106f2f1b21,0.078039624
ck_658b4b54be09a4bc,0.9589669
ck_266ce7ccf41ccc50,0.00780731
ck_110608c3b03d4038,0.63154256
ck_1be8cb95d6d9bbf8,0.005618949
ck_8e16a64a776afa82,0.14629687
ck_34bd190d37eda534,0.08722633
ck_4f521611ae14ae66,0.0068097594
ck_d839798f9520363e,0.024818689
ck_d1bbfd246c0ac9d5,0.32774213
ck_f19030e6e85a6776,0.06369442
ck_cdabe60ab59f9d5a,0.031833317
ck_bb84b2b30293f566,0.4657864
ck_427b91925952cb40,0.008465396
ck_1078b1e155b5b640,0.010506789
ck_95fdc264eac72fa0,0.010769119
ck_e35eb857c61548b2,0.59592134
ck_69bd0b1abea7e1f0,0.32117245
ck_59de511b20c842ba,0.012840529
ck_168e7ea341a36b80,0.015246745
ck_4937cfa6526ea138,0.010893862
ck_bb1a981306b750ac,0.044265192
ck_f42a43e4c3f34ccd,0.021524018
ck_c7ae1d4b3ab38185,0.011022539
ck_bd23cf9bba1dd33f,0.0193365
ck_0fd826fad7ec7cd6,0.019336358
ck_f143641bf3dd0414,0.029376866
ck_ad6d48c20a3688a7,0.009035197
ck_7bda5b5b927b2905,0.036803015
ck_a337eb38eefdcc88,0.03402379
ck_403da2a2d800df9f,0.078692324
ck_aa01d5aafde73d0a,0.015684895
ck_494954023f0eb309,0.013039844
ck_1c6820fc38135ad9,0.013654703
ck_0e0bab173622db9b,0.050569016
ck_547090bf35a3b243,0.014622677
ck_d69455220b21dc9b,0.016147833
ck_90b4ac695b9c6bf7,0.03623933
ck_8d2afe17c0082e6a,0.007021663
ck_926b81c0ba528eee,0.009231176
ck_ce36b0c287bd198e,0.035477787
ck_8026e017909aaa6c,0.028319474
ck_dfba788f35d4c372,0.0072918795
ck_f09f9d0e0886e0c6,0.007806018
ck_4ffe0366df388604,0.015308108
ck_75bb521de55644c7,0.009391192
ck_81a960fddf79ecf1,0.95276654
ck_8f43459991ea511f,0.0054643177
ck_f878b68d66fbfd4b,0.0069860653
ck_e84abfc0c747c9dd,0.87809145
ck_3ad3fd3cceb56b66,0.7652586
ck_7cf562578c7f158a,0.021752581
ck_f81a97d350397306,0.043833114
ck_255d87b7fb40caa5,0.009534371
ck_b3905153b9eee924,0.009287838
ck_2c80a592fb4cd6a3,0.010270648
ck_57deb202d4188a29,0.0054495824
ck_e3cb5f31d8e94448,0.9465115
ck_0db62d5f7f75f80f,0.014007841
ck_ced9163ea85589ea,0.033931114
ck_e16528edc694fb33,0.9404558
ck_78cc5ec4940fec3b,0.011913966
ck_31742076e9a998f8,0.02064409
ck_5ac335f02280271e,0.60134035
ck_7cc2e091806cfa5b,0.021895682
ck_3152c7115257f084,0.0071991705
ck_ab1b9d019921bca7,0.010643037
ck_c33a762d98f9b290,0.015062311
ck_b16a7c51b6f7a6b1,0.6315711
ck_97402a153348e68f,0.004433079
ck_95391029a21caa24,0.008714523
ck_c2015a1200971fe9,0.020038782
ck_ed4427962c68918c,0.97172743
ck_c5e4a17d3efb19a4,0.36841637
ck_8aec3d3dd51517c2,0.0119987605
ck_f5178a658225d8e4,0.01615551
ck_8594f165e95316d2,0.007997421
ck_f0c4aac04076a6dc,0.004318065
ck_ac2f7397801036ef,0.022765456
ck_d1ea4bcc407c7d5e,0.005221728
ck_cce8b6657a538fe0,0.0162306
ck_66d0c6d6b67a8d58,0.01123678
ck_1a6b30320835e57e,0.008415648
ck_8cd274cc85aa35d1,0.014760686
ck_ada46085a78280e4,0.011412624
ck_ce1b06623e4a815e,0.0050074733
ck_45e70c8a9686580c,0.041288245
ck_0084d8ab6b1044f3,0.017064366
ck_a5f7b6fed6df2aba,0.034771584
ck_94940d783e7988e6,0.013923935
ck_00f9ca84d1d8ae7a,0.011242922
ck_0deb56f3f6452818,0.010204782
ck_a58e900469dfc3f0,0.015850397
ck_028c41b195280980,0.006296997
ck_7661d7ceaeb19f97,0.005725277
ck_6957905a65c47879,0.008458895
ck_f7c6c26ef3c4ae06,0.0051393234
ck_8777beb11aabd66d,0.0029814523
ck_7db098a17374bbf8,0.7157117
ck_66aeb00e44486cda,0.11164499
ck_838c52cc1d315ec3,0.011344459
ck_1745847cd4e5dc83,0.0298513
ck_201687857ec8b3cc,0.030812971
ck_81818169208a8cda,0.025809933
ck_3303fd3f64632c7c,0.03020621
ck_edf1096809e83ef8,0.009706295
ck_235ce9603c7dccbf,0.027642451
ck_9df7e153868bca13,0.03373357
ck_3cfeade2cf270fee,0.0057412353
ck_982b0bf2e2b6c4f7,0.0076184045
ck_faeb0da678bb86c0,0.01017093
ck_e86ad2fe815b6ed9,0.005807034
ck_70d69e5d1bb99e85,0.017202342
ck_7e9a8924eab779e6,0.9626437
ck_019d5891103e7da3,0.015144747
ck_14f0484b3817eda5,0.007643808
ck_85de63d278f0fbae,0.00797755
ck_ae91b4cff57fb3bf,0.015921917
ck_2a6d43b9f883b78e,0.68288684
ck_7a4e3d553e8ab5b7,0.0600323
ck_fdf89dc69f700f84,0.16031079
ck_f92e04024bf13558,0.004040178
ck_4a522ca2dc4831a0,0.0053916257
ck_68ba25dc3385fea1,0.026000638
ck_22128a4f0d033422,0.02442062
ck_5b52ee0a13c71590,0.0154240895
ck_59472d17debedafc,0.012454773
ck_9dde2c63acda3ba3,0.012674446
ck_7510b1023cd08531,0.05333518
ck_071ddaaf2e4e3671,0.006343119
ck_1355db6f4010232a,0.05444189
ck_0a7adc2f27f98510,0.012098403
ck_68250033717cd59e,0.0066610645
ck_7c12de74de30b788,0.105756074
ck_65491367584c730c,0.008416348
ck_e9047964952bee70,0.033109646
ck_5567779d6ba184eb,0.03667445
ck_d6ea026357ec6477,0.00782792
ck_cd7dcc884e283746,0.034770984
ck_0bd77fea8ed75a15,0.006726397
ck_e80883208e8d0453,0.0072872248
ck_2ad0ecbacd5acf8e,0.8874933
ck_6c1dbee7e8fdd5c8,0.0053819427
ck_ee4d9a7449515908,0.018013228
ck_636111f7f030496c,0.0118034
ck_2c629c657f73941f,0.009004101
ck_c1c9d3842d758420,0.020592555
ck_e4df7faacdfe8c40,0.01195916
ck_94e8142728e44380,0.029511562
ck_765aaf42c5088545,0.012555209
ck_e0f845159b6e6a4a,0.006100493
ck_5bc07deb82edbad7,0.020105824
ck_713159c5c6a7a4d0,0.9850485
ck_b08afc91d9ca55db,0.01965064
ck_a7bc323ffed2ea97,0.21277611
ck_85ca825f905a34a1,0.01254749
ck_33160c443d4b3f19,0.010059152
ck_832d39c590a3ca75,0.90510076
ck_7d1661a34164406e,0.86976206
ck_c2466fc40fc9d5ed,0.96159226
ck_ed0e776c0926ce67,0.044255078
ck_cdd2ebeec75bfa69,0.035866577
ck_d7877684c7923ec3,0.028085666
ck_7384d4d2406aabf4,0.005578584
ck_b8e5244e650aa81b,0.0077426094
ck_25a1ea40b2d59254,0.0058108647
ck_b9e5b318ee4de68d,0.0033981155
ck_620d7ae27af83cea,0.0169735
ck_40b4e264d1a12b83,0.8104656
ck_b694c803b62862b3,0.004695782
ck_cbeca201dbade3e5,0.03335031
ck_f9b439c9161c3e52,0.045532677
ck_9880410fcd10a28e,0.01858899
ck_74928f5f91aa12b2,0.051734895
ck_b6673bbe61d2680d,0.0047917096
ck_53c8315b5c30acb4,0.0040376596
ck_78f01d78ea79642f,0.0041247145
ck_8582490d6e365a63,0.011153749
ck_af25c72d16299258,0.003307917
ck_7905fe8e257b0449,0.013309509
ck_0d16d9349e4a9e08,0.0073236595
ck_31b16b8848584e98,0.04901596
ck_67207e3eecc02d76,0.01257967
ck_e6b95ff91116a592,0.007227941
ck_c08f622bcd6de6e7,0.022596683
ck_f9a68da9e0f0bc85,0.008936442
ck_4072b59388976896,0.004247807
ck_8ec86e853ad52828,0.01813939
ck_4fecb87eaffd5cb5,0.0032453248
ck_d6880578428b965e,0.092869356
ck_bfc82b3c1c9f2897,0.8439783
ck_c340644176ca03e7,0.036904305
ck_321e740066fb05c3,0.70592237
ck_8929d2eb09872052,0.049492173
ck_205c107cec528414,0.59017605
ck_e76db7d2562f9836,0.011718324
ck_9ede51c8434cff6e,0.025235886
ck_492e4b89c61b7b6c,0.008119381
ck_9385f5a1eeebefcd,0.019553775
ck_ee52c7bf88f952ab,0.00516566
ck_d8116c34302021d7,0.0073813424
ck_01645ea51972e99a,0.035608653
ck_7b45ed23304a854b,0.011982983
ck_2096d32f3d497ea1,0.30447915
ck_dfbb2056f1ef7d3b,0.031053277
ck_938ce30c864bc7df,0.006433953
ck_ff30dda2c881a4bd,0.06209672
ck_f88c79186a082beb,0.013144867
ck_08c7bb0f9851cb76,0.092933185
ck_2675e7a008e584a7,0.025732368
ck_cbaf8a954281d4e3,0.92659736
ck_8b24eadf6c72b30c,0.14343067
ck_ffc8e3c1377d0706,0.0125088515
ck_5b59e859bed5b40e,0.00913152
ck_7b61717f172f9317,0.70984274
ck_e5c30947b732f661,0.0358707
ck_bc273f3ce79f7e1a,0.0064834915
ck_f69e93388b3028cb,0.2216613
ck_3837ad850996ba60,0.013826408
ck_36d78ff3bc033ee5,0.0074704164
ck_5e20953547ba4135,0.11929852
ck_258d661e450ac870,0.010738991
ck_1df66f537496ca59,0.03851603
ck_361f535599110201,0.005766356
ck_337e98c69f6e7886,0.0051185614
ck_d3d5b2717cfc3913,0.016803427
ck_b1dba768dbe7affe,0.04762072
ck_92d782bd9ce0d1e3,0.00801602
ck_26bd0f8898afc8ba,0.012705889
ck_7916e53daab36745,0.06918109
ck_2caf553b31831a50,0.006716267
ck_c6200734c7f9b2f9,0.40269238
ck_cdc55623cb16e6a9,0.0075301845
ck_57849e15b61c43b4,0.010978738
ck_b7af9b2ee0eebbc6,0.033096246
ck_00aa5fc3b3bc66aa,0.069683634
ck_9929723f65636c7f,0.94716257
ck_8f6cce9f69912983,0.016191915
ck_c422ba389ff00781,0.009422363
ck_9ec7f334604a228f,0.012618585
ck_5d01200ba3341462,0.009714892
ck_2bf10be403849c9a,0.0022859755
ck_6ca018259f70858f,0.0062086903
ck_a54dc042ebb7c766,0.24352239
ck_79da63fc100830b5,0.01386091
ck_67ab6f9e05c85085,0.005855715
ck_fa80da579ea9afc0,0.008848722
ck_4339f86c87289222,0.57228875
ck_a2299b4f530be0d6,0.31579602
ck_19db0bf788697c2b,0.0067399563
ck_fa4211c4d826d830,0.00388999
ck_96100d5e8e051e91,0.048193257
ck_5c3a671883d58b3f,0.002799179
ck_2d9524787cfe1ab3,0.5694793
ck_47ab8e51e5b3a2d8,0.010230663
ck_c924f36bc1bbbaa3,0.009240597
ck_5c58e7f8fd55e26c,0.002454528
ck_a07e7409d6d5aa06,0.00663567
ck_c8413898f5f7cb7d,0.041278306
ck_577c816b41cab002,0.6379099
ck_9f7807ed64cdb728,0.029562982
ck_495d814d6d6d521e,0.004099108
ck_7aa8bc018c2b003b,0.027887508
ck_7c3a6a82f3c3241d,0.0075514065
ck_487f7fbc290e4ae2,0.017695308
ck_e556c4d36aadbe03,0.009032495
ck_7e6569a1b2455cb0,0.006941724
ck_de2924955926d046,0.015023875
ck_73d60b4630e3937a,0.012913931
ck_805ee564bd35ef15,0.02313907
ck_0d40961e47797027,0.009811911
ck_f06d00a4f9c87d80,0.022772841
ck_5ef50fb07b6737d5,0.0060984897
ck_16541fc15683e21c,0.025303632
ck_09fd43f1b7e2eca2,0.013215763
ck_2a2c336a69b8d68d,0.3046869
ck_2685f38930866af0,0.04171234
ck_298278a9da874437,0.019195762
ck_00bd7803f2530c68,0.0049060713
ck_c2b4a1d8c0b6c1cd,0.002331859
ck_2acb54ca20c3af6c,0.008188185
ck_e3d4b6f681c783ab,0.016558455
ck_f90293f1eba5d7b6,0.022660919
ck_e69d27e8965df0be,0.008816029
ck_b7f5d10b427346ad,0.03232847
ck_1ce20e4223a936b1,0.0047799903
ck_6b97d1ab90f6bdeb,0.0040994873
ck_e30e17db5473c7b2,0.009668828
ck_154c8efb19dee665,0.0036386705
ck_6f5bb0c930644cae,0.9855278
ck_9e17699baa83d173,0.0065262048
ck_9693b1eb70880205,0.003097928
ck_1e97899875bb427b,0.00563476
ck_558a82590f65df69,0.008115354
ck_18df83242ff3cdbb,0.025049131
ck_80ad4396e1084c68,0.040560067
ck_0a993bc947bab61f,0.016344214
ck_5c2d43ff841632f9,0.0035206622
ck_6e4b99fb9725d9fa,0.008562612
ck_e0983999ca26c19e,0.050836228
ck_6573c4947cc8607e,0.013442349
ck_d879d645d6e44207,0.009485493
ck_1375ad9f10688e4a,0.012489929
ck_7501ebbf4e21f160,0.010242611
ck_ca60d61cd4dc3bea,0.011376303
ck_ab9ea095a5c58b4b,0.008354087
ck_23756522b58df5d8,0.0072934125
ck_90bc176c43d85fd5,0.22333549
ck_908b663b2dda94ad,0.2546574
ck_4df2fb8e4b649e27,0.03151778
ck_5615c6bbdef05291,0.09622164
ck_b62f3e3185251f71,0.006498283
ck_38d1a22850178f33,0.0091537405
ck_5b3ba20c8bb1383b,0.0028124228
ck_5576ffc6aaf6f22c,0.0036890744
ck_cf7a022178165e56,0.0075794435
ck_f2c7a4c50e2ede96,0.006319055
ck_285719c77eadf915,0.0065909456
ck_f2aa1b677619ab19,0.0040738583
ck_3830c58d841e9e69,0.7978229
ck_32eba3510c8eac5e,0.010101061
ck_8955d7b9030d5eb5,0.0050328122
ck_6775e387dace7525,0.016803173
ck_0a0cd7f4be606a93,0.017811395
ck_a9f700eee5d638df,0.018139016
ck_3d7db96995745472,0.013497673
ck_aeed557007d52e9c,0.0025992536
ck_79b6a86830156b5a,0.036051225
ck_6a1ff9d69466181c,0.9833053
ck_f11b1565f986f5e3,0.0062629217
ck_4819327a78615485,0.012476098
ck_3ed9e081959b2f5c,0.013657535
ck_16af4be191c47d3d,0.006091069
ck_25122cc0e8b1a662,0.048332594
ck_509c22828d467ba3,0.018634507
ck_31109c899336348d,0.009809775
ck_c51131e53baa59c7,0.013640517
ck_cf8ecabbc61d3e11,0.03448563
ck_eb6baff0f85ba936,0.015587365
ck_777669e2243204f2,0.7649039
ck_ac0ea27e692acdc9,0.011113882
ck_4c6ea04ce8ca9e2c,0.024549177
ck_ca54b32fca7e94cd,0.011151446
ck_4dfd8947f540eb24,0.006082453
ck_95aff1fe27fb24bb,0.0046394495
ck_c7550723b90e5615,0.003626076
ck_57b3fee69bdf85e8,0.01480491
ck_f823407ace7ff064,0.024465602
ck_a69084a068bcc8aa,0.027431143
ck_c7b17f7b24bef5d7,0.017082116
ck_7c4e588f927c27c8,0.014490744
ck_77fdac602d0c6f95,0.044184007
ck_e963d8525018d072,0.008429813
ck_6e8ebaea8f7bffaf,0.0042838533
ck_aa42976a31cb7770,0.008473196
ck_22c862a496008c96,0.98685396
ck_527550dd15f38782,0.025189962
ck_b3ab3c210e2c7c19,0.019249368
ck_ed9c56fdb9f45ddc,0.13339305
ck_b53281da70defcfa,0.004275439
ck_03009b721568ee98,0.023739759
ck_3d9afd862b3f4053,0.43551013
ck_ad3c4be96599554a,0.009207678
ck_d1c787c27d50af49,0.014183269
ck_c7a9c7b2eef46a99,0.034328066
ck_53036d3c6c74446c,0.38614413
ck_1b1efbd9c0964c8d,0.014348011
ck_d66f42a269d5c1ed,0.0162438
ck_fefc49a2b8ad993e,0.007864479
ck_8b3b874249adece9,0.011503414
ck_193d9c87ad3f1dad,0.0024573375
ck_0c6a50d747593b7b,0.0041824128
ck_c830f3830875b47a,0.018832028
ck_79e202f06d8dfe42,0.020900594
ck_5c0fe988b8aa7fcb,0.05469637
ck_a8382d8345f21e1e,0.0025000325
ck_8cb20053914692d0,0.011999208
ck_1da2f69023ca4c13,0.011340635
ck_38abb60995114f8f,0.019201709
ck_f5791fd8fd8fd191,0.010430911
ck_a4e6fc391b674335,0.27265823
ck_bd771efb4a7e15d0,0.003662351
ck_38ba4a6b6a292054,0.16090573
ck_f7a07283345a0dce,0.08970913
ck_87dc484baaf5a23a,0.0027051368
ck_c84ef83489badbfd,0.01479467
ck_a397cd64ec5d644b,0.04710488
ck_7977135c2ff61e92,0.0075171352
ck_52174855b243a8b0,0.03893128
ck_0f35e930d0614613,0.9239451
ck_b170a7db522a0d6f,0.018395675
ck_7af748a23775bd54,0.029721465
ck_52f641c9ee6fda70,0.01245007
ck_c3719a30414bbb4d,0.009576887
ck_2baf214ad6bc0dbf,0.01493787
ck_8b39d8aacfdd72b4,0.1228373
ck_d39b0152116203be,0.0065630986
ck_ed33f8a937f9c7c8,0.0090582725
ck_8ef97b55a5fd6ec9,0.016379962
ck_8247f008a14bd1a2,0.020565817
ck_f0d349d68249d5db,0.008146811
ck_a544e766540861fc,0.006704222
ck_9dfaca4c7c80b10d,0.0344406
ck_7e5401c362b2216a,0.0072595263
ck_64ff60c073fdb6db,0.011049591
ck_fc5ea49518e5d637,0.009101244
ck_580f136ced341298,0.007169622
ck_9cbef9bc95449dca,0.050937295
ck_e475a3b8ba870a7e,0.0053623016
ck_97e94708bcf43563,0.0048634834
ck_13f03ec785cbdae1,0.016521815
ck_152820d8817f478c,0.0046911663
ck_d20d4ba60eec9945,0.010014918
ck_5c45968a805132e0,0.022635482
ck_bebea2cf3063fb24,0.014602985
ck_c3c69aefe7ea1d2f,0.011589887
ck_02028b72f26fe855,0.007953325
ck_dfadff70a58a9133,0.007458935
ck_6482ed4491bedcaf,0.0041945605
ck_754cd7b4a5ae3f94,0.014013777
ck_3132857aec8485bc,0.009156125
ck_7ce4ca91b8f9f1c1,0.032443233
ck_41938582f4351772,0.07365497
ck_f87d66946252476c,0.1973711
ck_8053f1879a9b4e43,0.018057775
ck_93892e91387f5103,0.049634483
ck_15254db133b28371,0.011560165
ck_d557b9feb241b3ec,0.004656303
ck_71c3a8e4c12c989f,0.004263857
ck_80e3041811033443,0.019411078
ck_3380d60067b4634b,0.009429794
ck_a9c2cdc758df8510,0.03603908
ck_3c0031d7514da17b,0.012275699
ck_18d214b1418be39d,0.0068883556
ck_7ce768407fd48321,0.011773992
ck_7a50abd42298133b,0.007841119
ck_2db10f987d137582,0.011029922
ck_e077d004cd1d80ae,0.0063774763
ck_1cb6dc67f9a321b5,0.019798739
ck_b864f64101149c35,0.15211545
ck_9bedf54df9418e4a,0.0039002541
ck_c47e32c47f0e6578,0.102048464
ck_71f382d5e338daa3,0.007526194
ck_14b4bf7be6ac2b61,0.016833996
ck_5c87eea1cc07cc92,0.0545946
ck_5f445182829ef342,0.025799211
ck_a5d7311291caaa54,0.013834883
ck_b7df99aecef385e6,0.014200107
ck_3327a0582407068b,0.02084982
ck_08dba09fd7dab896,0.009464581
ck_f4ec334be5266378,0.011022908
ck_240f7f894c5a86e7,0.0139826005
ck_a9d994554fc14a02,0.003543793
ck_13648cbd306eee6d,0.015154942
ck_601edf9105b3c321,0.97590226
ck_9527adac182abe57,0.22370999
ck_4e0e80f5cc271bf7,0.005201405
ck_96a89e720176b389,0.027723959
ck_63560eec94b76d2f,0.005119856
ck_c9c99e5b19aeced8,0.0051471014
ck_bc32655ee5ed643e,0.0090718465
ck_edccb5a93b741744,0.0056892345
ck_f786cbc987b70930,0.006615136
ck_0e8f26536ccc8947,0.00953919
ck_b87ef4b98cfcec4c,0.016270628
ck_1a9235812de4b2c1,0.016442206
ck_d1ed88ea4211ba4d,0.015362435
ck_a4ddac49657a4450,0.005926668
ck_d9ffca35188e49d8,0.013158154
ck_3db73bbe03c3d240,0.0061187204
ck_fffa0622344a36ab,0.0072407764
ck_148c28df51bba5e9,0.868167
ck_076cbc25c8f15fc3,0.9578696
ck_e5ca550b39ed45bf,0.29509458
ck_8dacf3a2061ca17d,0.01655584
ck_2d7394afd61643d0,0.01486205
ck_e42206e91f6a1752,0.002799887
ck_2f4f94827984c426,0.0031045661
ck_edfe8e90e8f4366e,0.002788852
ck_646b15f753e5e9c6,0.020387383
ck_66600620149c8799,0.0115057845
ck_4ff6fc70bccfba96,0.023371713
ck_41af3729590c2484,0.005200894
ck_920a48ba8c583e96,0.0040300176
ck_0253b3e7be021306,0.009248362
ck_2ae6949246ea2648,0.009704113
ck_db23a5100f338d72,0.02973438
ck_fcb2a559474c3493,0.004763123
ck_0a4d7acd2a53cbbd,0.019157479
ck_c5d62b2b7a6f3bac,0.8202362
ck_cf59f4fc0ea690b2,0.01147917
ck_837be8126bb19250,0.0051466813
ck_58955542edee1adc,0.046397086
ck_1b93381d8eea58d1,0.014574426
ck_97b8e05d62abdc14,0.0074520786
ck_71a0d645744302a3,0.10614316
ck_a7b57882ab66b111,0.0103189545
ck_65f76421be648549,0.0063810972
ck_b53ea8713d32ca7c,0.011258066
ck_991c4c924a1d85ff,0.7250833
ck_8432ccec1a4ec7fd,0.975086
ck_64c1633297f43788,0.008384187
ck_4291fd9c1161d8e1,0.011623819
ck_5e98ed6391d9f429,0.045822043
ck_c7baebe4549fdbb4,0.025055043
ck_6e67225ba59fa5ae,0.037928853
ck_719602def4d35fe0,0.013819609
ck_bdee7c86f5ebe81f,0.015446626
ck_8de38f8c7f91961f,0.018034749
ck_b0b5bf9254700402,0.11354514
ck_7b55d9bb1a250d4f,0.022161711
ck_3954b7b0fd1d6614,0.007467451
ck_f29471fe7c818d6a,0.024169562
ck_9e65a8a2f587691a,0.009241011
ck_eaec5f1a83b66eb0,0.023031846
ck_004fe0daecbe2c1a,0.026373653
ck_d17653a4a2d4a79e,0.03179835
ck_0dd417fcbf19e424,0.009124012
ck_4c99a6eadea143e2,0.13560966
ck_74d602c907ee9119,0.017453847
ck_1aa87cb62acc0ac6,0.032253567
ck_094974d75e29fb2f,0.05325042
ck_5ef935ac3d4d3332,0.00917507
ck_b26e4ae47c9107ed,0.036530267
ck_396cea6f95186ad2,0.010954963
ck_48446a9e8184c7d4,0.0060095573
ck_31e1ede23247d56b,0.04982127
ck_7afefa349b960a3e,0.012052496
ck_f5e02a3432571b20,0.034443986
ck_64eefec062592c43,0.00821144
ck_a1201284122c141f,0.010028173
ck_1b34c420a4c85a95,0.016352795
ck_d637a011332ba67a,0.0028305128
ck_99c0004d8b7079f8,0.008165307
ck_948517bad569b40f,0.053710863
ck_a28d6b1601b472a6,0.042100247
ck_a0b4209feb31f5c0,0.98699087
ck_d6d2c1f6dfc455b6,0.036807746
ck_3f9e6d356d3dd3cf,0.0089917965
ck_d08e00c842b75176,0.010231711
ck_bfdd232a7c5f2660,0.03337195
ck_2cdad03ed069438c,0.007903784
ck_42317c3eabd0a285,0.07080147
ck_3eb73e56751c704d,0.005881439
ck_ef33c04f4c9e3758,0.010927103
ck_1dc23dc870f1773d,0.01839437
ck_76091f357974a152,0.0061655757
ck_4d9eb75e8eee90fd,0.022665624
ck_578f67e69e5d2cfd,0.009512457
ck_3a8ce1cc724229b8,0.0043710186
ck_a96887f841e80fc1,0.009697279
ck_d2d4a8f4a9f2c33f,0.045001358
ck_11f85bc705dbe036,0.012357208
ck_7429b3f87528e335,0.0033376636
ck_26df74feac7ec51d,0.019877486
ck_c78b2638fadd91ab,0.016726311
ck_7eaad325abe3b50c,0.01141702
ck_fd44e34af620e606,0.016447328
ck_f99738dff854e25f,0.0058477423
ck_1ffbce3a239bb264,0.06452185
ck_96c7d52ba0a766ef,0.018512363
ck_cb1c00c300af3f9e,0.03216706
ck_ec3d12848ced99f2,0.0086538475
ck_26cfd7c3c6c7bf69,0.0060690427
ck_7ae86b5a885affc3,0.016181618
ck_3edaa94d28cd48ea,0.016976953
ck_3209c530c9812e39,0.02183762
ck_ea62ebfc1f04b49a,0.002940438
ck_5fc90b4668ea81bf,0.010606077
ck_95654593cdebd141,0.009126737
ck_958c0bd61820147f,0.03139625
ck_8440ef1386c07194,0.004161965
ck_8cd1b68dd74b1375,0.08355017
ck_c9eb4df91ff07f2c,0.005994023
ck_c29489366c01fe65,0.8944518
ck_c965fd6bec0f0ecd,0.03224554
ck_84c402b23766e1f2,0.010318019
ck_181f3dae03b87136,0.012638086
ck_022a8ae79eb28cf6,0.89516133
ck_469c17407d17b706,0.0305751
ck_1fcc5843f39148a9,0.007669666
ck_5debd55f361b2ddf,0.019295143
ck_28cb9b03e89263f1,0.015609682
ck_f067470743d3c7a2,0.02608576
ck_d5d225ce41a1a762,0.0112179415
ck_15b4840922195ffd,0.0671817
ck_6bcfa37c717f19f1,0.011085968
ck_8d501a0386c66be8,0.09064717
ck_1a9d6190c57ea7e2,0.42020315
ck_c49832eabdac5bb7,0.002431513
ck_b4331140b2e0d4aa,0.059328113
ck_5efbea1befdefe1b,0.0547575
ck_72ff52c4824072ce,0.012411832
ck_ec3715add8bbb6e9,0.03688082
ck_9822f8ed05335741,0.0315631
ck_c3d7d3d12a1981a3,0.011253222
ck_a115a7919ac5875a,0.023579344
ck_4dd4ed23e0b927b7,0.27181384
ck_4c76efcc1ee6762d,0.019248242
ck_3ad6e7bf452c9b21,0.012035073
ck_dcbab304b55a42c7,0.0060327216
ck_24b53090faf722cf,0.0054205745
ck_187317383400491d,0.022161348
ck_e07fd57565c94c28,0.014511774
ck_740e760fdcd27835,0.012866951
ck_d3796aebda1cfed5,0.72945094
ck_e541967c681cb929,0.028543001
ck_431118050b834dcb,0.004083667
ck_90f3655f0c8a0074,0.016895838
ck_13cd943777651aac,0.01503402
ck_66accecabf3901c0,0.019923093
ck_937f0da2306b2eb9,0.021174448
ck_105b0c93573fd5b7,0.16181956
ck_00480407160e0743,0.009411878
ck_e032068be7b77d15,0.009024658
ck_991b7dfd69098320,0.00535258
ck_37d47cf0f34574a2,0.0064954385
ck_011551a596544f5d,0.009728292
ck_9acd98f4fe2d474e,0.088607535
ck_7c88d3d377bb61bb,0.020547058
ck_e2374c7136c964fd,0.014581284
ck_2fa8f2577116e9ca,0.049967125
ck_d07c5b0321c685ea,0.2866703
ck_bc736114a31088a7,0.028056864
ck_32bb42f9bff197f8,0.0038045195
ck_66267bbad1f1415f,0.9547815
ck_19988702ccd79201,0.005603446
ck_f473a03fbcdbc4b0,0.07043046
ck_e3f1d85fa5d49396,0.0069401828
ck_c4402ea6291df271,0.01264418
ck_243bd5ca8c4ae5d0,0.0052684085
ck_f271e855925e8d6b,0.065265924
ck_e424148c6f2223df,0.027948957
ck_e4d0a9e1102a58b5,0.006183887
ck_91c2a5fe69b9b1d1,0.07676817
ck_5fd8924732fe403e,0.08522227
ck_9a881d5433126ada,0.019887762
ck_73cab88b29c7845d,0.03422772
ck_5b5dea6476d4e182,0.017618075
ck_ccccb17d2ca6ce94,0.08966022
ck_cd1dc68e441222b1,0.32521713
ck_8312c49b1431a406,0.012455247
ck_25fea39897f2a559,0.00744758
ck_f56200205280bddf,0.019993443
ck_7336611650dcc088,0.008025694
ck_590716322ff147ae,0.019672092
ck_c82364d87875a1a1,0.026397599
ck_fa4b60387d744fc5,0.0059001064
ck_d841eba8906e9a15,0.0052177045
ck_d6df562a79b9d0d9,0.005735427
ck_59a14d2564193101,0.010312684
ck_8530158e3d7f59e7,0.0061026183
ck_ac68d707006c12a8,0.038748816
ck_976fac1bb3dd8c58,0.015186738
ck_f854fba8f4adae3d,0.06978695
ck_b98e9c3ec6e7d1e7,0.013935849
ck_803c0b4cf9d4bc1d,0.010123547
ck_76997a33c3ea5107,0.0027562275
ck_f1a9d832b700bda1,0.9522026
ck_2bd96ddb8c323d63,0.9667762
ck_9e5b7acf51b1b743,0.010114497
ck_09169f22194fd6aa,0.019286044
ck_6d69e092f9b0848b,0.019117601
ck_9f83fa5a2d3b9049,0.010935491
ck_57bbb19eecb4b87c,0.008431331
ck_e0e9cfabb979f428,0.005102991
ck_b1ff9edc51d42f97,0.004556304
ck_4682fad271d47eb0,0.8159198
ck_ab33fb754c818ae3,0.030783951
ck_b456f62b80e21557,0.006403217
ck_16340be3f2a7fffd,0.005498625
ck_ce66831f6611014c,0.005213991
ck_4610a073bb54d1b1,0.009255412
ck_fd038a7d33a9d6e5,0.01002895
ck_c8198cb4c461304f,0.018189127
ck_1e7de58822000dea,0.017204648
ck_b2a79dd3df560f14,0.008467025
ck_74a06f347b32347f,0.00825014
ck_c6fdb2972417c9bd,0.0064627156
ck_d7607a213b800bfb,0.03123601
ck_df65967b8b40319c,0.005858908
ck_329a73dbd585ee09,0.062268026
ck_74991a9e85c3b07d,0.008882837
ck_bb76609b79e0bc9f,0.05225202
ck_f7fc1bd0b9ab1fa4,0.012197327
ck_d111c98b36bdb791,0.0038738835
ck_f07e27d125497b66,0.0037109694
ck_093e3a7134e11d6b,0.008188347
ck_862c7953bdea48b0,0.005358318
ck_392cf2cdd515c34d,0.005162233
ck_80eb91b0b4001084,0.01373079
ck_5923f53b77193a58,0.07398468
ck_8049f5fce32be185,0.5267279
ck_ebc5a2c6cf88e252,0.01968708
ck_9ea5872f14cce338,0.006382839
ck_f7fbc95ebf584379,0.0070062038
ck_bafe82c870356706,0.96434003
ck_278b36c5932d9bff,0.0099013215
ck_6a892dd5d05c1649,0.038121566
ck_0734fd90b2cabd43,0.02436294
ck_9b552204498b6762,0.008403102
ck_f6c909c205767956,0.03978323
ck_32f590e87bc3d715,0.0027301384
ck_66a8325f28be7562,0.013088494
ck_b129261da9c3c3c9,0.006913767
ck_a524071c51ddde20,0.0076397085
ck_ba576d6d4cb6130b,0.14272112
ck_8d8226520722af78,0.0114644775
ck_c5b0f0d4f1655a20,0.035489988
ck_61814ae9b6d8eab1,0.028348532
ck_382ebf136f7fa337,0.22597477
ck_423ff4ede6a9f066,0.047923084
ck_546ad962d04b7de4,0.95276535
ck_9473ea4a01c95f9a,0.043073118
ck_9eb1da8cd35a50ce,0.009780744
ck_de5eaa2cdbcb67ff,0.056350134
ck_537cc97d0398c922,0.051569898
ck_998475a2e4dfad4e,0.05487392
ck_e62eb708d2688fae,0.019804861
ck_ea623358f704daa7,0.098871045
ck_b911a09f328dfd4b,0.018320614
ck_4b3506b624e5193c,0.026416246
ck_448456f96788713b,0.009122718
ck_5d5ef9e75f65d076,0.024112806
ck_3b74512f774a6e5a,0.017149579
ck_a032e8ac1507c6df,0.5879691
ck_7e2d6b22a0ae20c2,0.01609437
ck_d80283209c963f11,0.0064590173
ck_d1157eade2ac3975,0.014375403
ck_be48f583f79427f7,0.058213357
ck_0027b5d4107d65d8,0.01840251
ck_94fff69584dd3b2a,0.013384787
ck_75fcda73f0b43557,0.006533097
ck_a1c78972e4ee4082,0.025208691
ck_f0982bbdbd122f91,0.005584568
ck_3199b471575aeb3a,0.0033358224
ck_7fa947a0b1c1cf74,0.023634886
ck_a60c618b7f0e4252,0.010139449
ck_722ac47c8ac9b6c3,0.26201352
ck_d44dc3839a195c8a,0.05637683
ck_a2c3e82fab520483,0.006921636
ck_6f8ae0319c07cafe,0.0071392255
ck_49886ff1e2c759d6,0.021693032
ck_150a1108f936e6b0,0.00639332
ck_e21f9f96f597695b,0.0064488817
ck_7297bff2b7fdcbc8,0.0044261105
ck_ee949c71f4f702eb,0.85427135
ck_6fc37dea4b4f35c6,0.034842197
ck_e76257caa98dc25d,0.98328745
ck_828eef2334e17b3a,0.019413084
ck_604e1b8a8c693aa7,0.013838989
ck_7743c9fe037d1f9e,0.05368393
ck_864a11202e19e812,0.062117133
ck_4ec040b9e3785e4a,0.011484096
ck_7346e4f820d9c00a,0.6830235
ck_48d4d63beb26b623,0.010329566
ck_c423aa6de3ed1e01,0.0036798792
ck_d74b2ead8aaa3f73,0.014326334
ck_1dd69a11daa7bf1a,0.008017013
ck_d9143e236eef177f,0.018493209
ck_f790d91e5ff0eccd,0.025572563
ck_69b5620e00ef5dec,0.0060638813
ck_cd32e58e8a1c0e85,0.0072000944
ck_064013b0957d87a5,0.976842
ck_a481385c2e60dc4a,0.02681682
ck_d72035cb29db3aa4,0.009953894
ck_3759939a0205306d,0.0069939457
ck_f437a53fc832ec95,0.045439474
ck_260ef2f3e6434819,0.019857893
ck_35e411b05d22f663,0.0077908286
ck_8bf46e472f3e20de,0.06897775
ck_d546994fc5d3e9d1,0.009627535
ck_6ff0fc7487e737e7,0.19882593
ck_5c67f27816ae0b6f,0.017689921
ck_c5517923458106ae,0.0055957353
ck_d9735647a6b0b0a7,0.51596487
ck_541a734fc457246f,0.023312312
ck_2f6a639468f41043,0.007735143
ck_bea2cf7a6b7bb900,0.0040188045
ck_7eebd0e6ad6c070e,0.004765619
ck_b64c87d5e3b10e6a,0.4104623
ck_9dd7daacb7833233,0.008349617
ck_396e9ea9a6c6d7d9,0.06327895
ck_1645e6cc53fa99ff,0.011369933
ck_ea2a83ccb8d57490,0.0149968825
ck_e64f0df63e1be595,0.022284284
ck_fa0b234481cb57d3,0.015480019
ck_63379e3c9fe6f711,0.013047762
ck_c67f7944896a0310,0.048433773
ck_c10e54c9db29e6ef,0.9786509
ck_7184ad7709ae4c80,0.018093092
ck_f8b6069d7577fde6,0.019553116
ck_18444be153bac1ca,0.4249791
ck_d0982b4e0e118e4d,0.10976456
ck_6faf3e6820398866,0.031982064
ck_97e980463aca4644,0.018276552
ck_630c835243c66b19,0.9497326
ck_fe429ba3e1aa0e4f,0.014752984
ck_1058129ed7b48c59,0.0064827944
ck_04a1a46f07885296,0.01052263
ck_f01e94331067edf6,0.0061367895
ck_77b2fb17c29f5e72,0.021633986
ck_4f0c5857da45fb28,0.015944295
ck_2cfb9a7775e8a5bc,0.8909252
ck_6846100e43659bf3,0.011529155
ck_f89719a854fe11d7,0.013882286
ck_bf47375e41ca3bc0,0.010278192
ck_2770b0400a7bef08,0.030219067
ck_2a09d142de1c77ff,0.013967329
ck_857a1f5547b9ad68,0.010525609
ck_185f15b1523bbcf4,0.024602106
ck_ab2aed614ec1cdf8,0.0141112385
ck_a9e7f3b2d5dfd97b,0.0072764982
ck_0eeb3d9b3e697edb,0.025841886
ck_fa5830d81bc8ddc1,0.029913139
ck_231ae0329ebc3220,0.041118264
ck_1587763dd54688c9,0.043748524
ck_9f85fea4490c00cf,0.011967203
ck_a2d709e7eb91e4af,0.054176614
ck_43637d28c7216453,0.010377291
ck_f3ab5dd853d38252,0.025346031
ck_4a1f0172d3bf4fd3,0.012580512
ck_517620ca16505af0,0.009270014
ck_9ae904fbef56065c,0.0075706863
ck_d5ef1f6e34bb35b8,0.031404853
ck_ff42557857ae3aeb,0.004505708
ck_ad9a18f58589faa7,0.03426973
ck_df1a6edaa3e6b271,0.006371907
ck_99021fe7225b5a68,0.016658064
ck_99e52c3c2530b69e,0.98401326
ck_3a4811dc4a1a891d,0.034431886
ck_ba3a6be026c87079,0.004768103
ck_da6d1e5cf6aba6fd,0.005508668
ck_ddc7c1f3d45fe6e6,0.009140209
ck_e1b1e7a7e4a15b3e,0.042971317
ck_8288f7f226e08b89,0.005129819
ck_c4524993ec31dbe5,0.019475166
ck_8b19bb5b23b6741c,0.012471276
ck_d21b38231a8a9f4a,0.06960626
ck_3f730318a9792292,0.025905488
ck_a4db6e94a8f77f9d,0.063117325
ck_a8cac8d480306839,0.004984509
ck_5472214011fbc2a7,0.0028731835
ck_7356f47dbbbe7904,0.016232999
ck_16801e628e883d78,0.014560914
ck_0dc1e536231c4860,0.0141193075
ck_7cd0634a6e60af83,0.011234117
ck_ef6f8e048ae1bd4b,0.012336687
ck_82f3f744209888ac,0.029164497
ck_f33188c232a03526,0.1684501
ck_4a59f4e10bf45d7f,0.0107385665
ck_d96c893721385e4e,0.0046783863
ck_f65ab819373edb37,0.037457947
ck_21cac21fc10b7768,0.0044476893
ck_139b54e6ccbdd7da,0.031816423
ck_d6f5c8741697abb3,0.017289568
ck_a28d9bb5590d458f,0.050766382
ck_ed26d906883bea0a,0.017656691
ck_227602ad072b838b,0.0043300814
ck_39d5f6c17c745ab1,0.011030282
ck_744eade757ba69b5,0.014463247
ck_c1295d97cdf35ec2,0.006556601
ck_69105f881da3c821,0.006530062
ck_933789b55361d7c1,0.8121717
ck_b667952253503174,0.021521201
ck_7bf668e25abeeb05,0.0045280964
ck_91742711dfdffd56,0.015836641
ck_af32a0660090dd68,0.016666993
ck_2122f201e65f76ee,0.0048852013
ck_f48acb73a5d6af07,0.02059693
ck_337c5684510cf432,0.04525884
ck_f7bde7265053364d,0.010460416
ck_c190c7b924edba75,0.029471347
ck_044fa3b3a003f0b5,0.017261138
ck_87eb43e3b9d96169,0.11429639
ck_2d3d6c9364362017,0.0043138745
ck_ac55dc6cbcdf8228,0.006321223
ck_61d7b0568ec5d6cf,0.038358796
ck_89c74feeaffa7d09,0.017766356
ck_93776b0c113f41f0,0.060708303
ck_15e0b679931f7a8d,0.006016266
ck_77b56c49cfdb1d81,0.025564382
ck_73188a826b5f499f,0.003850342
ck_4f463ef25325ddfa,0.38317648
ck_863db2e394dc47d1,0.8788887
ck_d52432ed597f3cc9,0.011113174
ck_04fb61e5739642f8,0.11039656
ck_2e481d75d110c06d,0.028565824
ck_3fa1a523d77cd619,0.008504139
ck_466dc6274fecd708,0.008602378
ck_e1790b3aa2241b10,0.62136376
ck_84ad096a46e1a960,0.020351058
ck_3be72c9c178fa00d,0.0122531
ck_5a17c89219d1d9fe,0.02344484
ck_4f639f4ee6ce8d9e,0.21032573
ck_f4ec4a935e51b4db,0.0050349715
ck_f04040a830f92bac,0.02061192
ck_3e4d02a04be2aaf8,0.023460116
ck_4d1baef193cfb900,0.009484217
ck_0fb3153d37626b75,0.0031854545
ck_88ec57a11b11f702,0.27857798
ck_dca9dc465f759db4,0.0069712223
ck_64f5fba6af67e024,0.016772108
ck_896096cb167254ef,0.069655344
ck_7878679065876b98,0.0142845735
ck_fe8e5a6c880ceb4e,0.010166174
ck_a5e036327d3d1862,0.002864119
ck_310f73940fc4cf4f,0.026924532
ck_46a8db16ad00b749,0.060278527
ck_0d33977c3de8cfaf,0.97843504
ck_c6fff412f531db0f,0.0040534697
ck_bac6dadf428eaea9,0.0072993254
ck_1b96d9af0d7da2d5,0.004686718
ck_fa8a4a9e77799fcc,0.009334581
ck_0bf48607a874b4d1,0.0075119426
ck_eeb75f8a6439f65e,0.026257636
ck_a209a5f7d172125e,0.01273359
ck_8f346b72fb40bf14,0.008590073
ck_bccbf9fef367f00f,0.010645779
ck_2d1548f1ee405cc9,0.22253825
ck_e8298ff2dc1e9d50,0.0071784244
ck_77c0fb524edb4a94,0.014598127
ck_28ac4c5134cb8e77,0.012771345
ck_db23a0e3e54be60c,0.06497925
ck_a059d00cee5cee99,0.01363944
ck_3e9e3bba8bd363af,0.01243028
ck_0428728df24cdab4,0.00495399
ck_88cd35378075c84f,0.008056319
ck_0174d76398d9dc0f,0.3704208
ck_3f1287e6c27de0dc,0.00575029
ck_ff822700f3605e06,0.9864709
ck_4563227b2038ae07,0.11317836
ck_788e78065526ee19,0.014331923
ck_8a16eb584093b12f,0.007013781
ck_cc276f71ab6c08fd,0.060240567
ck_d61d97b21002f3e9,0.009973089
ck_4b2e87d86a5e415c,0.02285012
ck_3e6f35e4500d2f2a,0.007103121
ck_3acdb083e0d8ad61,0.0091607375
ck_cd655202db489010,0.008912803
ck_829cbf5ccda481ae,0.0060030576
ck_f5882e6f98b8b4cd,0.0059578456
ck_767947540b234add,0.0033968012
ck_a6e8e8f535b1f1d1,0.030346747
ck_58412a2674fea506,0.016655525
ck_fae7e518a585fa61,0.010853617
ck_9c60ae6958d68dbd,0.08654615
ck_328696b8f5e54ec6,0.032607503
ck_7df3f8f4f1068d62,0.018267822
ck_cfadd21458230ef7,0.005378557
ck_7048bedd554c703b,0.007826097
ck_50422466f145bfd7,0.006650742
ck_61e1f7168cd9ff25,0.009150217
ck_733aff0f56f5b3c9,0.009312647
ck_e14892e424180549,0.04079859
ck_03f6664a96de7d0f,0.010874047
ck_b7f4baa2cc82fe61,0.008285073
ck_1e51199a075ca0fa,0.005522056
ck_0e70516fa07cfb17,0.89416546
ck_0f37c554a5057801,0.04379997
ck_5576b725de38d106,0.0076001887
ck_82f360df1e9f4eb8,0.028250398
ck_395f3bd4aacd7ca6,0.0051241517
ck_5e8e857b63966609,0.086030595
ck_93470896f0804b6b,0.82991177
ck_3be854e42e76569a,0.04901664
ck_0567302c57a2417e,0.031810377
ck_ee535461b5f05539,0.30233318
ck_94a096c36162a153,0.008550994
ck_dfc8f5c141fd7c63,0.012994509
ck_98b34f2d704c1c2a,0.00851501
ck_96dff7a09d45f116,0.012602008
ck_79557434c129ba52,0.08714471
ck_4596624a7c01d501,0.0050345226
ck_04e89fbd739243fa,0.005072711
ck_6149ffaf18872dc8,0.007366436
ck_cd78f0832a09bd8f,0.014592072
ck_7e29c10d781c3b41,0.006182402
ck_1f7ee7b23fc6f2f4,0.04026622
ck_c49b685d2b3ab89a,0.008770138
ck_84569a8fc50e73ac,0.007239858
ck_b92b11d205af91eb,0.011103427
ck_06280e6d6d2485b0,0.0076176836
ck_3c08546dd0c92863,0.03736095
ck_99d3983f907828bf,0.022060733
ck_eccfd552aa652d3c,0.008889322
ck_0cff8153881875ba,0.024511565
ck_c1aebbeca6ab5ff9,0.012363378
ck_538fdbbb3c2bcbbb,0.059437774
ck_8c0210322733c718,0.011052962
ck_0b0c93039f987abc,0.008465853
ck_6d07d6d1bd227d37,0.06246615
ck_9b6ee35e8cd0b11c,0.008637944
ck_d838491d3d4f5ecf,0.016174195
ck_0593ae243a9ebee9,0.009484857
ck_ef261fc09be8eb0b,0.015104339
ck_d0935b571a4a3868,0.009380459
ck_97d04a67a104af39,0.038585816
ck_e25f70d0b7229420,0.015789287
ck_9b71274ff83de482,0.9617412
ck_6de2aa2bb60978d3,0.04757435
ck_eda55c8fb47593d7,0.0064207767
ck_924e572517515f19,0.22555503
ck_d6f27eacbad310f4,0.0060131643
ck_8550f229b5eb03ab,0.003557764
ck_e3e95546a84d0ed8,0.012788755
ck_3135c019696ee6af,0.8420073
ck_41ba315d8fccb559,0.009391122
ck_72b86e4485da2d0f,0.96858585
ck_daaa995f3c2f0e47,0.009468337
ck_053746067839696b,0.032261696
ck_a15fe7d0f4b65c33,0.30048394
ck_15de11438732bb05,0.0033377698
ck_2c4d25acbe3fabd9,0.009782882
ck_7f08078908599bd2,0.025189273
ck_e794741742fb2619,0.011790198
ck_238e53b6dee8c301,0.017219894
ck_53a6a33060d5c8b8,0.011379897
ck_0e0919292ad33472,0.6165888
ck_d86ccf148c06c8c8,0.008850868
ck_c881f26c9bf9ae42,0.4328128
ck_4b0947bf94e9d847,0.021253759
ck_e10ff5c38bd18470,0.0039116135
ck_b60de9e97aad9e45,0.6139321
ck_190bc849e5ff5401,0.02037306
ck_e7be077aa0b2632c,0.012264665
ck_a51abde881ebeff3,0.013161467
ck_2208392a9f6bd249,0.008661873
ck_0259da8f109017e9,0.015314484
ck_05e01ab9c95449da,0.0063054194
ck_c82897ebffb6ae66,0.004738885
ck_b4a6bb4689cd7cfa,0.025085036
ck_9e21ea33018ce538,0.0043832688
ck_caa348f0e65db062,0.8971398
ck_a964e6b5d8415334,0.45841366
ck_510bfbbee37ff436,0.016144153
ck_9741a82faf5c7889,0.018148059
ck_e7f61b4a39ba98ac,0.005963813
ck_069d158665a53909,0.008061305
ck_6426427efe3228af,0.02599087
ck_ab4a8d02ec3c0fd7,0.005776609
ck_aefa0d8d933e0eca,0.0059136106
ck_232325ef6bce92f1,0.0069739195
ck_14e58c3fb26a2b4d,0.014837524
ck_06e73afdec26aecc,0.042465053
ck_3168f4f2778d64e1,0.008205645
ck_ff3998d6858daa21,0.006747504
ck_bccff46fb0868454,0.28634298
ck_c7d444d90fa86d7c,0.3037429
ck_f0bc3bdee6bfbb94,0.013766771
ck_f7112818a6d81422,0.10944227
ck_aca35dbcb835ad02,0.010948703
ck_f637fabf0f60528f,0.02767202
ck_53d17ab97de1ac3e,0.021027165
ck_c8c1bf16d9113493,0.021086885
ck_e842fb0cf055a83b,0.023706159
ck_93c0cb3dac4891fe,0.008365354
ck_0c1f088e17e46daf,0.03162596
ck_8f4b384955bf57c9,0.007424847
ck_09cd5c4df1e81ac2,0.014944089
ck_1e832a5b2342554f,0.0065635466
ck_2cb763a881aee27f,0.0032914944
ck_5875828b11406398,0.008121266
ck_48e84b0cb0b90fa7,0.017586626
ck_833688de8629c5c0,0.010947376
ck_117d78ccd5820f36,0.0084226215
ck_668ec61c4c39cae3,0.0036811677
ck_73a7794b659d7a34,0.007298665
ck_10f90d879209734f,0.01267422
ck_d1d079913aa158bf,0.02391282
ck_01c631b38e8a9535,0.014425261
ck_f6923088c17a04e2,0.044252343
ck_b447badc9138987d,0.002923714
ck_8b772caed8f1541c,0.008469815
ck_5403c76fe68a08ba,0.34390146
ck_3e6833574edf1736,0.15997046
ck_e527fbb9450a4581,0.25113565
ck_cc90e219f1ebf390,0.0036348328
